u,v,key,osmid,oneway,lanes,highway,maxspeed,length,geometry,bridge,name,tunnel
42423189,7471981752,0,695644410,True,2,motorway_link,30 mph,61.386,"LINESTRING (-73.9329248 40.8033714, -73.9325881 40.8038611)",,,
42423539,4158786460,0,32922468,True,2,motorway_link,30 mph,3.607,"LINESTRING (-74.0039754 40.7124274, -74.00393579999999 40.7124397)",,,
42423610,1272562752,0,46177164,True,2,motorway_link,30 mph,2.825,"LINESTRING (-74.00423790000001 40.7114313, -74.0042102 40.7114456)",yes,,
42423625,1272562837,0,25562077,True,1,motorway_link,30 mph,4.101,"LINESTRING (-74.0032719 40.7117045, -74.0032382 40.7117311)",yes,,
42423628,1272562822,0,414746383,True,1,motorway_link,30 mph,3.646,"LINESTRING (-74.0031034 40.7117899, -74.0030608 40.7117956)",yes,,
42423640,4158665078,0,533472710,True,1,motorway_link,30 mph,175.581,"LINESTRING (-74.0018391 40.7104426, -74.0003853 40.7093117)",yes,,
42423647,4158665072,0,533472710,True,1,motorway_link,30 mph,5.036,"LINESTRING (-74.00031420000001 40.7092444, -74.0002811 40.7092067)",yes,,
42426135,3786728788,0,695644410,True,2,motorway_link,30 mph,38.432,"LINESTRING (-73.9323547 40.8039448, -73.9318992 40.8039688)",,,
42426156,371320656,0,695644410,True,2,motorway_link,30 mph,18.151,"LINESTRING (-73.93139739999999 40.8039952, -73.9311969 40.8040553)",,,
42427782,1210384798,0,104984000,True,,residential,30 mph,102.158,"LINESTRING (-73.93298299999999 40.858113, -73.9334312 40.8572591)",,Bennett Avenue,
42428674,42431037,0,68668560,False,4,secondary,30 mph,120.818,"LINESTRING (-73.9766072 40.7883609, -73.9778627 40.7888872)",,West 86th Street,
42431037,42428674,0,68668560,False,4,secondary,30 mph,120.818,"LINESTRING (-73.9778627 40.7888872, -73.9766072 40.7883609)",,West 86th Street,
42431037,42441564,0,320464097,False,4,secondary,30 mph,241.24,"LINESTRING (-73.9778627 40.7888872, -73.98036930000001 40.7899385)",,West 86th Street,
42441564,42431037,0,320464097,False,4,secondary,30 mph,241.24,"LINESTRING (-73.98036930000001 40.7899385, -73.9778627 40.7888872)",,West 86th Street,
42453792,4158737900,0,5672337,True,2,motorway_link,30 mph,95.35,"LINESTRING (-74.00091980000001 40.7090515, -74.00173030000001 40.7096497)",yes,,
42454313,2348610406,0,104984000,True,,residential,30 mph,2.049,"LINESTRING (-73.9321996 40.8595212, -73.93222040000001 40.8595116)",,Bennett Avenue,
205025963,4158737889,0,5672337,True,2,motorway_link,30 mph,11.929,"LINESTRING (-74.0006783 40.7089011, -74.0007883 40.7089686)",yes,,
205025964,205025963,0,5672337,True,2,motorway_link,30 mph,12.125,"LINESTRING (-74.00056429999999 40.7088346, -74.0006783 40.7089011)",yes,,
274308392,274308393,0,32922453,True,2,motorway_link,30 mph,5.831,"LINESTRING (-74.0045107 40.7124451, -74.00450410000001 40.7124973)",,,
274308393,4143892293,0,32922453,True,2,motorway_link,30 mph,5.775,"LINESTRING (-74.00450410000001 40.7124973, -74.00449260000001 40.7125485)",,,
278608420,4158693307,0,25564137,True,1,motorway_link,30 mph,11.003,"LINESTRING (-74.00003719999999 40.7080905, -74.0000926 40.7081801)",yes,,
278608420,4158693302,0,46224850,True,1,motorway_link,30 mph,9.188,"LINESTRING (-74.00003719999999 40.7080905, -74.00006449999999 40.7081705)",yes,,
278608509,588455737,0,25564137,True,1,motorway_link,30 mph,54.461,"LINESTRING (-74.000479 40.7085984, -74.0009269 40.7089514)",yes,,
278608510,4158693308,0,25564137,True,1,motorway_link,30 mph,8.739,"LINESTRING (-74.00018179999999 40.7083083, -74.0002387 40.708374)",yes,,
278608816,278609071,0,5672337,True,2,motorway_link,30 mph,43.813,"LINESTRING (-73.99930879999999 40.708495, -73.9998162 40.7085805)",yes,,
278609071,4158737895,0,5672337,True,2,motorway_link,30 mph,6.348,"LINESTRING (-73.9998162 40.7085805, -73.9998889 40.7085954)",yes,,
278609072,4158737893,0,5672337,True,2,motorway_link,30 mph,6.266,"LINESTRING (-74.000441 40.7087704, -74.0005029 40.7088016)",yes,,
278636741,4143892292,0,32922453,True,2,motorway_link,30 mph,5.785,"LINESTRING (-74.0044499 40.7122485, -74.0044767 40.7122964)",,,
278637105,4158786434,0,32922468,True,2,motorway_link,30 mph,4.713,"LINESTRING (-74.0041358 40.712046, -74.004158 40.7120849)",,,
278637106,1272562811,0,32922468,True,2,motorway_link,30 mph,5.036,"LINESTRING (-74.0041713 40.712169, -74.00416250000001 40.7122138)",,,
278637107,1272562809,0,32922468,True,2,motorway_link,30 mph,4.412,"LINESTRING (-74.0041507 40.7122572, -74.0041336 40.7122947)",,,
278637756,1272562818,0,414746383,True,1,motorway_link,30 mph,3.929,"LINESTRING (-74.00296400000001 40.7117955, -74.0029186 40.7117875)",yes,,
278638231,1272562854,0,25562077,True,1,motorway_link,30 mph,5.732,"LINESTRING (-74.00327249999999 40.7113616, -74.0032973 40.7114096)",yes,,
278638232,1272562857,0,25562077,True,1,motorway_link,30 mph,3.292,"LINESTRING (-74.00333670000001 40.711559, -74.0033334 40.7115885)",yes,,
278638233,1272562842,0,25562077,True,1,motorway_link,30 mph,3.474,"LINESTRING (-74.0033147 40.7116474, -74.00329809999999 40.711676)",yes,,
278638234,4158753832,0,25564255,True,,motorway_link,30 mph,13.942,"LINESTRING (-74.00274330000001 40.7116882, -74.0026517 40.7115838)",yes,,
278638234,278638235,0,533472710,True,1,motorway_link,30 mph,41.797,"LINESTRING (-74.00274330000001 40.7116882, -74.0025942 40.7113297)",yes,,
278638235,4158753830,0,533472710,True,1,motorway_link,30 mph,6.41,"LINESTRING (-74.0025942 40.7113297, -74.0025698 40.7112751)",yes,,
278638237,4158753828,0,533472710,True,1,motorway_link,30 mph,6.853,"LINESTRING (-74.002472 40.711105, -74.0024361 40.7110497)",yes,,
278638238,4158753822,0,533472710,True,1,motorway_link,30 mph,11.76,"LINESTRING (-74.0021268 40.7106861, -74.00203740000001 40.7106049)",yes,,
278638344,4158764229,0,25564255,True,,motorway_link,30 mph,8.399,"LINESTRING (-74.0023089 40.711063, -74.00226290000001 40.710996)",yes,,
278638345,588455883,0,32922456,True,,motorway_link,30 mph,40.959,"LINESTRING (-74.0019052 40.7106242, -74.00158190000001 40.7103492)",,,
278640085,4143885429,0,165733924,True,,motorway_link,30 mph,5.699,"LINESTRING (-74.00487390000001 40.7120699, -74.0049324 40.7120956)",,,
278640086,4143885431,0,420888150,True,,motorway_link,30 mph,5.706,"LINESTRING (-74.00533179999999 40.7121687, -74.0053995 40.7121685)",,,
278640455,278640456,0,165733924,True,,motorway_link,30 mph,6.472,"LINESTRING (-74.00436329999999 40.7118428, -74.0044379 40.7118566)",,,
278640456,1272562691,0,165733924,True,,motorway_link,30 mph,6.826,"LINESTRING (-74.0044379 40.7118566, -74.0045138 40.711878)",,,
278640797,1369956654,0,5669636,True,2,motorway_link,30 mph,31.197,"LINESTRING (-74.0048252 40.7123472, -74.00457249999999 40.7121422)",,,
278642253,1701871920,0,46177164,True,2,motorway_link,30 mph,3.227,"LINESTRING (-74.004048 40.711478, -74.0040099 40.7114751)",yes,,
278642294,1272562730,0,46177164,True,2,motorway_link,30 mph,2.977,"LINESTRING (-74.0043106 40.7113766, -74.0042892 40.7113979)",yes,,
278642478,278642480,0,5672337,True,2,motorway_link,30 mph,35.14,"LINESTRING (-74.0036798 40.7109282, -74.0040899 40.7109851)",yes,,
278642480,1701871915,0,46177164,True,2,motorway_link,30 mph,4.081,"LINESTRING (-74.0040899 40.7109851, -74.0041373 40.7109926)",yes,,
278642481,1272562718,0,46177164,True,2,motorway_link,30 mph,2.437,"LINESTRING (-74.0043539 40.7111456, -74.00436259999999 40.7111665)",yes,,
278642768,4143875759,0,25564540,True,2,motorway_link,30 mph,5.84,"LINESTRING (-74.0056278 40.7120478, -74.0055614 40.7120628)",,,
278642769,1272562790,0,25564540,True,2,motorway_link,30 mph,5.394,"LINESTRING (-74.00536219999999 40.7120864, -74.0052982 40.7120861)",,,
278642770,4143875751,0,25564540,True,2,motorway_link,30 mph,5.799,"LINESTRING (-74.0052306 40.7120806, -74.0051629 40.7120713)",,,
278642771,4143875731,0,25564540,True,2,motorway_link,30 mph,6.503,"LINESTRING (-74.0050279 40.7120347, -74.0049609 40.7120057)",,,
278642772,1272562780,0,122660458,True,1,motorway_link,30 mph,7.178,"LINESTRING (-74.0046636 40.7118441, -74.0045904 40.7118111)",yes,,
278644847,1272562919,0,32922464,True,,motorway_link,30 mph,5.632,"LINESTRING (-74.002959 40.7107085, -74.00300900000001 40.7107421)",yes,,
278646241,4158737890,0,5672337,True,2,motorway_link,30 mph,6.045,"LINESTRING (-74.0030453 40.7106833, -74.0030962 40.7107216)",yes,,
278646362,42453792,0,46177171,True,1,motorway_link,30 mph,69.881,"LINESTRING (-74.000365 40.7085845, -74.00091980000001 40.7090515)",yes,,
278646363,4158693320,0,46224850,True,1,motorway_link,30 mph,6.634,"LINESTRING (-74.0002282 40.7084486, -74.0002731 40.7084976)",yes,,
278646364,4158693310,0,46224850,True,1,motorway_link,30 mph,6.38,"LINESTRING (-74.00011859999999 40.7082918, -74.0001503 40.7083439)",yes,,
370705004,4143883226,0,5669636,True,2,motorway_link,30 mph,2.974,"LINESTRING (-74.0048445 40.7124759, -74.00485329999999 40.71245)",,,
370759316,4158738304,0,32922464,True,,motorway_link,30 mph,94.334,"LINESTRING (-74.0021361 40.7100568, -74.0029091 40.7106703)",yes,,
370925141,5426969126,0,32939224,True,,residential,30 mph,9.905,"LINESTRING (-73.9654809 40.7519614, -73.9653644 40.7519493)",,General Douglas MacArthur Plaza,
370925143,370925144,0,32939224,True,,residential,30 mph,10.695,"LINESTRING (-73.9651527 40.7519669, -73.9650611 40.7520335)",,General Douglas MacArthur Plaza,
370925144,370925145,0,32939224,True,,residential,30 mph,27.414,"LINESTRING (-73.9650611 40.7520335, -73.9648596 40.7522271)",,General Douglas MacArthur Plaza,
370925145,370925146,0,32939224,True,,residential,30 mph,8.539,"LINESTRING (-73.9648596 40.7522271, -73.964805 40.7522918)",,General Douglas MacArthur Plaza,
370925146,370925147,0,32939224,True,,residential,30 mph,7.227,"LINESTRING (-73.964805 40.7522918, -73.96477539999999 40.7523528)",,General Douglas MacArthur Plaza,
370925147,1733612442,0,32939224,True,,residential,30 mph,5.443,"LINESTRING (-73.96477539999999 40.7523528, -73.9647859 40.7524011)",,General Douglas MacArthur Plaza,
370925148,5426969129,0,32939224,True,,residential,30 mph,5.009,"LINESTRING (-73.9648079 40.7524473, -73.96483600000001 40.752487)",,General Douglas MacArthur Plaza,
371320656,6384020632,0,398412590,True,1,motorway_link,30 mph,7.457,"LINESTRING (-73.9311969 40.8040553, -73.93112720000001 40.8040967)",,,building_passage
486819529,4158740807,0,122660460,True,1,motorway_link,30 mph,75.945,"LINESTRING (-74.0043258 40.7119466, -74.00370650000001 40.7114505)",yes,,
486819531,7561173749,0,432550257,True,3,motorway,30 mph,301.54,"LINESTRING (-74.0034826 40.7112711, -74.0010181 40.7093054)",yes,Brooklyn Bridge,
486819534,4158753820,0,25562077,True,1,motorway_link,30 mph,9.938,"LINESTRING (-74.00310279999999 40.7111561, -74.0031723 40.7112283)",yes,,
486819534,486819535,0,46116316,True,2,motorway,30 mph,69.097,"LINESTRING (-74.00310279999999 40.7111561, -74.0036669 40.711607)",yes,Brooklyn Bridge,
486819535,4158786458,0,5669206,True,2,motorway_link,30 mph,46.982,"LINESTRING (-74.0036669 40.711607, -74.0040278 40.711929)",yes,,
486819535,486819536,0,533472709,True,2,motorway_link,30 mph,63.556,"LINESTRING (-74.0036669 40.711607, -74.0042007 40.7120107)",yes,,
486819536,4158786451,0,32922453,True,2,motorway_link,30 mph,16.662,"LINESTRING (-74.0042007 40.7120107, -74.0043345 40.712121)",,,
486819593,1272562853,0,25562077,True,1,motorway_link,30 mph,4.653,"LINESTRING (-74.00331610000001 40.7114491, -74.0033305 40.7114895)",yes,,
588455737,1772639537,0,46154297,True,1,motorway_link,30 mph,66.487,"LINESTRING (-74.0009269 40.7089514, -74.001475 40.7093814)",,,
588455883,4158764231,0,32922456,True,,motorway_link,30 mph,9.223,"LINESTRING (-74.00158190000001 40.7103492, -74.0015069 40.7102888)",,,
588719108,486819534,0,432550259,True,3,motorway,30 mph,167.708,"LINESTRING (-74.0017251 40.7100679, -74.00310279999999 40.7111561)",yes,Brooklyn Bridge,
1205715024,42427782,0,104984000,True,,residential,30 mph,92.404,"LINESTRING (-73.9325757 40.8588848, -73.93298299999999 40.858113)",,Bennett Avenue,
1253602791,6882309084,0,104984000,True,,residential,30 mph,62.491,"LINESTRING (-73.9322956 40.8594505, -73.93255619999999 40.8589242)",,Bennett Avenue,
1272562687,1272562701,0,46177164,True,2,motorway_link,30 mph,3.006,"LINESTRING (-74.0043649 40.7112862, -74.0043556 40.7113123)",yes,,
1272562691,1272562693,0,165733924,True,,motorway_link,30 mph,5.919,"LINESTRING (-74.0045138 40.711878, -74.004575 40.7119041)",,,
1272562693,1272562815,0,165733924,True,,motorway_link,30 mph,5.658,"LINESTRING (-74.004575 40.7119041, -74.0046296 40.7119337)",,,
1272562701,1272562721,0,46177164,True,2,motorway_link,30 mph,2.532,"LINESTRING (-74.0043556 40.7113123, -74.0043443 40.7113334)",yes,,
1272562702,278638238,0,533472710,True,1,motorway_link,30 mph,12.304,"LINESTRING (-74.0022139 40.7107749, -74.0021268 40.7106861)",yes,,
1272562706,278638345,0,32922456,True,,motorway_link,30 mph,12.539,"LINESTRING (-74.0020025 40.7107095, -74.0019052 40.7106242)",,,
1272562709,1272562714,0,46177164,True,2,motorway_link,30 mph,2.735,"LINESTRING (-74.0043239 40.7111002, -74.00434079999999 40.7111212)",yes,,
1272562711,4158764232,0,25564255,True,,motorway_link,30 mph,8.345,"LINESTRING (-74.0021698 40.7108799, -74.00211419999999 40.7108178)",yes,,
1272562713,1272562740,0,122660461,True,1,motorway_link,30 mph,3.017,"LINESTRING (-74.00356960000001 40.7121027, -74.0035898 40.7120803)",,,
1272562714,278642481,0,46177164,True,2,motorway_link,30 mph,2.929,"LINESTRING (-74.00434079999999 40.7111212, -74.0043539 40.7111456)",yes,,
1272562718,1272562750,0,46177164,True,2,motorway_link,30 mph,2.977,"LINESTRING (-74.00436259999999 40.7111665, -74.0043685 40.7111929)",yes,,
1272562720,1272562711,0,25564255,True,,motorway_link,30 mph,7.556,"LINESTRING (-74.0022182 40.7109371, -74.0021698 40.7108799)",yes,,
1272562721,1272562722,0,46177164,True,2,motorway_link,30 mph,2.787,"LINESTRING (-74.0043443 40.7113334, -74.0043292 40.7113557)",yes,,
1272562722,278642294,0,46177164,True,2,motorway_link,30 mph,2.803,"LINESTRING (-74.0043292 40.7113557, -74.0043106 40.7113766)",yes,,
1272562724,1272562713,0,122660461,True,1,motorway_link,30 mph,3.391,"LINESTRING (-74.0035522 40.7121302, -74.00356960000001 40.7121027)",,,
1272562727,1272562738,0,122660461,True,1,motorway_link,30 mph,3.275,"LINESTRING (-74.00361460000001 40.712391, -74.0035879 40.7123696)",,,
1272562730,1272562731,0,46177164,True,2,motorway_link,30 mph,2.564,"LINESTRING (-74.0042892 40.7113979, -74.0042673 40.7114139)",yes,,
1272562731,42423610,0,46177164,True,2,motorway_link,30 mph,3.144,"LINESTRING (-74.0042673 40.7114139, -74.00423790000001 40.7114313)",yes,,
1272562732,4143876126,0,165733924,True,,motorway_link,30 mph,5.6,"LINESTRING (-74.0037703 40.7119442, -74.0038321 40.7119257)",,,
1272562734,1272562756,0,46177164,True,2,motorway_link,30 mph,2.978,"LINESTRING (-74.0041167 40.7114726, -74.00408179999999 40.7114768)",yes,,
1272562735,1272562878,0,32922453,True,2,motorway_link,30 mph,5.753,"LINESTRING (-74.00449740000001 40.7123455, -74.0045089 40.7123965)",,,
1272562737,1272562727,0,122660461,True,1,motorway_link,30 mph,3.958,"LINESTRING (-74.00365119999999 40.7124133, -74.00361460000001 40.712391)",,,
1272562738,1272562746,0,122660461,True,1,motorway_link,30 mph,3.575,"LINESTRING (-74.0035879 40.7123696, -74.0035637 40.7123432)",,,
1272562740,1272562902,0,122660461,True,1,motorway_link,30 mph,2.803,"LINESTRING (-74.0035898 40.7120803, -74.00361119999999 40.712061)",,,
1272562742,278638232,0,25562077,True,1,motorway_link,30 mph,3.403,"LINESTRING (-74.00333740000001 40.7115284, -74.00333670000001 40.711559)",yes,,
1272562743,1272562734,0,46177164,True,2,motorway_link,30 mph,2.609,"LINESTRING (-74.0041464 40.711466, -74.0041167 40.7114726)",yes,,
1272562746,1272562793,0,122660461,True,1,motorway_link,30 mph,3.573,"LINESTRING (-74.0035637 40.7123432, -74.00354489999999 40.7123144)",,,
1272562750,1272562761,0,46177164,True,2,motorway_link,30 mph,2.54,"LINESTRING (-74.0043685 40.7111929, -74.0043719 40.7112156)",yes,,
1272562751,1272562743,0,46177164,True,2,motorway_link,30 mph,2.913,"LINESTRING (-74.00417899999999 40.7114573, -74.0041464 40.711466)",yes,,
1272562752,1272562751,0,46177164,True,2,motorway_link,30 mph,2.934,"LINESTRING (-74.0042102 40.7114456, -74.00417899999999 40.7114573)",yes,,
1272562753,1272562930,0,32922464,True,,motorway_link,30 mph,5.402,"LINESTRING (-74.0031152 40.7108031, -74.0031695 40.7108289)",yes,,
1272562755,1272562856,0,122660461,True,1,motorway_link,30 mph,3.8,"LINESTRING (-74.00352220000001 40.7122231, -74.00352669999999 40.7121891)",,,
1272562756,278642253,0,46177164,True,2,motorway_link,30 mph,2.852,"LINESTRING (-74.00408179999999 40.7114768, -74.004048 40.711478)",yes,,
1272562761,1272562891,0,46177164,True,2,motorway_link,30 mph,3.058,"LINESTRING (-74.0043719 40.7112156, -74.0043715 40.7112431)",yes,,
1272562763,1272562875,0,32922453,True,2,motorway_link,30 mph,5.695,"LINESTRING (-74.0043794 40.7121618, -74.0044169 40.7122044)",,,
1272562764,4143885425,0,420888150,True,,motorway_link,30 mph,5.952,"LINESTRING (-74.00518460000001 40.7121568, -74.0052544 40.7121649)",,,
1272562766,1272562764,0,165733924,True,,motorway_link,30 mph,5.723,"LINESTRING (-74.0051181 40.7121464, -74.00518460000001 40.7121568)",,,
1272562771,1272562773,0,420888150,True,,motorway_link,30 mph,5.789,"LINESTRING (-74.0054722 40.7121635, -74.00554 40.7121552)",,,
1272562773,4143885421,0,420888150,True,,motorway_link,30 mph,6.53,"LINESTRING (-74.00554 40.7121552, -74.0056161 40.7121442)",,,
1272562777,4143875722,0,25564540,True,2,motorway_link,30 mph,5.397,"LINESTRING (-74.00589600000001 40.7119728, -74.0058368 40.7119913)",,,
1272562780,4143875758,0,122660458,True,1,motorway_link,30 mph,7.305,"LINESTRING (-74.0045904 40.7118111, -74.0045133 40.7117811)",yes,,
1272562781,1272562794,0,122660461,True,1,motorway_link,30 mph,3.403,"LINESTRING (-74.0035329 40.7122861, -74.0035256 40.712256)",,,
1272562783,278642771,0,25564540,True,2,motorway_link,30 mph,6.319,"LINESTRING (-74.0050973 40.7120562, -74.0050279 40.7120347)",,,
1272562790,278642770,0,25564540,True,2,motorway_link,30 mph,5.73,"LINESTRING (-74.0052982 40.7120861, -74.0052306 40.7120806)",,,
1272562791,278642769,0,25564540,True,2,motorway_link,30 mph,5.903,"LINESTRING (-74.0054319 40.7120812, -74.00536219999999 40.7120864)",,,
1272562792,4738828760,0,356140743,True,2,secondary_link,30 mph,32.969,"LINESTRING (-74.00438339999999 40.7127276, -74.00415889999999 40.7129704)",,,
1272562793,1272562781,0,122660461,True,1,motorway_link,30 mph,3.305,"LINESTRING (-74.00354489999999 40.7123144, -74.0035329 40.7122861)",,,
1272562794,1272562755,0,122660461,True,1,motorway_link,30 mph,3.67,"LINESTRING (-74.0035256 40.712256, -74.00352220000001 40.7122231)",,,
1272562796,4158737906,0,5672337,True,2,motorway_link,30 mph,6.133,"LINESTRING (-74.0031513 40.7107572, -74.00321 40.7107898)",yes,,
1272562797,4158753829,0,533472710,True,1,motorway_link,30 mph,7.94,"LINESTRING (-74.00239209999999 40.7109867, -74.00234399999999 40.7109253)",yes,,
1272562800,4158753831,0,25564255,True,,motorway_link,30 mph,6.782,"LINESTRING (-74.0026115 40.7115302, -74.00257310000001 40.7114766)",yes,,
1272562802,1272562791,0,25564540,True,2,motorway_link,30 mph,5.387,"LINESTRING (-74.0054952 40.7120745, -74.0054319 40.7120812)",,,
1272562803,278637106,0,32922468,True,2,motorway_link,30 mph,4.659,"LINESTRING (-74.0041708 40.7121271, -74.0041713 40.712169)",,,
1272562809,4158786446,0,32922468,True,2,motorway_link,30 mph,4.323,"LINESTRING (-74.0041336 40.7122947, -74.0041092 40.7123289)",,,
1272562811,278637107,0,32922468,True,2,motorway_link,30 mph,4.927,"LINESTRING (-74.00416250000001 40.7122138, -74.0041507 40.7122572)",,,
1272562812,1272562893,0,414746383,True,1,motorway_link,30 mph,3.117,"LINESTRING (-74.0028331 40.7117574, -74.0028038 40.7117403)",yes,,
1272562815,278640085,0,165733924,True,,motorway_link,30 mph,25.561,"LINESTRING (-74.0046296 40.7119337, -74.00487390000001 40.7120699)",,,
1272562816,4158786449,0,32922468,True,2,motorway_link,30 mph,4.024,"LINESTRING (-74.0040813 40.7123593, -74.0040485 40.7123856)",,,
1272562818,4158752890,0,414746383,True,1,motorway_link,30 mph,4.162,"LINESTRING (-74.0029186 40.7117875, -74.0028722 40.7117747)",yes,,
1272562822,1272562828,0,414746383,True,1,motorway_link,30 mph,4.134,"LINESTRING (-74.0030608 40.7117956, -74.0030119 40.7117985)",yes,,
1272562828,278637756,0,414746383,True,1,motorway_link,30 mph,4.051,"LINESTRING (-74.0030119 40.7117985, -74.00296400000001 40.7117955)",yes,,
1272562830,42423628,0,25562077,True,1,motorway_link,30 mph,4.391,"LINESTRING (-74.0031524 40.7117765, -74.0031034 40.7117899)",yes,,
1272562833,1272562882,0,122660461,True,1,motorway_link,30 mph,3.096,"LINESTRING (-74.00384680000001 40.7124513, -74.0038101 40.7124501)",,,
1272562836,42423539,0,32922468,True,2,motorway_link,30 mph,3.405,"LINESTRING (-74.004009 40.7124104, -74.0039754 40.7124274)",,,
1272562837,1272562876,0,25562077,True,1,motorway_link,30 mph,4.35,"LINESTRING (-74.0032382 40.7117311, -74.0031984 40.711756)",yes,,
1272562842,42423625,0,25562077,True,1,motorway_link,30 mph,3.863,"LINESTRING (-74.00329809999999 40.711676, -74.0032719 40.7117045)",yes,,
1272562853,1272562742,0,25562077,True,1,motorway_link,30 mph,4.364,"LINESTRING (-74.0033305 40.7114895, -74.00333740000001 40.7115284)",yes,,
1272562854,486819593,0,25562077,True,1,motorway_link,30 mph,4.669,"LINESTRING (-74.0032973 40.7114096, -74.00331610000001 40.7114491)",yes,,
1272562856,1272562879,0,122660461,True,1,motorway_link,30 mph,3.148,"LINESTRING (-74.00352669999999 40.7121891, -74.00353610000001 40.7121617)",,,
1272562857,1272562859,0,25562077,True,1,motorway_link,30 mph,3.356,"LINESTRING (-74.0033334 40.7115885, -74.003325 40.711618)",yes,,
1272562859,278638233,0,25562077,True,1,motorway_link,30 mph,3.382,"LINESTRING (-74.003325 40.711618, -74.0033147 40.7116474)",yes,,
1272562861,1272562792,0,356140743,True,2,secondary_link,30 mph,7.317,"LINESTRING (-74.0044352 40.7126748, -74.00438339999999 40.7127276)",,,
1272562875,278636741,0,32922453,True,2,motorway_link,30 mph,5.638,"LINESTRING (-74.0044169 40.7122044, -74.0044499 40.7122485)",,,
1272562876,1272562830,0,25562077,True,1,motorway_link,30 mph,4.498,"LINESTRING (-74.0031984 40.711756, -74.0031524 40.7117765)",yes,,
1272562878,274308392,0,32922453,True,2,motorway_link,30 mph,5.406,"LINESTRING (-74.0045089 40.7123965, -74.0045107 40.7124451)",,,
1272562879,1272562724,0,122660461,True,1,motorway_link,30 mph,3.756,"LINESTRING (-74.00353610000001 40.7121617, -74.0035522 40.7121302)",,,
1272562881,1272562890,0,122660461,True,1,motorway_link,30 mph,3.414,"LINESTRING (-74.00372729999999 40.7124388, -74.0036891 40.7124286)",,,
1272562882,1272562898,0,122660461,True,1,motorway_link,30 mph,3.523,"LINESTRING (-74.0038101 40.7124501, -74.0037686 40.7124463)",,,
1272562890,1272562737,0,122660461,True,1,motorway_link,30 mph,3.619,"LINESTRING (-74.0036891 40.7124286, -74.00365119999999 40.7124133)",,,
1272562891,1272562896,0,46177164,True,2,motorway_link,30 mph,2.292,"LINESTRING (-74.0043715 40.7112431, -74.0043706 40.7112637)",yes,,
1272562893,4158753833,0,414746383,True,1,motorway_link,30 mph,3.832,"LINESTRING (-74.0028038 40.7117403, -74.0027721 40.7117156)",yes,,
1272562895,278642772,0,122660458,True,1,motorway_link,30 mph,6.537,"LINESTRING (-74.0047277 40.7118772, -74.0046636 40.7118441)",yes,,
1272562896,1272562687,0,46177164,True,2,motorway_link,30 mph,2.548,"LINESTRING (-74.0043706 40.7112637, -74.0043649 40.7112862)",yes,,
1272562898,1272562881,0,122660461,True,1,motorway_link,30 mph,3.579,"LINESTRING (-74.0037686 40.7124463, -74.00372729999999 40.7124388)",,,
1272562902,4143876131,0,122660461,True,1,motorway_link,30 mph,4.145,"LINESTRING (-74.00361119999999 40.712061, -74.0036432 40.7120327)",,,
1272562907,4158738303,0,5672337,True,2,motorway_link,30 mph,5.522,"LINESTRING (-74.0034058 40.7108675, -74.00346740000001 40.7108844)",yes,,
1272562909,1701871945,0,32922464,True,,motorway_link,30 mph,4.092,"LINESTRING (-74.00330649999999 40.7108725, -74.00335370000001 40.7108811)",yes,,
1272562910,1272562833,0,122660461,True,1,motorway_link,30 mph,3.869,"LINESTRING (-74.00389250000001 40.712448, -74.00384680000001 40.7124513)",,,
1272562912,4158737902,0,5672337,True,2,motorway_link,30 mph,6.156,"LINESTRING (-74.0032745 40.7108203, -74.0033394 40.7108457)",yes,,
1272562915,4158740806,0,122660458,True,1,motorway_link,30 mph,5.395,"LINESTRING (-74.0038641 40.7115327, -74.00380869999999 40.7115084)",yes,,
1272562919,1701871940,0,32922464,True,,motorway_link,30 mph,5.705,"LINESTRING (-74.00300900000001 40.7107421, -74.0030618 40.7107742)",yes,,
1272562930,1272562934,0,32922464,True,,motorway_link,30 mph,4.383,"LINESTRING (-74.0031695 40.7108289, -74.0032161 40.7108464)",yes,,
1272562931,6990788775,0,25564540,True,2,motorway_link,30 mph,5.891,"LINESTRING (-74.0060393 40.7119161, -74.0059787 40.7119425)",,,
1272562934,1701871942,0,32922464,True,,motorway_link,30 mph,3.989,"LINESTRING (-74.0032161 40.7108464, -74.0032599 40.71086)",yes,,
1272562937,1272562766,0,165733924,True,,motorway_link,30 mph,6.006,"LINESTRING (-74.0050495 40.7121318, -74.0051181 40.7121464)",,,
1369956654,486819529,0,122660459,True,1,motorway_link,30 mph,30.09,"LINESTRING (-74.00457249999999 40.7121422, -74.0043258 40.7119466)",,,
1701871914,1701871960,0,46177164,True,2,motorway_link,30 mph,2.879,"LINESTRING (-74.00417059999999 40.7110012, -74.0042017 40.7110119)",yes,,
1701871915,1701871914,0,46177164,True,2,motorway_link,30 mph,2.965,"LINESTRING (-74.0041373 40.7109926, -74.00417059999999 40.7110012)",yes,,
1701871916,1701871943,0,46177164,True,2,motorway_link,30 mph,2.36,"LINESTRING (-74.0042486 40.7110358, -74.00426880000001 40.7110505)",yes,,
1701871918,1701871926,0,46177164,True,2,motorway_link,30 mph,3.887,"LINESTRING (-74.00393339999999 40.7114611, -74.00389079999999 40.7114477)",yes,,
1701871920,1701871921,0,46177164,True,2,motorway_link,30 mph,3.342,"LINESTRING (-74.0040099 40.7114751, -74.0039709 40.7114697)",yes,,
1701871921,1701871918,0,46177164,True,2,motorway_link,30 mph,3.302,"LINESTRING (-74.0039709 40.7114697, -74.00393339999999 40.7114611)",yes,,
1701871923,278642478,0,32922464,True,,motorway_link,30 mph,23.465,"LINESTRING (-74.0034062 40.7108892, -74.0036798 40.7109282)",yes,,
1701871926,4158741841,0,46177164,True,2,motorway_link,30 mph,21.35,"LINESTRING (-74.00389079999999 40.7114477, -74.0036642 40.7113619)",yes,,
1701871938,1701871944,0,46177164,True,2,motorway_link,30 mph,2.541,"LINESTRING (-74.0042906 40.7110673, -74.00430950000001 40.7110851)",yes,,
1701871940,1272562753,0,32922464,True,,motorway_link,30 mph,5.53,"LINESTRING (-74.0030618 40.7107742, -74.0031152 40.7108031)",yes,,
1701871942,1272562909,0,32922464,True,,motorway_link,30 mph,4.166,"LINESTRING (-74.0032599 40.71086, -74.00330649999999 40.7108725)",yes,,
1701871943,1701871938,0,46177164,True,2,motorway_link,30 mph,2.62,"LINESTRING (-74.00426880000001 40.7110505, -74.0042906 40.7110673)",yes,,
1701871944,1272562709,0,46177164,True,2,motorway_link,30 mph,2.072,"LINESTRING (-74.00430950000001 40.7110851, -74.0043239 40.7111002)",yes,,
1701871945,1701871923,0,32922464,True,,motorway_link,30 mph,4.516,"LINESTRING (-74.00335370000001 40.7108811, -74.0034062 40.7108892)",yes,,
1701871960,1701871963,0,46177164,True,2,motorway_link,30 mph,2.342,"LINESTRING (-74.0042017 40.7110119, -74.0042254 40.7110229)",yes,,
1701871963,1701871916,0,46177164,True,2,motorway_link,30 mph,2.425,"LINESTRING (-74.0042254 40.7110229, -74.0042486 40.7110358)",yes,,
1733612442,370925148,0,32939224,True,,residential,30 mph,5.461,"LINESTRING (-73.9647859 40.7524011, -73.9648079 40.7524473)",,General Douglas MacArthur Plaza,
1772639537,3898690196,0,46154297,True,1,motorway_link,30 mph,7.715,"LINESTRING (-74.001475 40.7093814, -74.0015434 40.7094275)",,,
2348610404,1253602791,0,104984000,True,,residential,30 mph,2.839,"LINESTRING (-73.93227760000001 40.8594721, -73.9322956 40.8594505)",,Bennett Avenue,
2348610405,2348610404,0,104984000,True,,residential,30 mph,3.262,"LINESTRING (-73.93225150000001 40.8594938, -73.93227760000001 40.8594721)",,Bennett Avenue,
2348610406,2348610405,0,104984000,True,,residential,30 mph,3.28,"LINESTRING (-73.93222040000001 40.8595116, -73.93225150000001 40.8594938)",,Bennett Avenue,
2998239297,7096725572,0,32939224,True,,residential,30 mph,7.967,"LINESTRING (-73.9652531 40.7519444, -73.9651624 40.7519647)",,General Douglas MacArthur Plaza,
3786728788,42426156,0,695644410,True,2,motorway_link,30 mph,42.338,"LINESTRING (-73.9318992 40.8039688, -73.93139739999999 40.8039952)",,,
3898690196,4158707236,0,46154297,True,1,motorway_link,30 mph,5.959,"LINESTRING (-74.0015434 40.7094275, -74.00159910000001 40.7094605)",,,
4143875722,278642768,0,25564540,True,2,motorway_link,30 mph,18.702,"LINESTRING (-74.0058368 40.7119913, -74.0056278 40.7120478)",,,
4143875731,4143875762,0,25564540,True,2,motorway_link,30 mph,6.219,"LINESTRING (-74.0049609 40.7120057, -74.00490019999999 40.7119739)",,,
4143875751,1272562783,0,25564540,True,2,motorway_link,30 mph,5.778,"LINESTRING (-74.0051629 40.7120713, -74.0050973 40.7120562)",,,
4143875758,1272562915,0,122660458,True,1,motorway_link,30 mph,61.295,"LINESTRING (-74.0045133 40.7117811, -74.0038641 40.7115327)",yes,,
4143875759,1272562802,0,25564540,True,2,motorway_link,30 mph,5.729,"LINESTRING (-74.0055614 40.7120628, -74.0054952 40.7120745)",,,
4143875762,1272562895,0,25564540,True,2,motorway_link,30 mph,18.083,"LINESTRING (-74.00490019999999 40.7119739, -74.0047277 40.7118772)",,,
4143876125,1272562777,0,25564540,True,2,motorway_link,30 mph,5.9,"LINESTRING (-74.00595970000001 40.7119508, -74.00589600000001 40.7119728)",,,
4143876126,4143876136,0,165733924,True,,motorway_link,30 mph,6.495,"LINESTRING (-74.0038321 40.7119257, -74.0039038 40.7119043)",,,
4143876127,4143876129,0,165733924,True,,motorway_link,30 mph,6.707,"LINESTRING (-74.0040836 40.7118549, -74.004161 40.7118409)",,,
4143876129,4143876134,0,165733924,True,,motorway_link,30 mph,6.153,"LINESTRING (-74.004161 40.7118409, -74.0042335 40.7118344)",,,
4143876131,4143876137,0,122660461,True,1,motorway_link,30 mph,5.027,"LINESTRING (-74.0036432 40.7120327, -74.00368520000001 40.7120006)",,,
4143876132,278640455,0,165733924,True,,motorway_link,30 mph,5.397,"LINESTRING (-74.00429990000001 40.711836, -74.00436329999999 40.7118428)",,,
4143876134,4143876132,0,165733924,True,,motorway_link,30 mph,5.599,"LINESTRING (-74.0042335 40.7118344, -74.00429990000001 40.711836)",,,
4143876136,4143876127,0,165733924,True,,motorway_link,30 mph,16.119,"LINESTRING (-74.0039038 40.7119043, -74.0040836 40.7118549)",,,
4143876137,1272562732,0,122660461,True,1,motorway_link,30 mph,9.528,"LINESTRING (-74.00368520000001 40.7120006, -74.0037703 40.7119442)",,,
4143883225,4143883227,0,5669636,True,2,motorway_link,30 mph,2.952,"LINESTRING (-74.0048578 40.7123974, -74.0048468 40.7123722)",,,
4143883226,4143883228,0,5669636,True,2,motorway_link,30 mph,2.92,"LINESTRING (-74.00485329999999 40.71245, -74.0048604 40.7124243)",,,
4143883227,278640797,0,5669636,True,2,motorway_link,30 mph,3.323,"LINESTRING (-74.0048468 40.7123722, -74.0048252 40.7123472)",,,
4143883228,4143883225,0,5669636,True,2,motorway_link,30 mph,2.999,"LINESTRING (-74.0048604 40.7124243, -74.0048578 40.7123974)",,,
4143885421,2821304146,0,420888150,True,,motorway_link,30 mph,6.633,"LINESTRING (-74.0056161 40.7121442, -74.0056926 40.7121302)",,,
4143885422,1272562937,0,165733924,True,,motorway_link,30 mph,5.698,"LINESTRING (-74.0049862 40.7121138, -74.0050495 40.7121318)",,,
4143885425,278640086,0,420888150,True,,motorway_link,30 mph,6.537,"LINESTRING (-74.0052544 40.7121649, -74.00533179999999 40.7121687)",,,
4143885429,4143885422,0,165733924,True,,motorway_link,30 mph,4.966,"LINESTRING (-74.0049324 40.7120956, -74.0049862 40.7121138)",,,
4143885431,1272562771,0,420888150,True,,motorway_link,30 mph,6.153,"LINESTRING (-74.0053995 40.7121685, -74.0054722 40.7121635)",,,
4143892291,4143892294,0,32922453,True,2,motorway_link,30 mph,5.47,"LINESTRING (-74.004474 40.7125963, -74.0044517 40.7126425)",,,
4143892292,1272562735,0,32922453,True,2,motorway_link,30 mph,5.732,"LINESTRING (-74.0044767 40.7122964, -74.00449740000001 40.7123455)",,,
4143892293,4143892291,0,32922453,True,2,motorway_link,30 mph,5.542,"LINESTRING (-74.00449260000001 40.7125485, -74.004474 40.7125963)",,,
4143892294,1272562861,0,32922453,True,2,motorway_link,30 mph,3.851,"LINESTRING (-74.0044517 40.7126425, -74.0044352 40.7126748)",,,
4158660397,278608718,0,533472710,True,1,motorway_link,30 mph,45.26,"LINESTRING (-74.00019020000001 40.7089807, -74.0001685 40.708574)",yes,,
4158660400,4158660401,0,533472710,True,1,motorway_link,30 mph,4.76,"LINESTRING (-74.0002071 40.7090707, -74.0001962 40.7090287)",yes,,
4158660401,4158660397,0,533472710,True,1,motorway_link,30 mph,5.361,"LINESTRING (-74.0001962 40.7090287, -74.00019020000001 40.7089807)",yes,,
4158665072,4158665083,0,533472710,True,1,motorway_link,30 mph,5.01,"LINESTRING (-74.0002811 40.7092067, -74.000253 40.709167)",yes,,
4158665074,4158660400,0,533472710,True,1,motorway_link,30 mph,5.586,"LINESTRING (-74.00022749999999 40.7091185, -74.0002071 40.7090707)",yes,,
4158665077,42423647,0,533472710,True,1,motorway_link,30 mph,4.422,"LINESTRING (-74.00034479999999 40.7092767, -74.00031420000001 40.7092444)",yes,,
4158665078,4158665077,0,533472710,True,1,motorway_link,30 mph,5.177,"LINESTRING (-74.0003853 40.7093117, -74.00034479999999 40.7092767)",yes,,
4158665079,42423640,0,533472710,True,1,motorway_link,30 mph,11.113,"LINESTRING (-74.00193040000001 40.7105147, -74.0018391 40.7104426)",yes,,
4158665083,4158665074,0,533472710,True,1,motorway_link,30 mph,5.806,"LINESTRING (-74.000253 40.709167, -74.00022749999999 40.7091185)",yes,,
4158693297,278646362,0,46224850,True,1,motorway_link,30 mph,6.172,"LINESTRING (-74.0003179 40.708542, -74.000365 40.7085845)",yes,,
4158693302,4158693328,0,46224850,True,1,motorway_link,30 mph,7.931,"LINESTRING (-74.00006449999999 40.7081705, -74.0000916 40.7082388)",yes,,
4158693304,278608510,0,25564137,True,1,motorway_link,30 mph,7.993,"LINESTRING (-74.0001359 40.7082454, -74.00018179999999 40.7083083)",yes,,
4158693305,278646363,0,46224850,True,1,motorway_link,30 mph,6.294,"LINESTRING (-74.00018970000001 40.7084001, -74.0002282 40.7084486)",yes,,
4158693307,4158693304,0,25564137,True,1,motorway_link,30 mph,8.127,"LINESTRING (-74.0000926 40.7081801, -74.0001359 40.7082454)",yes,,
4158693308,4158693309,0,25564137,True,1,motorway_link,30 mph,8.145,"LINESTRING (-74.0002387 40.708374, -74.0002945 40.7084338)",yes,,
4158693309,4158693318,0,25564137,True,1,motorway_link,30 mph,6.992,"LINESTRING (-74.0002945 40.7084338, -74.00034479999999 40.7084838)",yes,,
4158693310,4158693305,0,46224850,True,1,motorway_link,30 mph,7.077,"LINESTRING (-74.0001503 40.7083439, -74.00018970000001 40.7084001)",yes,,
4158693318,4158693319,0,25564137,True,1,motorway_link,30 mph,8.164,"LINESTRING (-74.00034479999999 40.7084838, -74.0004079 40.7085395)",yes,,
4158693319,278608509,0,25564137,True,1,motorway_link,30 mph,8.878,"LINESTRING (-74.0004079 40.7085395, -74.000479 40.7085984)",yes,,
4158693320,4158693297,0,46224850,True,1,motorway_link,30 mph,6.216,"LINESTRING (-74.0002731 40.7084976, -74.0003179 40.708542)",yes,,
4158693328,278646364,0,46224850,True,1,motorway_link,30 mph,6.318,"LINESTRING (-74.0000916 40.7082388, -74.00011859999999 40.7082918)",yes,,
4158707236,42422283,0,46154297,True,1,motorway_link,30 mph,5.981,"LINESTRING (-74.00159910000001 40.7094605, -74.00165699999999 40.7094916)",,,
4158737889,42453792,0,5672337,True,2,motorway_link,30 mph,14.416,"LINESTRING (-74.0007883 40.7089686, -74.00091980000001 40.7090515)",yes,,
4158737890,1272562796,0,5672337,True,2,motorway_link,30 mph,6.102,"LINESTRING (-74.0030962 40.7107216, -74.0031513 40.7107572)",yes,,
4158737891,4158737899,0,5672337,True,2,motorway_link,30 mph,5.613,"LINESTRING (-74.00024809999999 40.7086911, -74.0003079 40.7087133)",yes,,
4158737892,278646241,0,5672337,True,2,motorway_link,30 mph,110.543,"LINESTRING (-74.00213890000001 40.7099648, -74.0030453 40.7106833)",yes,,
4158737893,205025964,0,5672337,True,2,motorway_link,30 mph,6.344,"LINESTRING (-74.0005029 40.7088016, -74.00056429999999 40.7088346)",yes,,
4158737894,4158737891,0,5672337,True,2,motorway_link,30 mph,5.485,"LINESTRING (-74.00018849999999 40.7086713, -74.00024809999999 40.7086911)",yes,,
4158737895,4158737904,0,5672337,True,2,motorway_link,30 mph,5.656,"LINESTRING (-73.9998889 40.7085954, -73.9999536 40.7086089)",yes,,
4158737896,278609072,0,5672337,True,2,motorway_link,30 mph,6.438,"LINESTRING (-74.0003756 40.7087405, -74.000441 40.7087704)",yes,,
4158737897,4158737901,0,5672337,True,2,motorway_link,30 mph,5.183,"LINESTRING (-74.0000759 40.7086376, -74.00013319999999 40.7086545)",yes,,
4158737898,4158737903,0,5672337,True,2,motorway_link,30 mph,12.076,"LINESTRING (-74.0019344 40.7098041, -74.00203449999999 40.7098818)",yes,,
4158737899,4158737896,0,5672337,True,2,motorway_link,30 mph,6.458,"LINESTRING (-74.0003079 40.7087133, -74.0003756 40.7087405)",yes,,
4158737900,4158737907,0,5672337,True,2,motorway_link,30 mph,12.386,"LINESTRING (-74.00173030000001 40.7096497, -74.0018335 40.709729)",yes,,
4158737901,4158737894,0,5672337,True,2,motorway_link,30 mph,5.022,"LINESTRING (-74.00013319999999 40.7086545, -74.00018849999999 40.7086713)",yes,,
4158737902,1272562907,0,5672337,True,2,motorway_link,30 mph,6.099,"LINESTRING (-74.0033394 40.7108457, -74.0034058 40.7108675)",yes,,
4158737903,4158737892,0,5672337,True,2,motorway_link,30 mph,12.752,"LINESTRING (-74.00203449999999 40.7098818, -74.00213890000001 40.7099648)",yes,,
4158737904,4158737905,0,5672337,True,2,motorway_link,30 mph,5.281,"LINESTRING (-73.9999536 40.7086089, -74.0000139 40.7086218)",yes,,
4158737905,4158737897,0,5672337,True,2,motorway_link,30 mph,5.513,"LINESTRING (-74.0000139 40.7086218, -74.0000759 40.7086376)",yes,,
4158737906,1272562912,0,5672337,True,2,motorway_link,30 mph,6.408,"LINESTRING (-74.00321 40.7107898, -74.0032745 40.7108203)",yes,,
4158737907,4158737898,0,5672337,True,2,motorway_link,30 mph,11.919,"LINESTRING (-74.0018335 40.709729, -74.0019344 40.7098041)",yes,,
4158738303,4158738305,0,5672337,True,2,motorway_link,30 mph,6.116,"LINESTRING (-74.00346740000001 40.7108844, -74.0035365 40.7109012)",yes,,
4158738304,278644847,0,32922464,True,,motorway_link,30 mph,5.978,"LINESTRING (-74.0029091 40.7106703, -74.002959 40.7107085)",yes,,
4158738305,278642478,0,5672337,True,2,motorway_link,30 mph,12.446,"LINESTRING (-74.0035365 40.7109012, -74.0036798 40.7109282)",yes,,
4158740805,4158740807,0,122660458,True,1,motorway_link,30 mph,5.28,"LINESTRING (-74.0037561 40.7114795, -74.00370650000001 40.7114505)",yes,,
4158740806,4158740805,0,122660458,True,1,motorway_link,30 mph,5.476,"LINESTRING (-74.00380869999999 40.7115084, -74.0037561 40.7114795)",yes,,
4158740807,486819531,0,122660460,True,1,motorway_link,30 mph,27.461,"LINESTRING (-74.00370650000001 40.7114505, -74.0034826 40.7112711)",yes,,
4158741839,4158741840,0,46177164,True,2,motorway_link,30 mph,5.507,"LINESTRING (-74.0036053 40.7113363, -74.0035501 40.7113098)",yes,,
4158741840,486819531,0,46177164,True,2,motorway_link,30 mph,7.133,"LINESTRING (-74.0035501 40.7113098, -74.0034826 40.7112711)",yes,,
4158741841,4158741839,0,46177164,True,2,motorway_link,30 mph,5.723,"LINESTRING (-74.0036642 40.7113619, -74.0036053 40.7113363)",yes,,
4158752890,1272562812,0,414746383,True,1,motorway_link,30 mph,3.816,"LINESTRING (-74.0028722 40.7117747, -74.0028331 40.7117574)",yes,,
4158752891,7561173748,0,808611021,True,3,motorway,30 mph,35.146,"LINESTRING (-74.0006028 40.7091699, -74.0008895 40.7093994)",,Brooklyn Bridge,
4158753820,4158753824,0,25562077,True,1,motorway_link,30 mph,6.238,"LINESTRING (-74.0031723 40.7112283, -74.0032123 40.7112755)",yes,,
4158753821,278638237,0,533472710,True,1,motorway_link,30 mph,6.651,"LINESTRING (-74.0025048 40.7111594, -74.002472 40.711105)",yes,,
4158753822,4158665079,0,533472710,True,1,motorway_link,30 mph,13.488,"LINESTRING (-74.00203740000001 40.7106049, -74.00193040000001 40.7105147)",yes,,
4158753823,278638344,0,25564255,True,,motorway_link,30 mph,45.04,"LINESTRING (-74.0025414 40.7114277, -74.0023089 40.711063)",yes,,
4158753824,4158753826,0,25562077,True,1,motorway_link,30 mph,5.623,"LINESTRING (-74.0032123 40.7112755, -74.0032461 40.7113191)",yes,,
4158753825,4158753821,0,533472710,True,1,motorway_link,30 mph,7.285,"LINESTRING (-74.0025404 40.7112191, -74.0025048 40.7111594)",yes,,
4158753826,278638231,0,25562077,True,1,motorway_link,30 mph,5.223,"LINESTRING (-74.0032461 40.7113191, -74.00327249999999 40.7113616)",yes,,
4158753827,1272562702,0,533472710,True,1,motorway_link,30 mph,11.782,"LINESTRING (-74.00229330000001 40.7108621, -74.0022139 40.7107749)",yes,,
4158753828,1272562797,0,533472710,True,1,motorway_link,30 mph,7.926,"LINESTRING (-74.0024361 40.7110497, -74.00239209999999 40.7109867)",yes,,
4158753829,4158753827,0,533472710,True,1,motorway_link,30 mph,8.225,"LINESTRING (-74.00234399999999 40.7109253, -74.00229330000001 40.7108621)",yes,,
4158753830,4158753825,0,533472710,True,1,motorway_link,30 mph,6.702,"LINESTRING (-74.0025698 40.7112751, -74.0025404 40.7112191)",yes,,
4158753831,4158753823,0,25564255,True,,motorway_link,30 mph,6.058,"LINESTRING (-74.00257310000001 40.7114766, -74.0025414 40.7114277)",yes,,
4158753832,1272562800,0,25564255,True,,motorway_link,30 mph,6.856,"LINESTRING (-74.0026517 40.7115838, -74.0026115 40.7115302)",yes,,
4158753833,278638234,0,414746383,True,1,motorway_link,30 mph,3.896,"LINESTRING (-74.0027721 40.7117156, -74.00274330000001 40.7116882)",yes,,
4158764229,1272562720,0,25564255,True,,motorway_link,30 mph,7.556,"LINESTRING (-74.00226290000001 40.710996, -74.0022182 40.7109371)",yes,,
4158764230,1272562706,0,32922456,True,,motorway_link,30 mph,7.935,"LINESTRING (-74.002062 40.7107648, -74.0020025 40.7107095)",,,
4158764231,4885904499,0,32922456,True,,motorway_link,30 mph,21.415,"LINESTRING (-74.0015069 40.7102888, -74.0013309 40.7101499)",,,
4158764232,4158764230,0,32922456,True,,motorway_link,30 mph,7.355,"LINESTRING (-74.00211419999999 40.7108178, -74.002062 40.7107648)",,,
4158786434,1272562803,0,32922468,True,2,motorway_link,30 mph,4.815,"LINESTRING (-74.004158 40.7120849, -74.0041708 40.7121271)",,,
4158786443,278637105,0,5669206,True,2,motorway_link,30 mph,4.593,"LINESTRING (-74.0041075 40.7120107, -74.0041358 40.712046)",yes,,
4158786446,1272562816,0,32922468,True,2,motorway_link,30 mph,4.118,"LINESTRING (-74.0041092 40.7123289, -74.0040813 40.7123593)",,,
4158786449,1272562836,0,32922468,True,2,motorway_link,30 mph,4.323,"LINESTRING (-74.0040485 40.7123856, -74.004009 40.7124104)",,,
4158786451,1272562763,0,32922453,True,2,motorway_link,30 mph,5.908,"LINESTRING (-74.0043345 40.712121, -74.0043794 40.7121618)",,,
4158786452,4158786443,0,5669206,True,2,motorway_link,30 mph,5.558,"LINESTRING (-74.00406959999999 40.7119698, -74.0041075 40.7120107)",yes,,
4158786458,4158786452,0,5669206,True,2,motorway_link,30 mph,5.744,"LINESTRING (-74.0040278 40.711929, -74.00406959999999 40.7119698)",yes,,
4158786460,1272562910,0,32922468,True,2,motorway_link,30 mph,3.764,"LINESTRING (-74.00393579999999 40.7124397, -74.00389250000001 40.712448)",,,
4738828760,4878838744,0,356140743,True,2,secondary_link,30 mph,7.536,"LINESTRING (-74.00415889999999 40.7129704, -74.0041035 40.7130236)",,,
4878838744,4878831008,0,356140743,True,2,secondary_link,30 mph,12.943,"LINESTRING (-74.0041035 40.7130236, -74.004059 40.713135)",,,
4885904499,3884569924,0,32922456,True,,motorway_link,30 mph,14.539,"LINESTRING (-74.0013309 40.7101499, -74.00121059999999 40.7100562)",,,
5426969126,2998239297,0,32939224,True,,residential,30 mph,9.391,"LINESTRING (-73.9653644 40.7519493, -73.9652531 40.7519444)",,General Douglas MacArthur Plaza,
5426969129,42438898,0,32939224,True,,residential,30 mph,8.698,"LINESTRING (-73.96483600000001 40.752487, -73.9649107 40.752541)",,General Douglas MacArthur Plaza,
6137500089,5959765086,0,681691020,True,1,motorway_link,30 mph,31.94,"LINESTRING (-73.932804 40.8064715, -73.9330835 40.8066658)",,,
6266152786,6384024881,0,690757588,True,1,motorway_link,30 mph,50.233,"LINESTRING (-73.9312487 40.8047809, -73.93156329999999 40.8051648)",,,building_passage
6266152787,6481190571,0,398412590,True,1,motorway_link,30 mph,1.392,"LINESTRING (-73.9310515 40.8041736, -73.9310425 40.8041841)",,,building_passage
6266152788,6266152787,0,398412590,True,1,motorway_link,30 mph,5.188,"LINESTRING (-73.93108410000001 40.804134, -73.9310515 40.8041736)",,,building_passage
6384020632,6266152788,0,398412590,True,1,motorway_link,30 mph,5.51,"LINESTRING (-73.93112720000001 40.8040967, -73.93108410000001 40.804134)",,,building_passage
6384020633,6137500089,0,681691020,True,1,motorway_link,30 mph,85.658,"LINESTRING (-73.9321794 40.8058633, -73.932804 40.8064715)",,,
6384020634,6384020633,0,681691020,True,1,motorway_link,30 mph,49.187,"LINESTRING (-73.9318356 40.8055056, -73.9321794 40.8058633)",,,
6384024881,6384020634,0,681691020,True,1,motorway_link,30 mph,44.287,"LINESTRING (-73.93156329999999 40.8051648, -73.9318356 40.8055056)",,,
6481190570,6513182228,0,690757588,True,1,motorway_link,30 mph,9.217,"LINESTRING (-73.931027 40.8042174, -73.931005 40.8042986)",,,building_passage
6481190571,6481190570,0,690757587,True,1,motorway_link,30 mph,3.926,"LINESTRING (-73.9310425 40.8041841, -73.931027 40.8042174)",,,
6513182225,6266152786,0,690757588,True,1,motorway_link,30 mph,33.089,"LINESTRING (-73.9310528 40.8045229, -73.9312487 40.8047809)",,,building_passage
6513182226,6513182225,0,690757588,True,1,motorway_link,30 mph,7.487,"LINESTRING (-73.93101780000001 40.804461, -73.9310528 40.8045229)",,,building_passage
6513182227,6513182226,0,690757588,True,1,motorway_link,30 mph,7.231,"LINESTRING (-73.9309993 40.8043975, -73.93101780000001 40.804461)",,,building_passage
6513182228,6513182227,0,690757588,True,1,motorway_link,30 mph,11.008,"LINESTRING (-73.931005 40.8042986, -73.9309993 40.8043975)",,,building_passage
6882309084,1205715024,0,104984000,True,,residential,30 mph,4.678,"LINESTRING (-73.93255619999999 40.8589242, -73.9325757 40.8588848)",,Bennett Avenue,
6990788775,4143876125,0,25564540,True,2,motorway_link,30 mph,1.848,"LINESTRING (-74.0059787 40.7119425, -74.00595970000001 40.7119508)",,,
7096725572,370925143,0,32939224,True,,residential,30 mph,0.853,"LINESTRING (-73.9651624 40.7519647, -73.9651527 40.7519669)",,General Douglas MacArthur Plaza,
7471981752,42426135,0,695644410,True,2,motorway_link,30 mph,21.738,"LINESTRING (-73.9325881 40.8038611, -73.9323547 40.8039448)",,,
7561173748,588719108,0,432550259,True,3,motorway,30 mph,102.402,"LINESTRING (-74.0008895 40.7093994, -74.0017251 40.7100679)",yes,Brooklyn Bridge,
7561173749,4158752889,0,808611020,True,3,motorway,30 mph,35.354,"LINESTRING (-74.0010181 40.7093054, -74.00072919999999 40.7090749)",,Brooklyn Bridge,
