u,v,key,osmid,highway,oneway,length,geometry,tunnel,bridge,name
1624992401,1624992428,0,149530740,cycleway,False,64.751,"LINESTRING (69.19956019999999 41.3607385, 69.1987963 41.3608403)",,,
1624992401,5776368560,0,149530740,cycleway,False,6.712,"LINESTRING (69.19956019999999 41.3607385, 69.1996334 41.3607135)",,,
1624992428,5776368545,0,149530740,cycleway,False,6.713,"LINESTRING (69.1987963 41.3608403, 69.1987159 41.3608384)",,,
1624992428,1624992401,0,149530740,cycleway,False,64.751,"LINESTRING (69.1987963 41.3608403, 69.19956019999999 41.3607385)",,,
1624992469,1624992471,0,149530740,cycleway,False,65.018,"LINESTRING (69.1986383 41.3602158, 69.19940389999999 41.3601077)",,,
1624992469,5776368552,0,149530740,cycleway,False,7.144,"LINESTRING (69.1986383 41.3602158, 69.198559 41.36024)",,,
1624992471,5776368553,0,149530740,cycleway,False,6.552,"LINESTRING (69.19940389999999 41.3601077, 69.1994823 41.3601046)",,,
1624992471,1624992469,0,149530740,cycleway,False,65.018,"LINESTRING (69.19940389999999 41.3601077, 69.1986383 41.3602158)",,,
3885854119,5719731352,0,385231440,cycleway,False,7.183,"LINESTRING (69.29630090000001 41.3082442, 69.29637839999999 41.3082722)",,,
3885854119,7772060240,0,385231440,cycleway,False,3.643,"LINESTRING (69.29630090000001 41.3082442, 69.29625900000001 41.3082351)",,,
3885854120,6886301866,0,385231440,cycleway,False,7.644,"LINESTRING (69.29615320000001 41.308242, 69.29624370000001 41.3082318)",,,
3885854120,3885854121,0,385231440,cycleway,False,10.364,"LINESTRING (69.29615320000001 41.308242, 69.296049 41.3082926)",,,
3885854121,3885854120,0,385231440,cycleway,False,10.364,"LINESTRING (69.296049 41.3082926, 69.29615320000001 41.308242)",,,
3885854121,6886301869,0,385231440,cycleway,False,15.307,"LINESTRING (69.296049 41.3082926, 69.2959352 41.3084005)",,,
3885854122,6886301869,0,385231440,cycleway,False,12.343,"LINESTRING (69.2958653 41.3084983, 69.2959352 41.3084005)",,,
3885854122,6886301868,0,385231440,cycleway,False,12.613,"LINESTRING (69.2958653 41.3084983, 69.2957923 41.3085976)",,,
5719666378,6886301868,0,385231440,cycleway,False,9.04,"LINESTRING (69.29571079999999 41.3086511, 69.2957923 41.3085976)",,,
5719666378,5719666379,0,385231440,cycleway,False,54.795,"LINESTRING (69.29571079999999 41.3086511, 69.2951018 41.3088343)",,,
5719666379,5719666378,0,385231440,cycleway,False,54.795,"LINESTRING (69.2951018 41.3088343, 69.29571079999999 41.3086511)",,,
5719666379,5719666380,0,385231440,cycleway,False,18.828,"LINESTRING (69.2951018 41.3088343, 69.2948986 41.3089076)",,,
5719666380,5719666379,0,385231440,cycleway,False,18.828,"LINESTRING (69.2948986 41.3089076, 69.2951018 41.3088343)",,,
5719666380,5719666381,0,385231440,cycleway,False,24.973,"LINESTRING (69.2948986 41.3089076, 69.29467560000001 41.3090572)",,,
5719666381,5719666380,0,385231440,cycleway,False,24.973,"LINESTRING (69.29467560000001 41.3090572, 69.2948986 41.3089076)",,,
5719666381,5719666382,0,385231440,cycleway,False,21.423,"LINESTRING (69.29467560000001 41.3090572, 69.2945222 41.3092116)",,,
5719666382,5719666381,0,385231440,cycleway,False,21.423,"LINESTRING (69.2945222 41.3092116, 69.29467560000001 41.3090572)",,,
5719666382,5719666383,0,385231440,cycleway,False,14.117,"LINESTRING (69.2945222 41.3092116, 69.2944798 41.3093345)",,,
5719666383,5719666382,0,385231440,cycleway,False,14.117,"LINESTRING (69.2944798 41.3093345, 69.2945222 41.3092116)",,,
5719666383,5719666384,0,385231440,cycleway,False,21.187,"LINESTRING (69.2944798 41.3093345, 69.2945036 41.3095242)",,,
5719666384,5719666383,0,385231440,cycleway,False,21.187,"LINESTRING (69.2945036 41.3095242, 69.2944798 41.3093345)",,,
5719666384,5719666385,0,385231440,cycleway,False,99.673,"LINESTRING (69.2945036 41.3095242, 69.2946948 41.310409)",,,
5719666385,5719666384,0,385231440,cycleway,False,99.673,"LINESTRING (69.2946948 41.310409, 69.2945036 41.3095242)",,,
5719666385,5719666386,0,385231440,cycleway,False,22.244,"LINESTRING (69.2946948 41.310409, 69.2946846 41.3106089)",,,
5719666386,5719666385,0,385231440,cycleway,False,22.244,"LINESTRING (69.2946846 41.3106089, 69.2946948 41.310409)",,,
5719666386,5719666387,0,385231440,cycleway,False,9.74,"LINESTRING (69.2946846 41.3106089, 69.2946611 41.3106947)",,,
5719666387,5719666386,0,385231440,cycleway,False,9.74,"LINESTRING (69.2946611 41.3106947, 69.2946846 41.3106089)",,,
5719666387,5719666388,0,385231440,cycleway,False,29.947,"LINESTRING (69.2946611 41.3106947, 69.29455179999999 41.3109512)",,,
5719666388,5719666387,0,385231440,cycleway,False,29.947,"LINESTRING (69.29455179999999 41.3109512, 69.2946611 41.3106947)",,,
5719666388,5719666389,0,385231440,cycleway,False,31.496,"LINESTRING (69.29455179999999 41.3109512, 69.2944162 41.3112155)",,,
5719666389,5719666388,0,385231440,cycleway,False,31.496,"LINESTRING (69.2944162 41.3112155, 69.29455179999999 41.3109512)",,,
5719666389,5719666390,0,385231440,cycleway,False,31.496,"LINESTRING (69.2944162 41.3112155, 69.2942973 41.3114843)",,,
5719666390,5719666389,0,385231440,cycleway,False,31.496,"LINESTRING (69.2942973 41.3114843, 69.2944162 41.3112155)",,,
5719666390,5719666391,0,385231440,cycleway,False,19.19,"LINESTRING (69.2942973 41.3114843, 69.29439499999999 41.3116405)",,,
5719666391,5719666390,0,385231440,cycleway,False,19.19,"LINESTRING (69.29439499999999 41.3116405, 69.2942973 41.3114843)",,,
5719666391,5719666392,0,385231440,cycleway,False,24.804,"LINESTRING (69.29439499999999 41.3116405, 69.29449700000001 41.31185)",,,
5719666392,5719666391,0,385231440,cycleway,False,24.804,"LINESTRING (69.29449700000001 41.31185, 69.29439499999999 41.3116405)",,,
5719666392,5719666393,0,385231440,cycleway,False,16.113,"LINESTRING (69.29449700000001 41.31185, 69.2946323 41.3119533)",,,
5719666393,5719666392,0,385231440,cycleway,False,16.113,"LINESTRING (69.2946323 41.3119533, 69.29449700000001 41.31185)",,,
5719731346,5719731347,0,385231440,cycleway,False,78.465,"LINESTRING (69.29513780000001 41.311816, 69.29572570000001 41.3112656)",,,
5719731347,5719731346,0,385231440,cycleway,False,78.465,"LINESTRING (69.29572570000001 41.3112656, 69.29513780000001 41.311816)",,,
5719731347,5719731348,0,385231440,cycleway,False,7.942,"LINESTRING (69.29572570000001 41.3112656, 69.29575680000001 41.3111981)",,,
5719731348,5719731347,0,385231440,cycleway,False,7.942,"LINESTRING (69.29575680000001 41.3111981, 69.29572570000001 41.3112656)",,,
5719731348,5719731349,0,385231440,cycleway,False,52.934,"LINESTRING (69.29575680000001 41.3111981, 69.2956939 41.3107244)",,,
5719731349,5719731348,0,385231440,cycleway,False,52.934,"LINESTRING (69.2956939 41.3107244, 69.29575680000001 41.3111981)",,,
5719731349,6886301873,0,385231440,cycleway,False,82.381,"LINESTRING (69.2956939 41.3107244, 69.295649 41.3099843)",,,
5719731350,6886301873,0,385231440,cycleway,False,4.579,"LINESTRING (69.2956867 41.3099544, 69.295649 41.3099843)",,,
5719731350,5719731351,0,385231440,cycleway,False,12.437,"LINESTRING (69.2956867 41.3099544, 69.2958356 41.3099542)",,,
5719731351,5719731350,0,385231440,cycleway,False,12.437,"LINESTRING (69.2958356 41.3099542, 69.2956867 41.3099544)",,,
5719731351,5719731365,0,385231440,cycleway,False,10.472,"LINESTRING (69.2958356 41.3099542, 69.2959604 41.3099452)",,,
5719731352,5719731353,0,385231440,cycleway,False,6.774,"LINESTRING (69.29637839999999 41.3082722, 69.29642149999999 41.3083238)",,,
5719731352,3885854119,0,385231440,cycleway,False,7.183,"LINESTRING (69.29637839999999 41.3082722, 69.29630090000001 41.3082442)",,,
5719731353,5719731354,0,385231440,cycleway,False,15.568,"LINESTRING (69.29642149999999 41.3083238, 69.2964755 41.3084578)",,,
5719731353,5719731352,0,385231440,cycleway,False,6.774,"LINESTRING (69.29642149999999 41.3083238, 69.29637839999999 41.3082722)",,,
5719731354,5719731355,0,385231440,cycleway,False,23.8,"LINESTRING (69.2964755 41.3084578, 69.2965201 41.3086692)",,,
5719731354,5719731353,0,385231440,cycleway,False,15.568,"LINESTRING (69.2964755 41.3084578, 69.29642149999999 41.3083238)",,,
5719731355,5719731356,0,385231440,cycleway,False,10.044,"LINESTRING (69.2965201 41.3086692, 69.2966022 41.3087352)",,,
5719731355,5719731354,0,385231440,cycleway,False,23.8,"LINESTRING (69.2965201 41.3086692, 69.2964755 41.3084578)",,,
5719731356,5719731357,0,385231440,cycleway,False,10.513,"LINESTRING (69.2966022 41.3087352, 69.2966524 41.3088219)",,,
5719731356,5719731355,0,385231440,cycleway,False,10.044,"LINESTRING (69.2966022 41.3087352, 69.2965201 41.3086692)",,,
5719731357,5719731358,0,385231440,cycleway,False,11.418,"LINESTRING (69.2966524 41.3088219, 69.2966722 41.3089235)",,,
5719731357,5719731356,0,385231440,cycleway,False,10.513,"LINESTRING (69.2966524 41.3088219, 69.2966022 41.3087352)",,,
5719731358,5719731359,0,385231440,cycleway,False,11.822,"LINESTRING (69.2966722 41.3089235, 69.29665970000001 41.3090294)",,,
5719731358,5719731357,0,385231440,cycleway,False,11.418,"LINESTRING (69.2966722 41.3089235, 69.2966524 41.3088219)",,,
5719731359,5719731360,0,385231440,cycleway,False,25.699,"LINESTRING (69.29665970000001 41.3090294, 69.2965506 41.3092455)",,,
5719731359,5719731358,0,385231440,cycleway,False,11.822,"LINESTRING (69.29665970000001 41.3090294, 69.2966722 41.3089235)",,,
5719731360,5719731361,0,385231440,cycleway,False,24.905,"LINESTRING (69.2965506 41.3092455, 69.2964207 41.3094471)",,,
5719731360,5719731359,0,385231440,cycleway,False,25.699,"LINESTRING (69.2965506 41.3092455, 69.29665970000001 41.3090294)",,,
5719731361,5719731362,0,385231440,cycleway,False,21.668,"LINESTRING (69.2964207 41.3094471, 69.2962696 41.3096055)",,,
5719731361,5719731360,0,385231440,cycleway,False,24.905,"LINESTRING (69.2964207 41.3094471, 69.2965506 41.3092455)",,,
5719731362,5719731363,0,385231440,cycleway,False,26.801,"LINESTRING (69.2962696 41.3096055, 69.2960559 41.3097853)",,,
5719731362,5719731361,0,385231440,cycleway,False,21.668,"LINESTRING (69.2962696 41.3096055, 69.2964207 41.3094471)",,,
5719731363,5719731364,0,385231440,cycleway,False,8.121,"LINESTRING (69.2960559 41.3097853, 69.2960501 41.3098582)",,,
5719731363,5719731362,0,385231440,cycleway,False,26.801,"LINESTRING (69.2960559 41.3097853, 69.2962696 41.3096055)",,,
5719731364,5719731365,0,385231440,cycleway,False,12.236,"LINESTRING (69.2960501 41.3098582, 69.2959604 41.3099452)",,,
5719731364,5719731363,0,385231440,cycleway,False,8.121,"LINESTRING (69.2960501 41.3098582, 69.2960559 41.3097853)",,,
5719731365,5719731351,0,385231440,cycleway,False,10.472,"LINESTRING (69.2959604 41.3099452, 69.2958356 41.3099542)",,,
5719731365,5719731364,0,385231440,cycleway,False,12.236,"LINESTRING (69.2959604 41.3099452, 69.2960501 41.3098582)",,,
5776368531,5776368557,0,149530740,cycleway,False,6.431,"LINESTRING (69.1999039 41.3603698, 69.1999091 41.3604275)",,,
5776368531,5776368556,0,149530740,cycleway,False,7.811,"LINESTRING (69.1999039 41.3603698, 69.19987709999999 41.3603025)",,,
5776368532,5776368549,0,149530740,cycleway,False,6.277,"LINESTRING (69.1983213 41.3605756, 69.1983142 41.3605194)",,,
5776368532,5776368548,0,149530740,cycleway,False,7.366,"LINESTRING (69.1983213 41.3605756, 69.1983441 41.3606396)",,,
5776368533,5776368547,0,149530740,cycleway,False,6.896,"LINESTRING (69.198503 41.360783, 69.1984363 41.3607464)",,,
5776368533,5776368546,0,149530740,cycleway,False,6.332,"LINESTRING (69.198503 41.360783, 69.1985707 41.3608087)",,,
5776368534,5776368551,0,149530740,cycleway,False,6.615,"LINESTRING (69.198376 41.3603596, 69.19842509999999 41.3603129)",,,
5776368534,5776368550,0,149530740,cycleway,False,6.34,"LINESTRING (69.198376 41.3603596, 69.1983415 41.3604104)",,,
5776368535,5776368559,0,149530740,cycleway,False,6.751,"LINESTRING (69.1998301 41.3605974, 69.1997767 41.360643)",,,
5776368535,5776368558,0,149530740,cycleway,False,6.595,"LINESTRING (69.1998301 41.3605974, 69.1998681 41.3605454)",,,
5776368536,5776368555,0,149530740,cycleway,False,7.116,"LINESTRING (69.1997097 41.360155, 69.1997772 41.3601941)",,,
5776368536,5776368554,0,149530740,cycleway,False,6.375,"LINESTRING (69.1997097 41.360155, 69.19964210000001 41.3601283)",,,
5776368537,5776368560,0,149530740,cycleway,False,7.027,"LINESTRING (69.19970669999999 41.3606824, 69.1996334 41.3607135)",,,
5776368537,5776368559,0,149530740,cycleway,False,7.302,"LINESTRING (69.19970669999999 41.3606824, 69.1997767 41.360643)",,,
5776368538,5776368558,0,149530740,cycleway,False,7.149,"LINESTRING (69.1998978 41.3604851, 69.1998681 41.3605454)",,,
5776368538,5776368557,0,149530740,cycleway,False,6.474,"LINESTRING (69.1998978 41.3604851, 69.1999091 41.3604275)",,,
5776368539,5776368556,0,149530740,cycleway,False,7.906,"LINESTRING (69.1998337 41.3602393, 69.19987709999999 41.3603025)",,,
5776368539,5776368555,0,149530740,cycleway,False,6.892,"LINESTRING (69.1998337 41.3602393, 69.1997772 41.3601941)",,,
5776368540,5776368554,0,149530740,cycleway,False,6.985,"LINESTRING (69.1995606 41.360114, 69.19964210000001 41.3601283)",,,
5776368540,5776368553,0,149530740,cycleway,False,6.618,"LINESTRING (69.1995606 41.360114, 69.1994823 41.3601046)",,,
5776368541,5776368546,0,149530740,cycleway,False,6.408,"LINESTRING (69.19864389999999 41.3608261, 69.1985707 41.3608087)",,,
5776368541,5776368545,0,149530740,cycleway,False,6.163,"LINESTRING (69.19864389999999 41.3608261, 69.1987159 41.3608384)",,,
5776368542,5776368548,0,149530740,cycleway,False,7.421,"LINESTRING (69.1983833 41.3606995, 69.1983441 41.3606396)",,,
5776368542,5776368547,0,149530740,cycleway,False,6.838,"LINESTRING (69.1983833 41.3606995, 69.1984363 41.3607464)",,,
5776368543,5776368550,0,149530740,cycleway,False,6.067,"LINESTRING (69.1983237 41.3604633, 69.1983415 41.3604104)",,,
5776368543,5776368549,0,149530740,cycleway,False,6.288,"LINESTRING (69.1983237 41.3604633, 69.1983142 41.3605194)",,,
5776368544,5776368552,0,149530740,cycleway,False,6.829,"LINESTRING (69.1984879 41.3602704, 69.198559 41.36024)",,,
5776368544,5776368551,0,149530740,cycleway,False,7.057,"LINESTRING (69.1984879 41.3602704, 69.19842509999999 41.3603129)",,,
5776368545,5776368541,0,149530740,cycleway,False,6.163,"LINESTRING (69.1987159 41.3608384, 69.19864389999999 41.3608261)",,,
5776368545,1624992428,0,149530740,cycleway,False,6.713,"LINESTRING (69.1987159 41.3608384, 69.1987963 41.3608403)",,,
5776368546,5776368533,0,149530740,cycleway,False,6.332,"LINESTRING (69.1985707 41.3608087, 69.198503 41.360783)",,,
5776368546,5776368541,0,149530740,cycleway,False,6.408,"LINESTRING (69.1985707 41.3608087, 69.19864389999999 41.3608261)",,,
5776368547,5776368542,0,149530740,cycleway,False,6.838,"LINESTRING (69.1984363 41.3607464, 69.1983833 41.3606995)",,,
5776368547,5776368533,0,149530740,cycleway,False,6.896,"LINESTRING (69.1984363 41.3607464, 69.198503 41.360783)",,,
5776368548,5776368532,0,149530740,cycleway,False,7.366,"LINESTRING (69.1983441 41.3606396, 69.1983213 41.3605756)",,,
5776368548,5776368542,0,149530740,cycleway,False,7.421,"LINESTRING (69.1983441 41.3606396, 69.1983833 41.3606995)",,,
5776368549,5776368543,0,149530740,cycleway,False,6.288,"LINESTRING (69.1983142 41.3605194, 69.1983237 41.3604633)",,,
5776368549,5776368532,0,149530740,cycleway,False,6.277,"LINESTRING (69.1983142 41.3605194, 69.1983213 41.3605756)",,,
5776368550,5776368534,0,149530740,cycleway,False,6.34,"LINESTRING (69.1983415 41.3604104, 69.198376 41.3603596)",,,
5776368550,5776368543,0,149530740,cycleway,False,6.067,"LINESTRING (69.1983415 41.3604104, 69.1983237 41.3604633)",,,
5776368551,5776368544,0,149530740,cycleway,False,7.057,"LINESTRING (69.19842509999999 41.3603129, 69.1984879 41.3602704)",,,
5776368551,5776368534,0,149530740,cycleway,False,6.615,"LINESTRING (69.19842509999999 41.3603129, 69.198376 41.3603596)",,,
5776368552,1624992469,0,149530740,cycleway,False,7.144,"LINESTRING (69.198559 41.36024, 69.1986383 41.3602158)",,,
5776368552,5776368544,0,149530740,cycleway,False,6.829,"LINESTRING (69.198559 41.36024, 69.1984879 41.3602704)",,,
5776368553,5776368540,0,149530740,cycleway,False,6.618,"LINESTRING (69.1994823 41.3601046, 69.1995606 41.360114)",,,
5776368553,1624992471,0,149530740,cycleway,False,6.552,"LINESTRING (69.1994823 41.3601046, 69.19940389999999 41.3601077)",,,
5776368554,5776368536,0,149530740,cycleway,False,6.375,"LINESTRING (69.19964210000001 41.3601283, 69.1997097 41.360155)",,,
5776368554,5776368540,0,149530740,cycleway,False,6.985,"LINESTRING (69.19964210000001 41.3601283, 69.1995606 41.360114)",,,
5776368555,5776368539,0,149530740,cycleway,False,6.892,"LINESTRING (69.1997772 41.3601941, 69.1998337 41.3602393)",,,
5776368555,5776368536,0,149530740,cycleway,False,7.116,"LINESTRING (69.1997772 41.3601941, 69.1997097 41.360155)",,,
5776368556,5776368531,0,149530740,cycleway,False,7.811,"LINESTRING (69.19987709999999 41.3603025, 69.1999039 41.3603698)",,,
5776368556,5776368539,0,149530740,cycleway,False,7.906,"LINESTRING (69.19987709999999 41.3603025, 69.1998337 41.3602393)",,,
5776368557,5776368538,0,149530740,cycleway,False,6.474,"LINESTRING (69.1999091 41.3604275, 69.1998978 41.3604851)",,,
5776368557,5776368531,0,149530740,cycleway,False,6.431,"LINESTRING (69.1999091 41.3604275, 69.1999039 41.3603698)",,,
5776368558,5776368535,0,149530740,cycleway,False,6.595,"LINESTRING (69.1998681 41.3605454, 69.1998301 41.3605974)",,,
5776368558,5776368538,0,149530740,cycleway,False,7.149,"LINESTRING (69.1998681 41.3605454, 69.1998978 41.3604851)",,,
5776368559,5776368537,0,149530740,cycleway,False,7.302,"LINESTRING (69.1997767 41.360643, 69.19970669999999 41.3606824)",,,
5776368559,5776368535,0,149530740,cycleway,False,6.751,"LINESTRING (69.1997767 41.360643, 69.1998301 41.3605974)",,,
5776368560,1624992401,0,149530740,cycleway,False,6.712,"LINESTRING (69.1996334 41.3607135, 69.19956019999999 41.3607385)",,,
5776368560,5776368537,0,149530740,cycleway,False,7.027,"LINESTRING (69.1996334 41.3607135, 69.19970669999999 41.3606824)",,,
5776368561,5776368622,0,609870683,cycleway,False,1.507,"LINESTRING (69.1995897 41.3604092, 69.1995938 41.3604224)",,,
5776368561,5776368623,0,609870683,cycleway,False,1.404,"LINESTRING (69.1995897 41.3604092, 69.19958870000001 41.3603966)",,,
5776368561,5776368637,0,609870685,cycleway,False,32.583,"LINESTRING (69.1995897 41.3604092, 69.1992053 41.3604604)",,,
5776368562,5776368621,0,609870683,cycleway,False,1.504,"LINESTRING (69.1996007 41.3604349, 69.1996104 41.3604463)",,,
5776368562,5776368622,0,609870683,cycleway,False,1.505,"LINESTRING (69.1996007 41.3604349, 69.1995938 41.3604224)",,,
5776368563,5776368632,0,609870683,cycleway,False,1.508,"LINESTRING (69.19979979999999 41.3603924, 69.199797 41.360379)",,,
5776368563,5776368633,0,609870683,cycleway,False,1.501,"LINESTRING (69.19979979999999 41.3603924, 69.19979960000001 41.3604059)",,,
5776368564,5776368631,0,609870683,cycleway,False,1.409,"LINESTRING (69.1997916 41.360367, 69.1997837 41.3603558)",,,
5776368564,5776368632,0,609870683,cycleway,False,1.408,"LINESTRING (69.1997916 41.360367, 69.199797 41.360379)",,,
5776368565,5776368620,0,609870683,cycleway,False,1.502,"LINESTRING (69.1996225 41.3604564, 69.1996367 41.3604647)",,,
5776368565,5776368621,0,609870683,cycleway,False,1.51,"LINESTRING (69.1996225 41.3604564, 69.1996104 41.3604463)",,,
5776368566,5776368619,0,609870683,cycleway,False,1.502,"LINESTRING (69.1996527 41.3604711, 69.1996698 41.3604753)",,,
5776368566,5776368620,0,609870683,cycleway,False,1.513,"LINESTRING (69.1996527 41.3604711, 69.1996367 41.3604647)",,,
5776368567,5776368618,0,609870683,cycleway,False,1.503,"LINESTRING (69.1996876 41.3604774, 69.1997056 41.3604771)",,,
5776368567,5776368619,0,609870683,cycleway,False,1.504,"LINESTRING (69.1996876 41.3604774, 69.1996698 41.3604753)",,,
5776368568,5776368636,0,609870683,cycleway,False,1.508,"LINESTRING (69.1997233 41.3604745, 69.19974019999999 41.3604697)",,,
5776368568,5776368618,0,609870683,cycleway,False,1.505,"LINESTRING (69.1997233 41.3604745, 69.1997056 41.3604771)",,,
5776368569,5776368635,0,609870683,cycleway,False,1.511,"LINESTRING (69.1997557 41.3604628, 69.1997695 41.360454)",,,
5776368569,5776368636,0,609870683,cycleway,False,1.504,"LINESTRING (69.1997557 41.3604628, 69.19974019999999 41.3604697)",,,
5776368570,5776368634,0,609870683,cycleway,False,1.506,"LINESTRING (69.199781 41.3604436, 69.1997901 41.3604319)",,,
5776368570,5776368635,0,609870683,cycleway,False,1.503,"LINESTRING (69.199781 41.3604436, 69.1997695 41.360454)",,,
5776368571,5776368633,0,609870683,cycleway,False,1.504,"LINESTRING (69.1997963 41.3604192, 69.19979960000001 41.3604059)",,,
5776368571,5776368634,0,609870683,cycleway,False,1.504,"LINESTRING (69.1997963 41.3604192, 69.1997901 41.3604319)",,,
5776368572,5776368630,0,609870683,cycleway,False,1.412,"LINESTRING (69.1997736 41.3603457, 69.1997614 41.3603369)",,,
5776368572,5776368631,0,609870683,cycleway,False,1.404,"LINESTRING (69.1997736 41.3603457, 69.1997837 41.3603558)",,,
5776368573,5776368629,0,609870683,cycleway,False,1.404,"LINESTRING (69.19974759999999 41.3603296, 69.1997324 41.3603242)",,,
5776368573,5776368630,0,609870683,cycleway,False,1.409,"LINESTRING (69.19974759999999 41.3603296, 69.1997614 41.3603369)",,,
5776368574,5776368628,0,609870683,cycleway,False,1.413,"LINESTRING (69.1997162 41.3603206, 69.1996994 41.360319)",,,
5776368574,5776368629,0,609870683,cycleway,False,1.41,"LINESTRING (69.1997162 41.3603206, 69.1997324 41.3603242)",,,
5776368575,5776368627,0,609870683,cycleway,False,1.411,"LINESTRING (69.1996826 41.3603194, 69.19966599999999 41.3603218)",,,
5776368575,5776368628,0,609870683,cycleway,False,1.403,"LINESTRING (69.1996826 41.3603194, 69.1996994 41.360319)",,,
5776368576,5776368626,0,609870683,cycleway,False,1.407,"LINESTRING (69.19965019999999 41.3603261, 69.1996355 41.3603323)",,,
5776368576,5776368627,0,609870683,cycleway,False,1.403,"LINESTRING (69.19965019999999 41.3603261, 69.19966599999999 41.3603218)",,,
5776368577,5776368625,0,609870683,cycleway,False,1.408,"LINESTRING (69.19962219999999 41.3603402, 69.1996109 41.3603496)",,,
5776368577,5776368626,0,609870683,cycleway,False,1.416,"LINESTRING (69.19962219999999 41.3603402, 69.1996355 41.3603323)",,,
5776368578,5776368624,0,609870683,cycleway,False,1.413,"LINESTRING (69.19960159999999 41.3603602, 69.19959470000001 41.3603718)",,,
5776368578,5776368625,0,609870683,cycleway,False,1.411,"LINESTRING (69.19960159999999 41.3603602, 69.1996109 41.3603496)",,,
5776368579,5776368623,0,609870683,cycleway,False,1.408,"LINESTRING (69.19959040000001 41.360384, 69.19958870000001 41.3603966)",,,
5776368579,5776368624,0,609870683,cycleway,False,1.403,"LINESTRING (69.19959040000001 41.360384, 69.19959470000001 41.3603718)",,,
5776368580,5776368642,0,609870684,cycleway,False,0.34,"LINESTRING (69.1990387 41.3604796, 69.19904 41.3604825)",,,
5776368580,5776368604,0,609870684,cycleway,False,1.151,"LINESTRING (69.1990387 41.3604796, 69.1990373 41.3604693)",,,
5776368581,5776368602,0,609870684,cycleway,False,1.181,"LINESTRING (69.1990486 41.3604994, 69.1990569 41.360508)",,,
5776368581,5776368603,0,609870684,cycleway,False,1.182,"LINESTRING (69.1990486 41.3604994, 69.1990431 41.3604896)",,,
5776368582,5776368637,0,609870684,cycleway,False,0.361,"LINESTRING (69.199206 41.3604636, 69.1992053 41.3604604)",,,
5776368582,5776368614,0,609870684,cycleway,False,1.19,"LINESTRING (69.199206 41.3604636, 69.1992058 41.3604743)",,,
5776368583,5776368612,0,609870684,cycleway,False,1.158,"LINESTRING (69.1991999 41.3604434, 69.1991934 41.3604342)",,,
5776368583,5776368613,0,609870684,cycleway,False,1.148,"LINESTRING (69.1991999 41.3604434, 69.19920380000001 41.3604533)",,,
5776368584,5776368601,0,609870684,cycleway,False,1.17,"LINESTRING (69.19906659999999 41.3605156, 69.1990783 41.3605214)",,,
5776368584,5776368602,0,609870684,cycleway,False,1.17,"LINESTRING (69.19906659999999 41.3605156, 69.1990569 41.360508)",,,
5776368585,5776368600,0,609870684,cycleway,False,1.139,"LINESTRING (69.1990907 41.3605264, 69.1991039 41.360529)",,,
5776368585,5776368601,0,609870684,cycleway,False,1.175,"LINESTRING (69.1990907 41.3605264, 69.1990783 41.3605214)",,,
5776368586,5776368599,0,609870684,cycleway,False,1.161,"LINESTRING (69.19911829999999 41.3605308, 69.19913219999999 41.3605303)",,,
5776368586,5776368600,0,609870684,cycleway,False,1.218,"LINESTRING (69.19911829999999 41.3605308, 69.1991039 41.360529)",,,
5776368587,5776368617,0,609870684,cycleway,False,1.173,"LINESTRING (69.19914609999999 41.3605281, 69.1991591 41.3605241)",,,
5776368587,5776368599,0,609870684,cycleway,False,1.186,"LINESTRING (69.19914609999999 41.3605281, 69.19913219999999 41.3605303)",,,
5776368588,5776368616,0,609870684,cycleway,False,1.201,"LINESTRING (69.1991713 41.3605187, 69.1991819 41.3605114)",,,
5776368588,5776368617,0,609870684,cycleway,False,1.182,"LINESTRING (69.1991713 41.3605187, 69.1991591 41.3605241)",,,
5776368589,5776368615,0,609870684,cycleway,False,1.185,"LINESTRING (69.199191 41.3605036, 69.1991977 41.3604942)",,,
5776368589,5776368616,0,609870684,cycleway,False,1.153,"LINESTRING (69.199191 41.3605036, 69.1991819 41.3605114)",,,
5776368590,5776368614,0,609870684,cycleway,False,1.158,"LINESTRING (69.199203 41.3604845, 69.1992058 41.3604743)",,,
5776368590,5776368615,0,609870684,cycleway,False,1.166,"LINESTRING (69.199203 41.3604845, 69.1991977 41.3604942)",,,
5776368591,5776368611,0,609870684,cycleway,False,1.135,"LINESTRING (69.1991854 41.3604258, 69.1991755 41.3604188)",,,
5776368591,5776368612,0,609870684,cycleway,False,1.148,"LINESTRING (69.1991854 41.3604258, 69.1991934 41.3604342)",,,
5776368592,5776368610,0,609870684,cycleway,False,1.142,"LINESTRING (69.1991642 41.3604126, 69.1991519 41.3604081)",,,
5776368592,5776368611,0,609870684,cycleway,False,1.168,"LINESTRING (69.1991642 41.3604126, 69.1991755 41.3604188)",,,
5776368593,5776368609,0,609870684,cycleway,False,1.124,"LINESTRING (69.1991384 41.3604052, 69.199125 41.3604042)",,,
5776368593,5776368610,0,609870684,cycleway,False,1.172,"LINESTRING (69.1991384 41.3604052, 69.1991519 41.3604081)",,,
5776368594,5776368640,0,609870684,cycleway,False,0.607,"LINESTRING (69.19911089999999 41.3604045, 69.1991038 41.3604057)",,,
5776368594,5776368609,0,609870684,cycleway,False,1.177,"LINESTRING (69.19911089999999 41.3604045, 69.199125 41.3604042)",,,
5776368595,5776368607,0,609870684,cycleway,False,1.151,"LINESTRING (69.1990845 41.3604104, 69.1990729 41.360416)",,,
5776368595,5776368608,0,609870684,cycleway,False,1.16,"LINESTRING (69.1990845 41.3604104, 69.19909749999999 41.3604067)",,,
5776368596,5776368606,0,609870684,cycleway,False,1.154,"LINESTRING (69.199062 41.3604224, 69.19905319999999 41.3604304)",,,
5776368596,5776368607,0,609870684,cycleway,False,1.155,"LINESTRING (69.199062 41.3604224, 69.1990729 41.360416)",,,
5776368597,5776368605,0,609870684,cycleway,False,1.129,"LINESTRING (69.1990459 41.3604392, 69.19904080000001 41.3604486)",,,
5776368597,5776368606,0,609870684,cycleway,False,1.153,"LINESTRING (69.1990459 41.3604392, 69.19905319999999 41.3604304)",,,
5776368598,5776368604,0,609870684,cycleway,False,1.146,"LINESTRING (69.19903789999999 41.360459, 69.1990373 41.3604693)",,,
5776368598,5776368605,0,609870684,cycleway,False,1.181,"LINESTRING (69.19903789999999 41.360459, 69.19904080000001 41.3604486)",,,
5776368599,5776368587,0,609870684,cycleway,False,1.186,"LINESTRING (69.19913219999999 41.3605303, 69.19914609999999 41.3605281)",,,
5776368599,5776368586,0,609870684,cycleway,False,1.161,"LINESTRING (69.19913219999999 41.3605303, 69.19911829999999 41.3605308)",,,
5776368599,5776368638,0,609870686,cycleway,False,24.062,"LINESTRING (69.19913219999999 41.3605303, 69.19917839999999 41.3607439)",,,
5776368600,5776368586,0,609870684,cycleway,False,1.218,"LINESTRING (69.1991039 41.360529, 69.19911829999999 41.3605308)",,,
5776368600,5776368585,0,609870684,cycleway,False,1.139,"LINESTRING (69.1991039 41.360529, 69.1990907 41.3605264)",,,
5776368601,5776368585,0,609870684,cycleway,False,1.175,"LINESTRING (69.1990783 41.3605214, 69.1990907 41.3605264)",,,
5776368601,5776368584,0,609870684,cycleway,False,1.17,"LINESTRING (69.1990783 41.3605214, 69.19906659999999 41.3605156)",,,
5776368602,5776368584,0,609870684,cycleway,False,1.17,"LINESTRING (69.1990569 41.360508, 69.19906659999999 41.3605156)",,,
5776368602,5776368581,0,609870684,cycleway,False,1.181,"LINESTRING (69.1990569 41.360508, 69.1990486 41.3604994)",,,
5776368603,5776368581,0,609870684,cycleway,False,1.182,"LINESTRING (69.1990431 41.3604896, 69.1990486 41.3604994)",,,
5776368603,5776368642,0,609870684,cycleway,False,0.831,"LINESTRING (69.1990431 41.3604896, 69.19904 41.3604825)",,,
5776368604,5776368580,0,609870684,cycleway,False,1.151,"LINESTRING (69.1990373 41.3604693, 69.1990387 41.3604796)",,,
5776368604,5776368598,0,609870684,cycleway,False,1.146,"LINESTRING (69.1990373 41.3604693, 69.19903789999999 41.360459)",,,
5776368605,5776368598,0,609870684,cycleway,False,1.181,"LINESTRING (69.19904080000001 41.3604486, 69.19903789999999 41.360459)",,,
5776368605,5776368597,0,609870684,cycleway,False,1.129,"LINESTRING (69.19904080000001 41.3604486, 69.1990459 41.3604392)",,,
5776368606,5776368597,0,609870684,cycleway,False,1.153,"LINESTRING (69.19905319999999 41.3604304, 69.1990459 41.3604392)",,,
5776368606,5776368596,0,609870684,cycleway,False,1.154,"LINESTRING (69.19905319999999 41.3604304, 69.199062 41.3604224)",,,
5776368607,5776368596,0,609870684,cycleway,False,1.155,"LINESTRING (69.1990729 41.360416, 69.199062 41.3604224)",,,
5776368607,5776368595,0,609870684,cycleway,False,1.151,"LINESTRING (69.1990729 41.360416, 69.1990845 41.3604104)",,,
5776368608,5776368595,0,609870684,cycleway,False,1.16,"LINESTRING (69.19909749999999 41.3604067, 69.1990845 41.3604104)",,,
5776368608,5776368640,0,609870684,cycleway,False,0.537,"LINESTRING (69.19909749999999 41.3604067, 69.1991038 41.3604057)",,,
5776368609,5776368594,0,609870684,cycleway,False,1.177,"LINESTRING (69.199125 41.3604042, 69.19911089999999 41.3604045)",,,
5776368609,5776368593,0,609870684,cycleway,False,1.124,"LINESTRING (69.199125 41.3604042, 69.1991384 41.3604052)",,,
5776368610,5776368593,0,609870684,cycleway,False,1.172,"LINESTRING (69.1991519 41.3604081, 69.1991384 41.3604052)",,,
5776368610,5776368592,0,609870684,cycleway,False,1.142,"LINESTRING (69.1991519 41.3604081, 69.1991642 41.3604126)",,,
5776368611,5776368592,0,609870684,cycleway,False,1.168,"LINESTRING (69.1991755 41.3604188, 69.1991642 41.3604126)",,,
5776368611,5776368591,0,609870684,cycleway,False,1.135,"LINESTRING (69.1991755 41.3604188, 69.1991854 41.3604258)",,,
5776368612,5776368591,0,609870684,cycleway,False,1.148,"LINESTRING (69.1991934 41.3604342, 69.1991854 41.3604258)",,,
5776368612,5776368583,0,609870684,cycleway,False,1.158,"LINESTRING (69.1991934 41.3604342, 69.1991999 41.3604434)",,,
5776368613,5776368583,0,609870684,cycleway,False,1.148,"LINESTRING (69.19920380000001 41.3604533, 69.1991999 41.3604434)",,,
5776368613,5776368637,0,609870684,cycleway,False,0.799,"LINESTRING (69.19920380000001 41.3604533, 69.1992053 41.3604604)",,,
5776368614,5776368582,0,609870684,cycleway,False,1.19,"LINESTRING (69.1992058 41.3604743, 69.199206 41.3604636)",,,
5776368614,5776368590,0,609870684,cycleway,False,1.158,"LINESTRING (69.1992058 41.3604743, 69.199203 41.3604845)",,,
5776368615,5776368590,0,609870684,cycleway,False,1.166,"LINESTRING (69.1991977 41.3604942, 69.199203 41.3604845)",,,
5776368615,5776368589,0,609870684,cycleway,False,1.185,"LINESTRING (69.1991977 41.3604942, 69.199191 41.3605036)",,,
5776368616,5776368589,0,609870684,cycleway,False,1.153,"LINESTRING (69.1991819 41.3605114, 69.199191 41.3605036)",,,
5776368616,5776368588,0,609870684,cycleway,False,1.201,"LINESTRING (69.1991819 41.3605114, 69.1991713 41.3605187)",,,
5776368617,5776368588,0,609870684,cycleway,False,1.182,"LINESTRING (69.1991591 41.3605241, 69.1991713 41.3605187)",,,
5776368617,5776368587,0,609870684,cycleway,False,1.173,"LINESTRING (69.1991591 41.3605241, 69.19914609999999 41.3605281)",,,
5776368618,5776368568,0,609870683,cycleway,False,1.505,"LINESTRING (69.1997056 41.3604771, 69.1997233 41.3604745)",,,
5776368618,5776368567,0,609870683,cycleway,False,1.503,"LINESTRING (69.1997056 41.3604771, 69.1996876 41.3604774)",,,
5776368619,5776368567,0,609870683,cycleway,False,1.504,"LINESTRING (69.1996698 41.3604753, 69.1996876 41.3604774)",,,
5776368619,5776368566,0,609870683,cycleway,False,1.502,"LINESTRING (69.1996698 41.3604753, 69.1996527 41.3604711)",,,
5776368620,5776368566,0,609870683,cycleway,False,1.513,"LINESTRING (69.1996367 41.3604647, 69.1996527 41.3604711)",,,
5776368620,5776368565,0,609870683,cycleway,False,1.502,"LINESTRING (69.1996367 41.3604647, 69.1996225 41.3604564)",,,
5776368621,5776368565,0,609870683,cycleway,False,1.51,"LINESTRING (69.1996104 41.3604463, 69.1996225 41.3604564)",,,
5776368621,5776368562,0,609870683,cycleway,False,1.504,"LINESTRING (69.1996104 41.3604463, 69.1996007 41.3604349)",,,
5776368622,5776368562,0,609870683,cycleway,False,1.505,"LINESTRING (69.1995938 41.3604224, 69.1996007 41.3604349)",,,
5776368622,5776368561,0,609870683,cycleway,False,1.507,"LINESTRING (69.1995938 41.3604224, 69.1995897 41.3604092)",,,
5776368623,5776368561,0,609870683,cycleway,False,1.404,"LINESTRING (69.19958870000001 41.3603966, 69.1995897 41.3604092)",,,
5776368623,5776368579,0,609870683,cycleway,False,1.408,"LINESTRING (69.19958870000001 41.3603966, 69.19959040000001 41.360384)",,,
5776368624,5776368579,0,609870683,cycleway,False,1.403,"LINESTRING (69.19959470000001 41.3603718, 69.19959040000001 41.360384)",,,
5776368624,5776368578,0,609870683,cycleway,False,1.413,"LINESTRING (69.19959470000001 41.3603718, 69.19960159999999 41.3603602)",,,
5776368625,5776368578,0,609870683,cycleway,False,1.411,"LINESTRING (69.1996109 41.3603496, 69.19960159999999 41.3603602)",,,
5776368625,5776368577,0,609870683,cycleway,False,1.408,"LINESTRING (69.1996109 41.3603496, 69.19962219999999 41.3603402)",,,
5776368626,5776368577,0,609870683,cycleway,False,1.416,"LINESTRING (69.1996355 41.3603323, 69.19962219999999 41.3603402)",,,
5776368626,5776368576,0,609870683,cycleway,False,1.407,"LINESTRING (69.1996355 41.3603323, 69.19965019999999 41.3603261)",,,
5776368627,5776368576,0,609870683,cycleway,False,1.403,"LINESTRING (69.19966599999999 41.3603218, 69.19965019999999 41.3603261)",,,
5776368627,5776368575,0,609870683,cycleway,False,1.411,"LINESTRING (69.19966599999999 41.3603218, 69.1996826 41.3603194)",,,
5776368628,5776368575,0,609870683,cycleway,False,1.403,"LINESTRING (69.1996994 41.360319, 69.1996826 41.3603194)",,,
5776368628,5776368574,0,609870683,cycleway,False,1.413,"LINESTRING (69.1996994 41.360319, 69.1997162 41.3603206)",,,
5776368629,5776368574,0,609870683,cycleway,False,1.41,"LINESTRING (69.1997324 41.3603242, 69.1997162 41.3603206)",,,
5776368629,5776368573,0,609870683,cycleway,False,1.404,"LINESTRING (69.1997324 41.3603242, 69.19974759999999 41.3603296)",,,
5776368630,5776368573,0,609870683,cycleway,False,1.409,"LINESTRING (69.1997614 41.3603369, 69.19974759999999 41.3603296)",,,
5776368630,5776368572,0,609870683,cycleway,False,1.412,"LINESTRING (69.1997614 41.3603369, 69.1997736 41.3603457)",,,
5776368631,5776368572,0,609870683,cycleway,False,1.404,"LINESTRING (69.1997837 41.3603558, 69.1997736 41.3603457)",,,
5776368631,5776368564,0,609870683,cycleway,False,1.409,"LINESTRING (69.1997837 41.3603558, 69.1997916 41.360367)",,,
5776368632,5776368564,0,609870683,cycleway,False,1.408,"LINESTRING (69.199797 41.360379, 69.1997916 41.360367)",,,
5776368632,5776368563,0,609870683,cycleway,False,1.508,"LINESTRING (69.199797 41.360379, 69.19979979999999 41.3603924)",,,
5776368633,5776368563,0,609870683,cycleway,False,1.501,"LINESTRING (69.19979960000001 41.3604059, 69.19979979999999 41.3603924)",,,
5776368633,5776368571,0,609870683,cycleway,False,1.504,"LINESTRING (69.19979960000001 41.3604059, 69.1997963 41.3604192)",,,
5776368634,5776368571,0,609870683,cycleway,False,1.504,"LINESTRING (69.1997901 41.3604319, 69.1997963 41.3604192)",,,
5776368634,5776368570,0,609870683,cycleway,False,1.506,"LINESTRING (69.1997901 41.3604319, 69.199781 41.3604436)",,,
5776368635,5776368570,0,609870683,cycleway,False,1.503,"LINESTRING (69.1997695 41.360454, 69.199781 41.3604436)",,,
5776368635,5776368569,0,609870683,cycleway,False,1.511,"LINESTRING (69.1997695 41.360454, 69.1997557 41.3604628)",,,
5776368636,5776368569,0,609870683,cycleway,False,1.504,"LINESTRING (69.19974019999999 41.3604697, 69.1997557 41.3604628)",,,
5776368636,5776368568,0,609870683,cycleway,False,1.508,"LINESTRING (69.19974019999999 41.3604697, 69.1997233 41.3604745)",,,
5776368637,5776368613,0,609870684,cycleway,False,0.799,"LINESTRING (69.1992053 41.3604604, 69.19920380000001 41.3604533)",,,
5776368637,5776368582,0,609870684,cycleway,False,0.361,"LINESTRING (69.1992053 41.3604604, 69.199206 41.3604636)",,,
5776368637,5776368561,0,609870685,cycleway,False,32.583,"LINESTRING (69.1992053 41.3604604, 69.1995897 41.3604092)",,,
5776368638,5776368599,0,609870686,cycleway,False,24.062,"LINESTRING (69.19917839999999 41.3607439, 69.19913219999999 41.3605303)",,,
5776368639,5776368640,0,609870687,cycleway,False,23.274,"LINESTRING (69.1990583 41.3601992, 69.1991038 41.3604057)",,,
5776368640,5776368608,0,609870684,cycleway,False,0.537,"LINESTRING (69.1991038 41.3604057, 69.19909749999999 41.3604067)",,,
5776368640,5776368594,0,609870684,cycleway,False,0.607,"LINESTRING (69.1991038 41.3604057, 69.19911089999999 41.3604045)",,,
5776368640,5776368639,0,609870687,cycleway,False,23.274,"LINESTRING (69.1991038 41.3604057, 69.1990583 41.3601992)",,,
5776368641,5776424738,0,609870688,cycleway,False,37.967,"LINESTRING (69.1984806 41.360556, 69.1989287 41.3604971)",,,
5776368641,5776368682,0,609870692,cycleway,False,24.022,"LINESTRING (69.1984806 41.360556, 69.1981967 41.3605916)",yes,,
5776368642,5776368603,0,609870684,cycleway,False,0.831,"LINESTRING (69.19904 41.3604825, 69.1990431 41.3604896)",,,
5776368642,5776368580,0,609870684,cycleway,False,0.34,"LINESTRING (69.19904 41.3604825, 69.1990387 41.3604796)",,,
5776368642,5776424738,0,609870688,cycleway,False,9.43,"LINESTRING (69.19904 41.3604825, 69.1989287 41.3604971)",,,
5776368681,5776368682,0,609870693,cycleway,False,8.133,"LINESTRING (69.1981006 41.3606037, 69.1981967 41.3605916)",,,
5776368682,5776368641,0,609870692,cycleway,False,24.022,"LINESTRING (69.1981967 41.3605916, 69.1984806 41.360556)",yes,,
5776368682,5776368681,0,609870693,cycleway,False,8.133,"LINESTRING (69.1981967 41.3605916, 69.1981006 41.3606037)",,,
5776424736,5776424738,0,609878834,cycleway,False,31.102,"LINESTRING (69.1988628 41.3602218, 69.1989287 41.3604971)",,,
5776424737,5776424738,0,609878834,cycleway,False,30.447,"LINESTRING (69.1989932 41.3607666, 69.1989287 41.3604971)",,,
5776424738,5776368642,0,609870688,cycleway,False,9.43,"LINESTRING (69.1989287 41.3604971, 69.19904 41.3604825)",,,
5776424738,5776368641,0,609870688,cycleway,False,37.967,"LINESTRING (69.1989287 41.3604971, 69.1984806 41.360556)",,,
5776424738,5776424737,0,609878834,cycleway,False,30.447,"LINESTRING (69.1989287 41.3604971, 69.1989932 41.3607666)",,,
5776424738,5776424736,0,609878834,cycleway,False,31.102,"LINESTRING (69.1989287 41.3604971, 69.1988628 41.3602218)",,,
5858443885,5858443886,0,619975817,cycleway,False,7.833,"LINESTRING (69.3060698 41.3659554, 69.3059835 41.3659831)",,,
5858443885,5858443922,0,619975817,cycleway,False,19.274,"LINESTRING (69.3060698 41.3659554, 69.30610679999999 41.3657843)",,,
5858443886,5858443887,0,619975817,cycleway,False,16.399,"LINESTRING (69.3059835 41.3659831, 69.30583559999999 41.365886)",,,
5858443886,5858443885,0,619975817,cycleway,False,7.833,"LINESTRING (69.3059835 41.3659831, 69.3060698 41.3659554)",,,
5858443887,5858443888,0,619975817,cycleway,False,19.548,"LINESTRING (69.30583559999999 41.365886, 69.3057001 41.3657426)",,,
5858443887,5858443886,0,619975817,cycleway,False,16.399,"LINESTRING (69.30583559999999 41.365886, 69.3059835 41.3659831)",,,
5858443888,5858443889,0,619975817,cycleway,False,24.763,"LINESTRING (69.3057001 41.3657426, 69.30550289999999 41.3655762)",,,
5858443888,5858443887,0,619975817,cycleway,False,19.548,"LINESTRING (69.3057001 41.3657426, 69.30583559999999 41.365886)",,,
5858443889,5858443890,0,619975817,cycleway,False,27.382,"LINESTRING (69.30550289999999 41.3655762, 69.3053488 41.3653588)",,,
5858443889,5858443888,0,619975817,cycleway,False,24.763,"LINESTRING (69.30550289999999 41.3655762, 69.3057001 41.3657426)",,,
5858443890,5858443891,0,619975817,cycleway,False,27.879,"LINESTRING (69.3053488 41.3653588, 69.3055152 41.3651414)",,,
5858443890,5858443889,0,619975817,cycleway,False,27.382,"LINESTRING (69.3053488 41.3653588, 69.30550289999999 41.3655762)",,,
5858443891,5858443892,0,619975817,cycleway,False,18.572,"LINESTRING (69.3055152 41.3651414, 69.3056631 41.3650166)",,,
5858443891,5858443890,0,619975817,cycleway,False,27.879,"LINESTRING (69.3055152 41.3651414, 69.3053488 41.3653588)",,,
5858443892,5858443893,0,619975817,cycleway,False,17.556,"LINESTRING (69.3056631 41.3650166, 69.3058418 41.3649333)",,,
5858443892,5858443891,0,619975817,cycleway,False,18.572,"LINESTRING (69.3056631 41.3650166, 69.3055152 41.3651414)",,,
5858443893,5858443894,0,619975817,cycleway,False,15.846,"LINESTRING (69.3058418 41.3649333, 69.3060267 41.3649657)",,,
5858443893,5858443892,0,619975817,cycleway,False,17.556,"LINESTRING (69.3058418 41.3649333, 69.3056631 41.3650166)",,,
5858443894,5858443895,0,619975817,cycleway,False,23.663,"LINESTRING (69.3060267 41.3649657, 69.3062362 41.3651091)",,,
5858443894,5858443893,0,619975817,cycleway,False,15.846,"LINESTRING (69.3060267 41.3649657, 69.3058418 41.3649333)",,,
5858443895,5858443896,0,619975817,cycleway,False,13.716,"LINESTRING (69.3062362 41.3651091, 69.3062731 41.3652293)",,,
5858443895,5858443894,0,619975817,cycleway,False,23.663,"LINESTRING (69.3062362 41.3651091, 69.3060267 41.3649657)",,,
5858443896,5858443897,0,619975817,cycleway,False,19.031,"LINESTRING (69.3062731 41.3652293, 69.3061314 41.3653634)",,,
5858443896,5858443895,0,619975817,cycleway,False,13.716,"LINESTRING (69.3062731 41.3652293, 69.3062362 41.3651091)",,,
5858443897,5858443898,0,619975817,cycleway,False,20.033,"LINESTRING (69.3061314 41.3653634, 69.30595270000001 41.3654837)",,,
5858443897,5858443896,0,619975817,cycleway,False,19.031,"LINESTRING (69.3061314 41.3653634, 69.3062731 41.3652293)",,,
5858443898,5858443899,0,619975817,cycleway,False,9.2,"LINESTRING (69.30595270000001 41.3654837, 69.3058541 41.3655207)",,,
5858443898,5858443897,0,619975817,cycleway,False,20.033,"LINESTRING (69.30595270000001 41.3654837, 69.3061314 41.3653634)",,,
5858443899,5858443900,0,619975817,cycleway,False,11.078,"LINESTRING (69.3058541 41.3655207, 69.3058048 41.3654282)",,,
5858443899,5858443898,0,619975817,cycleway,False,9.2,"LINESTRING (69.3058541 41.3655207, 69.30595270000001 41.3654837)",,,
5858443900,5858443901,0,619975817,cycleway,False,15.625,"LINESTRING (69.3058048 41.3654282, 69.30586030000001 41.365294)",,,
5858443900,5858443899,0,619975817,cycleway,False,11.078,"LINESTRING (69.3058048 41.3654282, 69.3058541 41.3655207)",,,
5858443901,5858443902,0,619975817,cycleway,False,18.536,"LINESTRING (69.30586030000001 41.365294, 69.3059342 41.3651368)",,,
5858443901,5858443900,0,619975817,cycleway,False,15.625,"LINESTRING (69.30586030000001 41.365294, 69.3058048 41.3654282)",,,
5858443902,5858443903,0,619975817,cycleway,False,6.901,"LINESTRING (69.3059342 41.3651368, 69.3058972 41.3650813)",,,
5858443902,5858443901,0,619975817,cycleway,False,18.536,"LINESTRING (69.3059342 41.3651368, 69.30586030000001 41.365294)",,,
5858443903,5858443904,0,619975817,cycleway,False,14.629,"LINESTRING (69.3058972 41.3650813, 69.3057309 41.3651229)",,,
5858443903,5858443902,0,619975817,cycleway,False,6.901,"LINESTRING (69.3058972 41.3650813, 69.3059342 41.3651368)",,,
5858443904,5858443905,0,619975817,cycleway,False,24.964,"LINESTRING (69.3057309 41.3651229, 69.3055707 41.3653125)",,,
5858443904,5858443903,0,619975817,cycleway,False,14.629,"LINESTRING (69.3057309 41.3651229, 69.3058972 41.3650813)",,,
5858443905,5858443906,0,619975817,cycleway,False,19.876,"LINESTRING (69.3055707 41.3653125, 69.3056138 41.3654883)",,,
5858443905,5858443904,0,619975817,cycleway,False,24.964,"LINESTRING (69.3055707 41.3653125, 69.3057309 41.3651229)",,,
5858443906,5858443907,0,619975817,cycleway,False,17.819,"LINESTRING (69.3056138 41.3654883, 69.3057678 41.3655993)",,,
5858443906,5858443905,0,619975817,cycleway,False,19.876,"LINESTRING (69.3056138 41.3654883, 69.3055707 41.3653125)",,,
5858443907,5858443908,0,619975817,cycleway,False,12.555,"LINESTRING (69.3057678 41.3655993, 69.3058911 41.365664)",,,
5858443907,5858443906,0,619975817,cycleway,False,17.819,"LINESTRING (69.3057678 41.3655993, 69.3056138 41.3654883)",,,
5858443908,5858443909,0,619975817,cycleway,False,18.172,"LINESTRING (69.3058911 41.365664, 69.3060883 41.3655947)",,,
5858443908,5858443907,0,619975817,cycleway,False,12.555,"LINESTRING (69.3058911 41.365664, 69.3057678 41.3655993)",,,
5858443909,5858443910,0,619975817,cycleway,False,25.946,"LINESTRING (69.3060883 41.3655947, 69.3062855 41.3654143)",,,
5858443909,5858443908,0,619975817,cycleway,False,18.172,"LINESTRING (69.3060883 41.3655947, 69.3058911 41.365664)",,,
5858443910,5858443911,0,619975817,cycleway,False,16.366,"LINESTRING (69.3062855 41.3654143, 69.306421 41.3653079)",,,
5858443910,5858443909,0,619975817,cycleway,False,25.946,"LINESTRING (69.3062855 41.3654143, 69.3060883 41.3655947)",,,
5858443911,5858443912,0,619975817,cycleway,False,11.124,"LINESTRING (69.306421 41.3653079, 69.3065319 41.3653634)",,,
5858443911,5858443910,0,619975817,cycleway,False,16.366,"LINESTRING (69.306421 41.3653079, 69.3062855 41.3654143)",,,
5858443912,5858443913,0,619975817,cycleway,False,16.271,"LINESTRING (69.3065319 41.3653634, 69.3066429 41.3654837)",,,
5858443912,5858443911,0,619975817,cycleway,False,11.124,"LINESTRING (69.3065319 41.3653634, 69.306421 41.3653079)",,,
5858443913,5858443914,0,619975817,cycleway,False,13.985,"LINESTRING (69.3066429 41.3654837, 69.3067415 41.3655854)",,,
5858443913,5858443912,0,619975817,cycleway,False,16.271,"LINESTRING (69.3066429 41.3654837, 69.3065319 41.3653634)",,,
5858443914,5858443915,0,619975817,cycleway,False,9.819,"LINESTRING (69.3067415 41.3655854, 69.3068277 41.3656455)",,,
5858443914,5858443913,0,619975817,cycleway,False,13.985,"LINESTRING (69.3067415 41.3655854, 69.3066429 41.3654837)",,,
5858443915,5858443916,0,619975817,cycleway,False,7.223,"LINESTRING (69.3068277 41.3656455, 69.30682160000001 41.3657103)",,,
5858443915,5858443914,0,619975817,cycleway,False,9.819,"LINESTRING (69.3068277 41.3656455, 69.3067415 41.3655854)",,,
5858443916,5858443917,0,619975817,cycleway,False,7.274,"LINESTRING (69.30682160000001 41.3657103, 69.3067353 41.3657195)",,,
5858443916,5858443915,0,619975817,cycleway,False,7.223,"LINESTRING (69.30682160000001 41.3657103, 69.3068277 41.3656455)",,,
5858443917,5858443918,0,619975817,cycleway,False,11.991,"LINESTRING (69.3067353 41.3657195, 69.3066121 41.365664)",,,
5858443917,5858443916,0,619975817,cycleway,False,7.274,"LINESTRING (69.3067353 41.3657195, 69.30682160000001 41.3657103)",,,
5858443918,5858443919,0,619975817,cycleway,False,17.712,"LINESTRING (69.3066121 41.365664, 69.306421 41.3655947)",,,
5858443918,5858443917,0,619975817,cycleway,False,11.991,"LINESTRING (69.3066121 41.365664, 69.3067353 41.3657195)",,,
5858443919,5858443920,0,619975817,cycleway,False,15.431,"LINESTRING (69.306421 41.3655947, 69.3062362 41.3655993)",,,
5858443919,5858443918,0,619975817,cycleway,False,17.712,"LINESTRING (69.306421 41.3655947, 69.3066121 41.365664)",,,
5858443920,5858443921,0,619975817,cycleway,False,10.704,"LINESTRING (69.3062362 41.3655993, 69.3061314 41.3656548)",,,
5858443920,5858443919,0,619975817,cycleway,False,15.431,"LINESTRING (69.3062362 41.3655993, 69.306421 41.3655947)",,,
5858443921,5858443922,0,619975817,cycleway,False,14.545,"LINESTRING (69.3061314 41.3656548, 69.30610679999999 41.3657843)",,,
5858443921,5858443920,0,619975817,cycleway,False,10.704,"LINESTRING (69.3061314 41.3656548, 69.3062362 41.3655993)",,,
5858443922,5858443885,0,619975817,cycleway,False,19.274,"LINESTRING (69.30610679999999 41.3657843, 69.3060698 41.3659554)",,,
5858443922,5858443921,0,619975817,cycleway,False,14.545,"LINESTRING (69.30610679999999 41.3657843, 69.3061314 41.3656548)",,,
6124416421,6124416422,0,653499126,cycleway,False,3.187,"LINESTRING (69.2829595 41.3278561, 69.2829663 41.3278843)",,,
6124416422,6124416421,0,653499126,cycleway,False,3.187,"LINESTRING (69.2829663 41.3278843, 69.2829595 41.3278561)",,,
6124416422,6124416423,0,653499126,cycleway,False,2.94,"LINESTRING (69.2829663 41.3278843, 69.28300110000001 41.3278883)",,,
6124416423,6124416422,0,653499126,cycleway,False,2.94,"LINESTRING (69.28300110000001 41.3278883, 69.2829663 41.3278843)",,,
6124416423,6124416424,0,653499126,cycleway,False,3.805,"LINESTRING (69.28300110000001 41.3278883, 69.28304540000001 41.3278963)",,,
6124416424,6124416423,0,653499126,cycleway,False,3.805,"LINESTRING (69.28304540000001 41.3278963, 69.28300110000001 41.3278883)",,,
6124416424,6124416425,0,653499126,cycleway,False,3.919,"LINESTRING (69.28304540000001 41.3278963, 69.2830829 41.3279175)",,,
6124416425,6124416424,0,653499126,cycleway,False,3.919,"LINESTRING (69.2830829 41.3279175, 69.28304540000001 41.3278963)",,,
6124416425,6124416426,0,653499126,cycleway,False,4.381,"LINESTRING (69.2830829 41.3279175, 69.2831137 41.3279494)",,,
6124416426,6124416425,0,653499126,cycleway,False,4.381,"LINESTRING (69.2831137 41.3279494, 69.2830829 41.3279175)",,,
6124416426,6124416427,0,653499126,cycleway,False,74.504,"LINESTRING (69.2831137 41.3279494, 69.2832488 41.3286117)",,,
6124416427,6124416426,0,653499126,cycleway,False,74.504,"LINESTRING (69.2832488 41.3286117, 69.2831137 41.3279494)",,,
6124416428,6124416429,0,653499127,cycleway,False,103.155,"LINESTRING (69.2834107 41.3274799, 69.28322369999999 41.3265629)",,,
6124416429,6124416428,0,653499127,cycleway,False,103.155,"LINESTRING (69.28322369999999 41.3265629, 69.2834107 41.3274799)",,,
6367488645,6367488646,0,680055120,cycleway,False,3.757,"LINESTRING (69.3073717 41.3054517, 69.307367 41.3054853)",,,
6367488645,6367488653,0,680055120,cycleway,False,3.818,"LINESTRING (69.3073717 41.3054517, 69.30740400000001 41.3054274)",,,
6367488646,6367488647,0,680055120,cycleway,False,2.873,"LINESTRING (69.307367 41.3054853, 69.30738239999999 41.3055084)",,,
6367488646,6367488645,0,680055120,cycleway,False,3.757,"LINESTRING (69.307367 41.3054853, 69.3073717 41.3054517)",,,
6367488647,6367488654,0,680055120,cycleway,False,5.957,"LINESTRING (69.30738239999999 41.3055084, 69.3074275 41.3055499)",,,
6367488647,6367488646,0,680055120,cycleway,False,2.873,"LINESTRING (69.30738239999999 41.3055084, 69.307367 41.3054853)",,,
6367488648,6367489404,0,680055120,cycleway,False,3.27,"LINESTRING (69.3076844 41.3057537, 69.3077232 41.3057498)",,,
6367488648,6367489399,0,680055120,cycleway,False,19.126,"LINESTRING (69.3076844 41.3057537, 69.307526 41.3056295)",,,
6367488649,6367501386,0,680055120,cycleway,False,1.754,"LINESTRING (69.3083453 41.3056878, 69.3083572 41.3056748)",,,
6367488649,6367489460,0,680055120,cycleway,False,6.267,"LINESTRING (69.3083453 41.3056878, 69.3082709 41.3056951)",,,
6367488650,6367489464,0,680055120,cycleway,False,14.576,"LINESTRING (69.3083761 41.3056542, 69.3083559 41.305524)",,,
6367488650,6367501386,0,680055120,cycleway,False,2.782,"LINESTRING (69.3083761 41.3056542, 69.3083572 41.3056748)",,,
6367488651,6367500983,0,680055120,cycleway,False,1.869,"LINESTRING (69.30830760000001 41.3051719, 69.3082872 41.305165)",,,
6367488651,6367489485,0,680055120,cycleway,False,4.002,"LINESTRING (69.30830760000001 41.3051719, 69.3083137 41.3052076)",,,
6367488652,6367489488,0,680055120,cycleway,False,3.144,"LINESTRING (69.3082658 41.3051577, 69.3082309 41.3051683)",,,
6367488652,6367500983,0,680055120,cycleway,False,1.963,"LINESTRING (69.3082658 41.3051577, 69.3082872 41.305165)",,,
6367488653,6367488645,0,680055120,cycleway,False,3.818,"LINESTRING (69.30740400000001 41.3054274, 69.3073717 41.3054517)",,,
6367488653,6367489412,0,680055120,cycleway,False,4.986,"LINESTRING (69.30740400000001 41.3054274, 69.30746019999999 41.3054123)",,,
6367488654,6367489399,0,680055120,cycleway,False,12.085,"LINESTRING (69.3074275 41.3055499, 69.307526 41.3056295)",,,
6367488654,6367488647,0,680055120,cycleway,False,5.957,"LINESTRING (69.3074275 41.3055499, 69.30738239999999 41.3055084)",,,
6367489393,6367489456,0,680055120,cycleway,False,10.782,"LINESTRING (69.3079771 41.3057238, 69.30810510000001 41.3057113)",,,
6367489393,6367489406,0,680055120,cycleway,False,16.035,"LINESTRING (69.3079771 41.3057238, 69.3077869 41.3057433)",,,
6367489396,6801841768,0,680055120,cycleway,False,23.723,"LINESTRING (69.3079101 41.305271, 69.30764720000001 41.3053517)",,,
6367489396,6367489469,0,680055120,cycleway,False,11.475,"LINESTRING (69.3079101 41.305271, 69.3080374 41.3052322)",,,
6367489397,6367489481,0,680055120,cycleway,False,7.447,"LINESTRING (69.3083472 41.3054676, 69.30833130000001 41.3054017)",,,
6367489397,6367489464,0,680055120,cycleway,False,6.313,"LINESTRING (69.3083472 41.3054676, 69.3083559 41.305524)",,,
6367489399,6367488648,0,680055120,cycleway,False,19.126,"LINESTRING (69.307526 41.3056295, 69.3076844 41.3057537)",,,
6367489399,6367488654,0,680055120,cycleway,False,12.085,"LINESTRING (69.307526 41.3056295, 69.3074275 41.3055499)",,,
6367489404,6367489406,0,680055120,cycleway,False,5.37,"LINESTRING (69.3077232 41.3057498, 69.3077869 41.3057433)",,,
6367489404,6367488648,0,680055120,cycleway,False,3.27,"LINESTRING (69.3077232 41.3057498, 69.3076844 41.3057537)",,,
6367489406,6367489393,0,680055120,cycleway,False,16.035,"LINESTRING (69.3077869 41.3057433, 69.3079771 41.3057238)",,,
6367489406,6367489404,0,680055120,cycleway,False,5.37,"LINESTRING (69.3077869 41.3057433, 69.3077232 41.3057498)",,,
6367489412,6367488653,0,680055120,cycleway,False,4.986,"LINESTRING (69.30746019999999 41.3054123, 69.30740400000001 41.3054274)",,,
6367489412,6801841768,0,680055120,cycleway,False,17.012,"LINESTRING (69.30746019999999 41.3054123, 69.30764720000001 41.3053517)",,,
6367489456,6367489458,0,680055120,cycleway,False,5.661,"LINESTRING (69.30810510000001 41.3057113, 69.3081723 41.3057047)",,,
6367489456,6367489393,0,680055120,cycleway,False,10.782,"LINESTRING (69.30810510000001 41.3057113, 69.3079771 41.3057238)",,,
6367489458,6367489460,0,680055120,cycleway,False,8.305,"LINESTRING (69.3081723 41.3057047, 69.3082709 41.3056951)",,,
6367489458,6367489456,0,680055120,cycleway,False,5.661,"LINESTRING (69.3081723 41.3057047, 69.30810510000001 41.3057113)",,,
6367489460,6367488649,0,680055120,cycleway,False,6.267,"LINESTRING (69.3082709 41.3056951, 69.3083453 41.3056878)",,,
6367489460,6367489458,0,680055120,cycleway,False,8.305,"LINESTRING (69.3082709 41.3056951, 69.3081723 41.3057047)",,,
6367489464,6367489397,0,680055120,cycleway,False,6.313,"LINESTRING (69.3083559 41.305524, 69.3083472 41.3054676)",,,
6367489464,6367488650,0,680055120,cycleway,False,14.576,"LINESTRING (69.3083559 41.305524, 69.3083761 41.3056542)",,,
6367489469,6367489396,0,680055120,cycleway,False,11.475,"LINESTRING (69.3080374 41.3052322, 69.3079101 41.305271)",,,
6367489469,6367489488,0,680055120,cycleway,False,17.656,"LINESTRING (69.3080374 41.3052322, 69.3082309 41.3051683)",,,
6367489481,6367489485,0,680055120,cycleway,False,21.633,"LINESTRING (69.30833130000001 41.3054017, 69.3083137 41.3052076)",,,
6367489481,6367489397,0,680055120,cycleway,False,7.447,"LINESTRING (69.30833130000001 41.3054017, 69.3083472 41.3054676)",,,
6367489485,6367488651,0,680055120,cycleway,False,4.002,"LINESTRING (69.3083137 41.3052076, 69.30830760000001 41.3051719)",,,
6367489485,6367489481,0,680055120,cycleway,False,21.633,"LINESTRING (69.3083137 41.3052076, 69.30833130000001 41.3054017)",,,
6367489488,6367489469,0,680055120,cycleway,False,17.656,"LINESTRING (69.3082309 41.3051683, 69.3080374 41.3052322)",,,
6367489488,6367488652,0,680055120,cycleway,False,3.144,"LINESTRING (69.3082309 41.3051683, 69.3082658 41.3051577)",,,
6367500983,6367488652,0,680055120,cycleway,False,1.963,"LINESTRING (69.3082872 41.305165, 69.3082658 41.3051577)",,,
6367500983,6367488651,0,680055120,cycleway,False,1.869,"LINESTRING (69.3082872 41.305165, 69.30830760000001 41.3051719)",,,
6367501386,6367488650,0,680055120,cycleway,False,2.782,"LINESTRING (69.3083572 41.3056748, 69.3083761 41.3056542)",,,
6367501386,6367488649,0,680055120,cycleway,False,1.754,"LINESTRING (69.3083572 41.3056748, 69.3083453 41.3056878)",,,
6749249394,6749249395,0,718802549,cycleway,False,11.16,"LINESTRING (69.2593893 41.2726958, 69.2595036 41.2727477)",,,
6749249395,6749249396,0,718802549,cycleway,False,23.059,"LINESTRING (69.2595036 41.2727477, 69.2596618 41.2729176)",,,
6749249395,6749249394,0,718802549,cycleway,False,11.16,"LINESTRING (69.2595036 41.2727477, 69.2593893 41.2726958)",,,
6749249396,6749249397,0,718802549,cycleway,False,21.187,"LINESTRING (69.2596618 41.2729176, 69.2598776 41.2730176)",,,
6749249396,6749249395,0,718802549,cycleway,False,23.059,"LINESTRING (69.2596618 41.2729176, 69.2595036 41.2727477)",,,
6749249397,6749249398,0,718802549,cycleway,False,15.74,"LINESTRING (69.2598776 41.2730176, 69.2600585 41.273057)",,,
6749249397,6749249396,0,718802549,cycleway,False,21.187,"LINESTRING (69.2598776 41.2730176, 69.2596618 41.2729176)",,,
6749249398,6749249399,0,718802549,cycleway,False,109.975,"LINESTRING (69.2600585 41.273057, 69.2613592 41.2732071)",,,
6749249398,6749249397,0,718802549,cycleway,False,15.74,"LINESTRING (69.2600585 41.273057, 69.2598776 41.2730176)",,,
6749249399,6749249400,0,718802549,cycleway,False,22.694,"LINESTRING (69.2613592 41.2732071, 69.2616301 41.2732212)",,,
6749249399,6749249398,0,718802549,cycleway,False,109.975,"LINESTRING (69.2613592 41.2732071, 69.2600585 41.273057)",,,
6749249400,6749249401,0,718802549,cycleway,False,94.906,"LINESTRING (69.2616301 41.2732212, 69.26276470000001 41.2731849)",,,
6749249400,6749249399,0,718802549,cycleway,False,22.694,"LINESTRING (69.2616301 41.2732212, 69.2613592 41.2732071)",,,
6749249401,6749249402,0,718802549,cycleway,False,49.997,"LINESTRING (69.26276470000001 41.2731849, 69.2633628 41.2731748)",,,
6749249401,6749249400,0,718802549,cycleway,False,94.906,"LINESTRING (69.26276470000001 41.2731849, 69.2616301 41.2732212)",,,
6749249402,6749249403,0,718802549,cycleway,False,61.279,"LINESTRING (69.2633628 41.2731748, 69.26407089999999 41.2730317)",,,
6749249402,6749249401,0,718802549,cycleway,False,49.997,"LINESTRING (69.2633628 41.2731748, 69.26276470000001 41.2731849)",,,
6749249403,6749249404,0,718802549,cycleway,False,45.422,"LINESTRING (69.26407089999999 41.2730317, 69.2646002 41.2731245)",,,
6749249403,6749249402,0,718802549,cycleway,False,61.279,"LINESTRING (69.26407089999999 41.2730317, 69.2633628 41.2731748)",,,
6749249404,6749249403,0,718802549,cycleway,False,45.422,"LINESTRING (69.2646002 41.2731245, 69.26407089999999 41.2730317)",,,
6801841768,6367489412,0,680055120,cycleway,False,17.012,"LINESTRING (69.30764720000001 41.3053517, 69.30746019999999 41.3054123)",,,
6801841768,6367489396,0,680055120,cycleway,False,23.723,"LINESTRING (69.30764720000001 41.3053517, 69.3079101 41.305271)",,,
6886301866,7772060240,0,385231440,cycleway,False,1.33,"LINESTRING (69.29624370000001 41.3082318, 69.29625900000001 41.3082351)",,,
6886301866,3885854120,0,385231440,cycleway,False,7.644,"LINESTRING (69.29624370000001 41.3082318, 69.29615320000001 41.308242)",,,
6886301868,3885854122,0,385231440,cycleway,False,12.613,"LINESTRING (69.2957923 41.3085976, 69.2958653 41.3084983)",,,
6886301868,5719666378,0,385231440,cycleway,False,9.04,"LINESTRING (69.2957923 41.3085976, 69.29571079999999 41.3086511)",,,
6886301869,3885854121,0,385231440,cycleway,False,15.307,"LINESTRING (69.2959352 41.3084005, 69.296049 41.3082926)",,,
6886301869,3885854122,0,385231440,cycleway,False,12.343,"LINESTRING (69.2959352 41.3084005, 69.2958653 41.3084983)",,,
6886301873,5719731349,0,385231440,cycleway,False,82.381,"LINESTRING (69.295649 41.3099843, 69.2956939 41.3107244)",,,
6886301873,5719731350,0,385231440,cycleway,False,4.579,"LINESTRING (69.295649 41.3099843, 69.2956867 41.3099544)",,,
7394157009,7394168064,0,790949340,cycleway,False,12.49,"LINESTRING (69.24720309999999 41.3183826, 69.2470544 41.3183706)",,,
7394157009,7394167916,0,790949356,cycleway,False,21.882,"LINESTRING (69.24720309999999 41.3183826, 69.24746469999999 41.3183715)",,,
7394157010,7394168062,0,790949340,cycleway,False,25.616,"LINESTRING (69.2469778 41.3183645, 69.2466788 41.3183131)",,,
7394157010,7394168064,0,790949340,cycleway,False,6.433,"LINESTRING (69.2469778 41.3183645, 69.2470544 41.3183706)",,,
7394157011,7394157012,0,790949340,cycleway,False,11.0,"LINESTRING (69.2464013 41.3182154, 69.2462974 41.3181546)",,,
7394157011,7394168062,0,790949340,cycleway,False,25.595,"LINESTRING (69.2464013 41.3182154, 69.2466788 41.3183131)",,,
7394157012,7394157013,0,790949340,cycleway,False,22.697,"LINESTRING (69.2462974 41.3181546, 69.246098 41.3180159)",,,
7394157012,7394157011,0,790949340,cycleway,False,11.0,"LINESTRING (69.2462974 41.3181546, 69.2464013 41.3182154)",,,
7394157013,7394168272,0,790949340,cycleway,False,3.966,"LINESTRING (69.246098 41.3180159, 69.2460773 41.3179838)",,,
7394157013,7394157012,0,790949340,cycleway,False,22.697,"LINESTRING (69.246098 41.3180159, 69.2462974 41.3181546)",,,
7394157014,7394157015,0,790949340,cycleway,False,16.403,"LINESTRING (69.2459293 41.3177537, 69.2458925 41.3176088)",,,
7394157014,7394168233,0,790949340,cycleway,False,21.239,"LINESTRING (69.2459293 41.3177537, 69.2460399 41.3179257)",,,
7394157015,7394157014,0,790949340,cycleway,False,16.403,"LINESTRING (69.2458925 41.3176088, 69.2459293 41.3177537)",,,
7394157015,7394157016,0,790949341,cycleway,False,22.061,"LINESTRING (69.2458925 41.3176088, 69.2458925 41.3174104)",,,
7394157016,7394157025,0,790949341,cycleway,False,19.745,"LINESTRING (69.2458925 41.3174104, 69.2459302 41.3172351)",,,
7394157016,7394157015,0,790949341,cycleway,False,22.061,"LINESTRING (69.2458925 41.3174104, 69.2458925 41.3176088)",,,
7394157017,7394157018,0,790949341,cycleway,False,42.287,"LINESTRING (69.2459508 41.3171702, 69.2461405 41.3168176)",,,
7394157017,7394157025,0,790949341,cycleway,False,7.419,"LINESTRING (69.2459508 41.3171702, 69.2459302 41.3172351)",,,
7394157018,7394167891,0,790949341,cycleway,False,12.811,"LINESTRING (69.2461405 41.3168176, 69.2462263 41.3167221)",,,
7394157018,7394157017,0,790949341,cycleway,False,42.287,"LINESTRING (69.2461405 41.3168176, 69.2459508 41.3171702)",,,
7394157019,7394168259,0,790949341,cycleway,False,8.339,"LINESTRING (69.2465918 41.316329, 69.2466591 41.3162736)",,,
7394157019,7394168245,0,790949341,cycleway,False,9.963,"LINESTRING (69.2465918 41.316329, 69.246523 41.3164022)",,,
7394157020,7394157021,0,790949341,cycleway,False,7.866,"LINESTRING (69.2467355 41.3162108, 69.24680739999999 41.3161651)",,,
7394157020,7394168259,0,790949341,cycleway,False,9.459,"LINESTRING (69.2467355 41.3162108, 69.2466591 41.3162736)",,,
7394157021,7394157022,0,790949341,cycleway,False,20.509,"LINESTRING (69.24680739999999 41.3161651, 69.2470019 41.3160525)",,,
7394157021,7394157020,0,790949341,cycleway,False,7.866,"LINESTRING (69.24680739999999 41.3161651, 69.2467355 41.3162108)",,,
7394157022,7394157021,0,790949341,cycleway,False,20.509,"LINESTRING (69.2470019 41.3160525, 69.24680739999999 41.3161651)",,,
7394157022,7394157023,0,790949342,cycleway,False,21.827,"LINESTRING (69.2470019 41.3160525, 69.2472138 41.3159376)",,yes,
7394157023,7394157022,0,790949342,cycleway,False,21.827,"LINESTRING (69.2472138 41.3159376, 69.2470019 41.3160525)",,yes,
7394157023,7394167932,0,790949358,cycleway,False,25.34,"LINESTRING (69.2472138 41.3159376, 69.2474651 41.3158099)",,,
7394157024,7394168117,0,790949356,cycleway,False,22.888,"LINESTRING (69.2492579 41.3176311, 69.2490548 41.3177693)",,,
7394157024,7394167913,0,790949356,cycleway,False,23.562,"LINESTRING (69.2492579 41.3176311, 69.2494447 41.3174723)",,,
7394157025,7394157017,0,790949341,cycleway,False,7.419,"LINESTRING (69.2459302 41.3172351, 69.2459508 41.3171702)",,,
7394157025,7394157016,0,790949341,cycleway,False,19.745,"LINESTRING (69.2459302 41.3172351, 69.2458925 41.3174104)",,,
7394157026,7394167916,0,790949356,cycleway,False,18.852,"LINESTRING (69.24768349999999 41.3183298, 69.24746469999999 41.3183715)",,,
7394157026,7394167917,0,790949356,cycleway,False,27.841,"LINESTRING (69.24768349999999 41.3183298, 69.2480005 41.3182523)",,,
7394167891,7394168016,0,790949341,cycleway,False,20.546,"LINESTRING (69.2462263 41.3167221, 69.2463656 41.3165698)",,,
7394167891,7394157018,0,790949341,cycleway,False,12.811,"LINESTRING (69.2462263 41.3167221, 69.2461405 41.3168176)",,,
7394167903,7394167913,0,790949356,cycleway,False,2.106,"LINESTRING (69.2494592 41.3174568, 69.2494447 41.3174723)",,,
7394167903,7394167912,0,790949356,cycleway,False,3.625,"LINESTRING (69.2494592 41.3174568, 69.24948430000001 41.3174302)",,,
7394167912,7394167903,0,790949356,cycleway,False,3.625,"LINESTRING (69.24948430000001 41.3174302, 69.2494592 41.3174568)",,,
7394167912,7394167918,0,790949357,cycleway,False,34.6,"LINESTRING (69.24948430000001 41.3174302, 69.24970740000001 41.317168)",,yes,
7394167913,7394157024,0,790949356,cycleway,False,23.562,"LINESTRING (69.2494447 41.3174723, 69.2492579 41.3176311)",,,
7394167913,7394167903,0,790949356,cycleway,False,2.106,"LINESTRING (69.2494447 41.3174723, 69.2494592 41.3174568)",,,
7394167914,7394168086,0,790949356,cycleway,False,45.287,"LINESTRING (69.2488713 41.3178941, 69.2484192 41.318119)",,,
7394167914,7394168117,0,790949356,cycleway,False,20.674,"LINESTRING (69.2488713 41.3178941, 69.2490548 41.3177693)",,,
7394167915,7394167917,0,790949356,cycleway,False,31.148,"LINESTRING (69.2483495 41.3181535, 69.2480005 41.3182523)",,,
7394167915,7394168086,0,790949356,cycleway,False,6.971,"LINESTRING (69.2483495 41.3181535, 69.2484192 41.318119)",,,
7394167916,7394157009,0,790949356,cycleway,False,21.882,"LINESTRING (69.24746469999999 41.3183715, 69.24720309999999 41.3183826)",,,
7394167916,7394157026,0,790949356,cycleway,False,18.852,"LINESTRING (69.24746469999999 41.3183715, 69.24768349999999 41.3183298)",,,
7394167917,7394157026,0,790949356,cycleway,False,27.841,"LINESTRING (69.2480005 41.3182523, 69.24768349999999 41.3183298)",,,
7394167917,7394167915,0,790949356,cycleway,False,31.148,"LINESTRING (69.2480005 41.3182523, 69.2483495 41.3181535)",,,
7394167918,7394167912,0,790949357,cycleway,False,34.6,"LINESTRING (69.24970740000001 41.317168, 69.24948430000001 41.3174302)",,yes,
7394167918,7394167919,0,790949358,cycleway,False,27.868,"LINESTRING (69.24970740000001 41.317168, 69.2498533 41.3169426)",,,
7394167919,7394168203,0,790949358,cycleway,False,8.479,"LINESTRING (69.2498533 41.3169426, 69.2498871 41.3168707)",,,
7394167919,7394167918,0,790949358,cycleway,False,27.868,"LINESTRING (69.2498533 41.3169426, 69.24970740000001 41.317168)",,,
7394167920,7394167921,0,790949358,cycleway,False,24.149,"LINESTRING (69.24996350000001 41.3167085, 69.2500143 41.3164947)",,,
7394167920,7394168201,0,790949358,cycleway,False,4.506,"LINESTRING (69.24996350000001 41.3167085, 69.2499455 41.3167467)",,,
7394167921,7394167922,0,790949358,cycleway,False,13.859,"LINESTRING (69.2500143 41.3164947, 69.25001829999999 41.3163701)",,,
7394167921,7394167920,0,790949358,cycleway,False,24.149,"LINESTRING (69.2500143 41.3164947, 69.24996350000001 41.3167085)",,,
7394167922,7394167923,0,790949358,cycleway,False,26.183,"LINESTRING (69.25001829999999 41.3163701, 69.24998100000001 41.3161363)",,,
7394167922,7394167921,0,790949358,cycleway,False,13.859,"LINESTRING (69.25001829999999 41.3163701, 69.2500143 41.3164947)",,,
7394167923,7394168169,0,790949358,cycleway,False,6.895,"LINESTRING (69.24998100000001 41.3161363, 69.249956 41.3160772)",,,
7394167923,7394167922,0,790949358,cycleway,False,26.183,"LINESTRING (69.24998100000001 41.3161363, 69.25001829999999 41.3163701)",,,
7394167924,7394167925,0,790949358,cycleway,False,21.304,"LINESTRING (69.24986029999999 41.3159046, 69.2496967 41.3157576)",,,
7394167924,7394168169,0,790949358,cycleway,False,20.79,"LINESTRING (69.24986029999999 41.3159046, 69.249956 41.3160772)",,,
7394167925,7394168738,0,790949358,cycleway,False,19.3,"LINESTRING (69.2496967 41.3157576, 69.24951299999999 41.3156523)",,,
7394167925,7394167924,0,790949358,cycleway,False,21.304,"LINESTRING (69.2496967 41.3157576, 69.24986029999999 41.3159046)",,,
7394167926,7394167927,0,790949358,cycleway,False,25.301,"LINESTRING (69.2494928 41.3156407, 69.24920849999999 41.3155621)",,,
7394167926,7394168738,0,790949358,cycleway,False,2.124,"LINESTRING (69.2494928 41.3156407, 69.24951299999999 41.3156523)",,,
7394167927,7394167928,0,790949358,cycleway,False,24.648,"LINESTRING (69.24920849999999 41.3155621, 69.2489188 41.3155198)",,,
7394167927,7394167926,0,790949358,cycleway,False,25.301,"LINESTRING (69.24920849999999 41.3155621, 69.2494928 41.3156407)",,,
7394167928,7394168395,0,790949358,cycleway,False,9.446,"LINESTRING (69.2489188 41.3155198, 69.24880570000001 41.3155204)",,,
7394167928,7394167927,0,790949358,cycleway,False,24.648,"LINESTRING (69.2489188 41.3155198, 69.24920849999999 41.3155621)",,,
7394167929,7394167930,0,790949358,cycleway,False,29.263,"LINESTRING (69.248538 41.3155219, 69.24819460000001 41.3155742)",,,
7394167929,7394168395,0,790949358,cycleway,False,22.358,"LINESTRING (69.248538 41.3155219, 69.24880570000001 41.3155204)",,,
7394167930,7394167931,0,790949358,cycleway,False,34.213,"LINESTRING (69.24819460000001 41.3155742, 69.2478057 41.3156709)",,,
7394167930,7394167929,0,790949358,cycleway,False,29.263,"LINESTRING (69.24819460000001 41.3155742, 69.248538 41.3155219)",,,
7394167931,7394167932,0,790949358,cycleway,False,32.374,"LINESTRING (69.2478057 41.3156709, 69.2474651 41.3158099)",,,
7394167931,7394167930,0,790949358,cycleway,False,34.213,"LINESTRING (69.2478057 41.3156709, 69.24819460000001 41.3155742)",,,
7394167932,7394157023,0,790949358,cycleway,False,25.34,"LINESTRING (69.2474651 41.3158099, 69.2472138 41.3159376)",,,
7394167932,7394167931,0,790949358,cycleway,False,32.374,"LINESTRING (69.2474651 41.3158099, 69.2478057 41.3156709)",,,
7394168016,7394168245,0,790949341,cycleway,False,22.806,"LINESTRING (69.2463656 41.3165698, 69.246523 41.3164022)",,,
7394168016,7394167891,0,790949341,cycleway,False,20.546,"LINESTRING (69.2463656 41.3165698, 69.2462263 41.3167221)",,,
7394168062,7394157011,0,790949340,cycleway,False,25.595,"LINESTRING (69.2466788 41.3183131, 69.2464013 41.3182154)",,,
7394168062,7394157010,0,790949340,cycleway,False,25.616,"LINESTRING (69.2466788 41.3183131, 69.2469778 41.3183645)",,,
7394168064,7394157010,0,790949340,cycleway,False,6.433,"LINESTRING (69.2470544 41.3183706, 69.2469778 41.3183645)",,,
7394168064,7394157009,0,790949340,cycleway,False,12.49,"LINESTRING (69.2470544 41.3183706, 69.24720309999999 41.3183826)",,,
7394168086,7394167915,0,790949356,cycleway,False,6.971,"LINESTRING (69.2484192 41.318119, 69.2483495 41.3181535)",,,
7394168086,7394167914,0,790949356,cycleway,False,45.287,"LINESTRING (69.2484192 41.318119, 69.2488713 41.3178941)",,,
7394168117,7394167914,0,790949356,cycleway,False,20.674,"LINESTRING (69.2490548 41.3177693, 69.2488713 41.3178941)",,,
7394168117,7394157024,0,790949356,cycleway,False,22.888,"LINESTRING (69.2490548 41.3177693, 69.2492579 41.3176311)",,,
7394168169,7394167924,0,790949358,cycleway,False,20.79,"LINESTRING (69.249956 41.3160772, 69.24986029999999 41.3159046)",,,
7394168169,7394167923,0,790949358,cycleway,False,6.895,"LINESTRING (69.249956 41.3160772, 69.24998100000001 41.3161363)",,,
7394168201,7394167920,0,790949358,cycleway,False,4.506,"LINESTRING (69.2499455 41.3167467, 69.24996350000001 41.3167085)",,,
7394168201,7394168203,0,790949358,cycleway,False,14.625,"LINESTRING (69.2499455 41.3167467, 69.2498871 41.3168707)",,,
7394168203,7394168201,0,790949358,cycleway,False,14.625,"LINESTRING (69.2498871 41.3168707, 69.2499455 41.3167467)",,,
7394168203,7394167919,0,790949358,cycleway,False,8.479,"LINESTRING (69.2498871 41.3168707, 69.2498533 41.3169426)",,,
7394168233,7394157014,0,790949340,cycleway,False,21.239,"LINESTRING (69.2460399 41.3179257, 69.2459293 41.3177537)",,,
7394168233,7394168272,0,790949340,cycleway,False,7.176,"LINESTRING (69.2460399 41.3179257, 69.2460773 41.3179838)",,,
7394168245,7394157019,0,790949341,cycleway,False,9.963,"LINESTRING (69.246523 41.3164022, 69.2465918 41.316329)",,,
7394168245,7394168016,0,790949341,cycleway,False,22.806,"LINESTRING (69.246523 41.3164022, 69.2463656 41.3165698)",,,
7394168259,7394157020,0,790949341,cycleway,False,9.459,"LINESTRING (69.2466591 41.3162736, 69.2467355 41.3162108)",,,
7394168259,7394157019,0,790949341,cycleway,False,8.339,"LINESTRING (69.2466591 41.3162736, 69.2465918 41.316329)",,,
7394168272,7394168233,0,790949340,cycleway,False,7.176,"LINESTRING (69.2460773 41.3179838, 69.2460399 41.3179257)",,,
7394168272,7394157013,0,790949340,cycleway,False,3.966,"LINESTRING (69.2460773 41.3179838, 69.246098 41.3180159)",,,
7394168395,7394167929,0,790949358,cycleway,False,22.358,"LINESTRING (69.24880570000001 41.3155204, 69.248538 41.3155219)",,,
7394168395,7394167928,0,790949358,cycleway,False,9.446,"LINESTRING (69.24880570000001 41.3155204, 69.2489188 41.3155198)",,,
7394168738,7394167926,0,790949358,cycleway,False,2.124,"LINESTRING (69.24951299999999 41.3156523, 69.2494928 41.3156407)",,,
7394168738,7394167925,0,790949358,cycleway,False,19.3,"LINESTRING (69.24951299999999 41.3156523, 69.2496967 41.3157576)",,,
7772060240,3885854119,0,385231440,cycleway,False,3.643,"LINESTRING (69.29625900000001 41.3082351, 69.29630090000001 41.3082442)",,,
7772060240,6886301866,0,385231440,cycleway,False,1.33,"LINESTRING (69.29625900000001 41.3082351, 69.29624370000001 41.3082318)",,,
391290221,6082334863,0,647727239,pedestrian,False,34.648,"LINESTRING (69.2297696 41.3005093, 69.2293677 41.3005863)",,, 
1193858588,1193858589,0,647727239,pedestrian,False,53.379,"LINESTRING (69.22098029999999 41.3017239, 69.2214721 41.3020304)",,, 
1193858588,6141570164,0,647727239,pedestrian,False,10.413,"LINESTRING (69.22098029999999 41.3017239, 69.22088170000001 41.3016666)",,, 
1193858589,1193862765,0,647727239,pedestrian,False,43.376,"LINESTRING (69.2214721 41.3020304, 69.2219133 41.3022361)",,, 
1193858589,1193858588,0,647727239,pedestrian,False,53.379,"LINESTRING (69.2214721 41.3020304, 69.22098029999999 41.3017239)",,, 
1193858591,5130090336,0,647727239,pedestrian,False,21.536,"LINESTRING (69.2224674 41.3024227, 69.22272340000001 41.3024456)",,, 
1193858591,5219510374,0,647727239,pedestrian,False,16.751,"LINESTRING (69.2224674 41.3024227, 69.2222874 41.3023563)",,, 
1193858592,1193858605,0,647727239,pedestrian,False,55.606,"LINESTRING (69.2232587 41.3024325, 69.2239117 41.3023354)",,, 
1193858592,5130090335,0,647727239,pedestrian,False,13.698,"LINESTRING (69.2232587 41.3024325, 69.22309660000001 41.3024511)",,, 
1193858605,1858134714,0,647727239,pedestrian,False,165.971,"LINESTRING (69.2239117 41.3023354, 69.22573300000001 41.3017389)",,, 
1193858605,1193858592,0,647727239,pedestrian,False,55.606,"LINESTRING (69.2239117 41.3023354, 69.2232587 41.3024325)",,, 
1193862765,5219510374,0,647727239,pedestrian,False,33.988,"LINESTRING (69.2219133 41.3022361, 69.2222874 41.3023563)",,, 
1193862765,1193858589,0,647727239,pedestrian,False,43.376,"LINESTRING (69.2219133 41.3022361, 69.2214721 41.3020304)",,, 
1249823248,6141570165,0,655506432,footway,False,2.05,"LINESTRING (69.210886 41.3006819, 69.21089720000001 41.3006655)",,,
1856987515,4387397728,0,440974374,pedestrian,False,85.985,"LINESTRING (69.2221198 41.3019763, 69.2212778 41.3015315)",,,
1856987515,5776255450,0,440974374,pedestrian,False,12.824,"LINESTRING (69.2221198 41.3019763, 69.2222725 41.3019882)",,,
1858134714,7029488516,0,647727239,pedestrian,False,245.61,"LINESTRING (69.22573300000001 41.3017389, 69.2284374 41.3008722)",,, 
1858134714,1193858605,0,647727239,pedestrian,False,165.971,"LINESTRING (69.22573300000001 41.3017389, 69.2239117 41.3023354)",,, 
4387397725,7449327568,0,440974374,pedestrian,False,20.519,"LINESTRING (69.2189805 41.300802, 69.2192258 41.3008116)",,,
4387397725,7449327569,0,655506433,pedestrian,False,236.669,"LINESTRING (69.2189805 41.300802, 69.2161488 41.3007341)",,,
4387397726,7449327567,0,440974374,pedestrian,False,38.348,"LINESTRING (69.2199008 41.3009696, 69.2194659 41.3008592)",,,
4387397726,7449327566,0,440974374,pedestrian,False,71.762,"LINESTRING (69.2199008 41.3009696, 69.2206903 41.301224)",,,
4387397728,7449327566,0,440974374,pedestrian,False,59.814,"LINESTRING (69.2212778 41.3015315, 69.2206903 41.301224)",,,
4387397728,1856987515,0,440974374,pedestrian,False,85.985,"LINESTRING (69.2212778 41.3015315, 69.2221198 41.3019763)",,,
5130090335,1193858592,0,647727239,pedestrian,False,13.698,"LINESTRING (69.22309660000001 41.3024511, 69.2232587 41.3024325)",,, 
5130090335,5130090337,0,647727239,pedestrian,False,14.236,"LINESTRING (69.22309660000001 41.3024511, 69.22292640000001 41.3024577)",,, 
5130090336,5130090337,0,647727239,pedestrian,False,17.011,"LINESTRING (69.22272340000001 41.3024456, 69.22292640000001 41.3024577)",,, 
5130090336,1193858591,0,647727239,pedestrian,False,21.536,"LINESTRING (69.22272340000001 41.3024456, 69.2224674 41.3024227)",,, 
5130090337,5130090335,0,647727239,pedestrian,False,14.236,"LINESTRING (69.22292640000001 41.3024577, 69.22309660000001 41.3024511)",,, 
5130090337,5130090336,0,647727239,pedestrian,False,17.011,"LINESTRING (69.22292640000001 41.3024577, 69.22272340000001 41.3024456)",,, 
5167177619,5167177620,0,589226932,footway,False,12.238,"LINESTRING (69.22342639999999 41.2913984, 69.22351879999999 41.2914838)",,,
5167177619,5725066979,0,589226932,footway,False,4.356,"LINESTRING (69.22342639999999 41.2913984, 69.2233932 41.2913682)",,,
5167177620,5167177619,0,589226932,footway,False,12.238,"LINESTRING (69.22351879999999 41.2914838, 69.22342639999999 41.2913984)",,,
5167180821,5725066979,0,589226932,footway,False,52.883,"LINESTRING (69.2229895 41.2910019, 69.2233932 41.2913682)",,,
5167180821,5171862313,0,589226932,footway,False,9.231,"LINESTRING (69.2229895 41.2910019, 69.2230675 41.2909431)",,,
5171862313,5167180821,0,589226932,footway,False,9.231,"LINESTRING (69.2230675 41.2909431, 69.2229895 41.2910019)",,,
5219510374,1193858591,0,647727239,pedestrian,False,16.751,"LINESTRING (69.2222874 41.3023563, 69.2224674 41.3024227)",,, 
5219510374,1193862765,0,647727239,pedestrian,False,33.988,"LINESTRING (69.2222874 41.3023563, 69.2219133 41.3022361)",,, 
5691582499,6141568338,0,440974374,pedestrian,False,7.323,"LINESTRING (69.2305745 41.2997489, 69.2304906 41.299768)",,,
5725066979,5167177619,0,589226932,footway,False,4.356,"LINESTRING (69.2233932 41.2913682, 69.22342639999999 41.2913984)",,,
5725066979,5167180821,0,589226932,footway,False,52.883,"LINESTRING (69.2233932 41.2913682, 69.2229895 41.2910019)",,,
5776255446,6141568341,0,440974374,pedestrian,False,12.278,"LINESTRING (69.2303709 41.2997637, 69.2302334 41.2998027)",,,
5776255446,6141568338,0,440974374,pedestrian,False,10.011,"LINESTRING (69.2303709 41.2997637, 69.2304906 41.299768)",,,
5776255449,7449327565,0,440974374,pedestrian,False,25.728,"LINESTRING (69.2237188 41.3020034, 69.22343499999999 41.3020933)",,,
5776255449,5778453906,0,440974374,pedestrian,False,391.714,"LINESTRING (69.2237188 41.3020034, 69.2280117 41.300586)",,,
5776255450,1856987515,0,440974374,pedestrian,False,12.824,"LINESTRING (69.2222725 41.3019882, 69.2221198 41.3019763)",,,
5776255450,7449327563,0,440974374,pedestrian,False,26.927,"LINESTRING (69.2222725 41.3019882, 69.22259459999999 41.3019977)",,,
5778453906,5776255449,0,440974374,pedestrian,False,391.714,"LINESTRING (69.2280117 41.300586, 69.2237188 41.3020034)",,,
5778453906,7029488515,0,440974374,pedestrian,False,17.782,"LINESTRING (69.2280117 41.300586, 69.22820830000001 41.3005247)",,,
6045294598,6141570165,0,655506433,pedestrian,False,60.795,"LINESTRING (69.2116248 41.3006774, 69.21089720000001 41.3006655)",,,
6045294598,7449327571,0,655506433,pedestrian,False,46.963,"LINESTRING (69.2116248 41.3006774, 69.21218690000001 41.3006847)",,,
6082334863,391290221,0,647727239,pedestrian,False,34.648,"LINESTRING (69.2293677 41.3005863, 69.2297696 41.3005093)",,, 
6082334863,7029488516,0,647727239,pedestrian,False,83.964,"LINESTRING (69.2293677 41.3005863, 69.2284374 41.3008722)",,, 
6082334865,6141570164,0,647727239,pedestrian,False,38.842,"LINESTRING (69.2204923 41.3014757, 69.22088170000001 41.3016666)",,, 
6082334865,6082334866,0,647727239,pedestrian,False,50.645,"LINESTRING (69.2204923 41.3014757, 69.21993430000001 41.3012976)",,, 
6082334866,6082334865,0,647727239,pedestrian,False,50.645,"LINESTRING (69.21993430000001 41.3012976, 69.2204923 41.3014757)",,, 
6082334866,6082334867,0,647727239,pedestrian,False,47.131,"LINESTRING (69.21993430000001 41.3012976, 69.21938830000001 41.3011908)",,, 
6082334867,6082334866,0,647727239,pedestrian,False,47.131,"LINESTRING (69.21938830000001 41.3011908, 69.21993430000001 41.3012976)",,, 
6082334867,6082334868,0,647727239,pedestrian,False,25.906,"LINESTRING (69.21938830000001 41.3011908, 69.21908519999999 41.3011415)",,, 
6082334868,6082334867,0,647727239,pedestrian,False,25.906,"LINESTRING (69.21908519999999 41.3011415, 69.21938830000001 41.3011908)",,, 
6082334868,6082334869,0,647727239,pedestrian,False,42.24,"LINESTRING (69.21908519999999 41.3011415, 69.21857970000001 41.3011323)",,, 
6082334869,6082334868,0,647727239,pedestrian,False,42.24,"LINESTRING (69.21857970000001 41.3011323, 69.21908519999999 41.3011415)",,, 
6082334869,6082334870,0,647727239,pedestrian,False,32.066,"LINESTRING (69.21857970000001 41.3011323, 69.2181963 41.3011465)",,, 
6082334870,6082334869,0,647727239,pedestrian,False,32.066,"LINESTRING (69.2181963 41.3011465, 69.21857970000001 41.3011323)",,, 
6082334870,6082334873,0,647727239,pedestrian,False,190.081,"LINESTRING (69.2181963 41.3011465, 69.21592130000001 41.3011122)",,, 
6082334873,6082334870,0,647727239,pedestrian,False,190.081,"LINESTRING (69.21592130000001 41.3011122, 69.2181963 41.3011465)",,, 
6082334873,6902319110,0,647727239,pedestrian,False,15.29,"LINESTRING (69.21592130000001 41.3011122, 69.2157449 41.3011489)",,, 
6082334875,6902319110,0,647727239,pedestrian,False,28.1,"LINESTRING (69.215424 41.3012247, 69.2157449 41.3011489)",,, 
6082334875,6082334876,0,647727239,pedestrian,False,324.752,"LINESTRING (69.215424 41.3012247, 69.21153769999999 41.3011492)",,, 
6082334876,6082334875,0,647727239,pedestrian,False,324.752,"LINESTRING (69.21153769999999 41.3011492, 69.215424 41.3012247)",,, 
6141568338,5776255446,0,440974374,pedestrian,False,10.011,"LINESTRING (69.2304906 41.299768, 69.2303709 41.2997637)",,,
6141568338,5691582499,0,440974374,pedestrian,False,7.323,"LINESTRING (69.2304906 41.299768, 69.2305745 41.2997489)",,,
6141568341,7029488515,0,440974374,pedestrian,False,187.253,"LINESTRING (69.2302334 41.2998027, 69.22820830000001 41.3005247)",,,
6141568341,5776255446,0,440974374,pedestrian,False,12.278,"LINESTRING (69.2302334 41.2998027, 69.2303709 41.2997637)",,,
6141570164,1193858588,0,647727239,pedestrian,False,10.413,"LINESTRING (69.22088170000001 41.3016666, 69.22098029999999 41.3017239)",,, 
6141570164,6082334865,0,647727239,pedestrian,False,38.842,"LINESTRING (69.22088170000001 41.3016666, 69.2204923 41.3014757)",,, 
6141570165,1249823248,0,655506432,footway,False,2.05,"LINESTRING (69.21089720000001 41.3006655, 69.210886 41.3006819)",,,
6141570165,6045294598,0,655506433,pedestrian,False,60.795,"LINESTRING (69.21089720000001 41.3006655, 69.2116248 41.3006774)",,,
6902319110,6082334873,0,647727239,pedestrian,False,15.29,"LINESTRING (69.2157449 41.3011489, 69.21592130000001 41.3011122)",,, 
6902319110,6082334875,0,647727239,pedestrian,False,28.1,"LINESTRING (69.2157449 41.3011489, 69.215424 41.3012247)",,, 
7029488515,5778453906,0,440974374,pedestrian,False,17.782,"LINESTRING (69.22820830000001 41.3005247, 69.2280117 41.300586)",,,
7029488515,6141568341,0,440974374,pedestrian,False,187.253,"LINESTRING (69.22820830000001 41.3005247, 69.2302334 41.2998027)",,,
7029488516,6082334863,0,647727239,pedestrian,False,83.964,"LINESTRING (69.2284374 41.3008722, 69.2293677 41.3005863)",,, 
7029488516,1858134714,0,647727239,pedestrian,False,245.61,"LINESTRING (69.2284374 41.3008722, 69.22573300000001 41.3017389)",,, 
7449327563,5776255450,0,440974374,pedestrian,False,26.927,"LINESTRING (69.22259459999999 41.3019977, 69.2222725 41.3019882)",,,
7449327563,7449327564,0,440974374,pedestrian,False,23.365,"LINESTRING (69.22259459999999 41.3019977, 69.2228511 41.3020815)",,,
7449327564,7449327563,0,440974374,pedestrian,False,23.365,"LINESTRING (69.2228511 41.3020815, 69.22259459999999 41.3019977)",,,
7449327564,7449327565,0,440974374,pedestrian,False,48.793,"LINESTRING (69.2228511 41.3020815, 69.22343499999999 41.3020933)",,,
7449327565,7449327564,0,440974374,pedestrian,False,48.793,"LINESTRING (69.22343499999999 41.3020933, 69.2228511 41.3020815)",,,
7449327565,5776255449,0,440974374,pedestrian,False,25.728,"LINESTRING (69.22343499999999 41.3020933, 69.2237188 41.3020034)",,,
7449327566,4387397726,0,440974374,pedestrian,False,71.762,"LINESTRING (69.2206903 41.301224, 69.2199008 41.3009696)",,,
7449327566,4387397728,0,440974374,pedestrian,False,59.814,"LINESTRING (69.2206903 41.301224, 69.2212778 41.3015315)",,,
7449327567,7449327568,0,440974374,pedestrian,False,20.744,"LINESTRING (69.2194659 41.3008592, 69.2192258 41.3008116)",,,
7449327567,4387397726,0,440974374,pedestrian,False,38.348,"LINESTRING (69.2194659 41.3008592, 69.2199008 41.3009696)",,,
7449327568,4387397725,0,440974374,pedestrian,False,20.519,"LINESTRING (69.2192258 41.3008116, 69.2189805 41.300802)",,,
7449327568,7449327567,0,440974374,pedestrian,False,20.744,"LINESTRING (69.2192258 41.3008116, 69.2194659 41.3008592)",,,
7449327569,7449327572,0,655506433,pedestrian,False,211.405,"LINESTRING (69.2161488 41.3007341, 69.21361949999999 41.3006707)",,,
7449327569,4387397725,0,655506433,pedestrian,False,236.669,"LINESTRING (69.2161488 41.3007341, 69.2189805 41.300802)",,,
7449327570,7449327571,0,655506433,pedestrian,False,14.364,"LINESTRING (69.21234889999999 41.3006414, 69.21218690000001 41.3006847)",,,
7449327570,7449327572,0,655506433,pedestrian,False,106.191,"LINESTRING (69.21234889999999 41.3006414, 69.21361949999999 41.3006707)",,,
7449327571,6045294598,0,655506433,pedestrian,False,46.963,"LINESTRING (69.21218690000001 41.3006847, 69.2116248 41.3006774)",,,
7449327571,7449327570,0,655506433,pedestrian,False,14.364,"LINESTRING (69.21218690000001 41.3006847, 69.21234889999999 41.3006414)",,,
7449327572,7449327570,0,655506433,pedestrian,False,106.191,"LINESTRING (69.21361949999999 41.3006707, 69.21234889999999 41.3006414)",,,
7449327572,7449327569,0,655506433,pedestrian,False,211.405,"LINESTRING (69.21361949999999 41.3006707, 69.2161488 41.3007341)",,,
