osmid,name,highway,maxspeed,oneway,length,geometry,u,v,key
5523069,North Van Houten Avenue,residential,20 mph,False,7.025,"LINESTRING (-122.7309042 45.575875, -122.7309457 45.5758189)",40545571,2082867654,0
5532009,North Warren Street,residential,20 mph,True,21.482,"LINESTRING (-122.7309042 45.575875, -122.7306605 45.5757843)",40545571,4666309163,0
5524095,North Strong Street,residential,20 mph,True,9.398,"LINESTRING (-122.7299455 45.5746237, -122.7300524 45.574663)",40555688,1748251092,0
5528344,North Portsmouth Avenue,residential,20 mph,False,10.511,"LINESTRING (-122.7299455 45.5746237, -122.7298833 45.5747076)",40555688,1686552422,0
5528344,North Portsmouth Avenue,residential,20 mph,False,79.83,"LINESTRING (-122.7299455 45.5746237, -122.7304183 45.5739866)",40555688,1418832766,0
5532009,North Warren Street,residential,20 mph,True,1.111,"LINESTRING (-122.7299538 45.5755212, -122.7299412 45.5755165)",40606420,8134051721,0
5528344,North Portsmouth Avenue,residential,20 mph,False,3.231,"LINESTRING (-122.7294257 45.5753244, -122.7294448 45.5752986)",623395810,1686552483,0
128366812,North Portsmouth Avenue,residential,20 mph,False,10.464,"LINESTRING (-122.7294257 45.5753244, -122.7293637 45.5754079)",623395810,1686552498,0
5528344,North Portsmouth Avenue,residential,20 mph,False,79.83,"LINESTRING (-122.7304183 45.5739866, -122.7299455 45.5746237)",1418832766,40555688,0
5528344,North Portsmouth Avenue,residential,20 mph,False,34.482,"LINESTRING (-122.7298833 45.5747076, -122.7296791 45.5749828)",1686552422,1686552455,0
5528344,North Portsmouth Avenue,residential,20 mph,False,10.511,"LINESTRING (-122.7298833 45.5747076, -122.7299455 45.5746237)",1686552422,40555688,0
5528344,North Portsmouth Avenue,residential,20 mph,False,39.568,"LINESTRING (-122.7296791 45.5749828, -122.7294448 45.5752986)",1686552455,1686552483,0
5528344,North Portsmouth Avenue,residential,20 mph,False,34.482,"LINESTRING (-122.7296791 45.5749828, -122.7298833 45.5747076)",1686552455,1686552422,0
5528344,North Portsmouth Avenue,residential,20 mph,False,3.231,"LINESTRING (-122.7294448 45.5752986, -122.7294257 45.5753244)",1686552483,623395810,0
5528344,North Portsmouth Avenue,residential,20 mph,False,39.568,"LINESTRING (-122.7294448 45.5752986, -122.7296791 45.5749828)",1686552483,1686552455,0
128366812,North Portsmouth Avenue,residential,20 mph,False,23.496,"LINESTRING (-122.7293637 45.5754079, -122.7292245 45.5755954)",1686552498,2052004161,0
128366812,North Portsmouth Avenue,residential,20 mph,False,10.464,"LINESTRING (-122.7293637 45.5754079, -122.7294257 45.5753244)",1686552498,623395810,0
5523069,North Van Houten Avenue,residential,20 mph,False,70.938,"LINESTRING (-122.7313651 45.5752525, -122.7309457 45.5758189)",1687959667,2082867654,0
5532009,North Warren Street,residential,20 mph,True,49.943,"LINESTRING (-122.7314724 45.5760837, -122.7309042 45.575875)",1687959781,40545571,0
5524095,North Strong Street,residential,20 mph,True,16.984,"LINESTRING (-122.7300524 45.574663, -122.7302456 45.574734)",1748251092,8226116501,0
5532009,North Warren Street,residential,20 mph,True,8.402,"LINESTRING (-122.729521 45.5753599, -122.7294257 45.5753244)",1748251099,623395810,0
128366812,North Portsmouth Avenue,residential,20 mph,False,12.438,"LINESTRING (-122.7291432 45.5756917, -122.7292245 45.5755954)",1832470674,2052004161,0
128366812,North Portsmouth Avenue,residential,20 mph,False,12.438,"LINESTRING (-122.7292245 45.5755954, -122.7291432 45.5756917)",2052004161,1832470674,0
128366812,North Portsmouth Avenue,residential,20 mph,False,23.496,"LINESTRING (-122.7292245 45.5755954, -122.7293637 45.5754079)",2052004161,1686552498,0
5523069,North Van Houten Avenue,residential,20 mph,False,7.025,"LINESTRING (-122.7309457 45.5758189, -122.7309042 45.575875)",2082867654,40545571,0
5523069,North Van Houten Avenue,residential,20 mph,False,70.938,"LINESTRING (-122.7309457 45.5758189, -122.7313651 45.5752525)",2082867654,1687959667,0
5532009,North Warren Street,residential,20 mph,True,62.301,"LINESTRING (-122.7306605 45.5757843, -122.7299538 45.5755212)",4666309163,40606420,0
5532009,North Warren Street,residential,20 mph,True,37.052,"LINESTRING (-122.7299412 45.5755165, -122.729521 45.5753599)",8134051721,1748251099,0
5524095,North Strong Street,residential,20 mph,True,83.648,"LINESTRING (-122.7302456 45.574734, -122.7311975 45.5750832)",8226116501,4666309162,0
