osmid,name,highway,oneway,length,geometry,u,v,key
723479868,Green Wheels along Blue Lines,cycleway,False,39.78,"LINESTRING (72.93569650000001 19.1701207, 72.9355448 19.1697929)",2236681478,6785651189,0
723479868,Green Wheels along Blue Lines,cycleway,False,39.78,"LINESTRING (72.9355448 19.1697929, 72.93569650000001 19.1701207)",6785651189,2236681478,0
723479868,Green Wheels along Blue Lines,cycleway,False,155.461,"LINESTRING (72.9355448 19.1697929, 72.9350647 19.1684704)",6785651189,6785651190,0
723479868,Green Wheels along Blue Lines,cycleway,False,155.461,"LINESTRING (72.9350647 19.1684704, 72.9355448 19.1697929)",6785651190,6785651189,0
723479868,Green Wheels along Blue Lines,cycleway,False,90.513,"LINESTRING (72.9350647 19.1684704, 72.9347295 19.1677205)",6785651190,6785651191,0
723479868,Green Wheels along Blue Lines,cycleway,False,90.513,"LINESTRING (72.9347295 19.1677205, 72.9350647 19.1684704)",6785651191,6785651190,0
723479868,Green Wheels along Blue Lines,cycleway,False,40.252,"LINESTRING (72.9347295 19.1677205, 72.934539 19.1674064)",6785651191,6785651192,0
723479868,Green Wheels along Blue Lines,cycleway,False,40.252,"LINESTRING (72.934539 19.1674064, 72.9347295 19.1677205)",6785651192,6785651191,0
723479868,Green Wheels along Blue Lines,cycleway,False,186.388,"LINESTRING (72.934539 19.1674064, 72.9335251 19.1660307)",6785651192,6785651193,0
723479868,Green Wheels along Blue Lines,cycleway,False,186.388,"LINESTRING (72.9335251 19.1660307, 72.934539 19.1674064)",6785651193,6785651192,0
