osmid,name,highway,oneway,length,geometry,u,v,key
665695540,Green Wheels along Blue Lines,cycleway,False,71.646,"LINESTRING (72.93569650000001 19.1701207, 72.93600619999999 19.1706948)",2236681478,6231174081,0
665695540,Green Wheels along Blue Lines,cycleway,False,39.78,"LINESTRING (72.93569650000001 19.1701207, 72.9355448 19.1697929)",2236681478,6785651189,0
665695540,Green Wheels along Blue Lines,cycleway,False,98.003,"LINESTRING (72.9385814 19.1744964, 72.93911490000001 19.1752195)",4233545105,6231174079,0
665695540,Green Wheels along Blue Lines,cycleway,False,191.178,"LINESTRING (72.9385814 19.1744964, 72.9376304 19.1730304)",4233545105,6231174077,0
665695540,Green Wheels along Blue Lines,cycleway,False,24.843,"LINESTRING (72.93710419999999 19.1722641, 72.9372346 19.1724505)",6231174071,6231174080,0
665695540,Green Wheels along Blue Lines,cycleway,False,209.162,"LINESTRING (72.93710419999999 19.1722641, 72.93600619999999 19.1706948)",6231174071,6231174081,0
665695540,Green Wheels along Blue Lines,cycleway,False,191.178,"LINESTRING (72.9376304 19.1730304, 72.9385814 19.1744964)",6231174077,4233545105,0
665695540,Green Wheels along Blue Lines,cycleway,False,76.72,"LINESTRING (72.9376304 19.1730304, 72.9372346 19.1724505)",6231174077,6231174080,0
665695540,Green Wheels along Blue Lines,cycleway,False,324.032,"LINESTRING (72.93911490000001 19.1752195, 72.9407939 19.1776643)",6231174079,6786448266,0
665695540,Green Wheels along Blue Lines,cycleway,False,98.003,"LINESTRING (72.93911490000001 19.1752195, 72.9385814 19.1744964)",6231174079,4233545105,0
665695540,Green Wheels along Blue Lines,cycleway,False,76.72,"LINESTRING (72.9372346 19.1724505, 72.9376304 19.1730304)",6231174080,6231174077,0
665695540,Green Wheels along Blue Lines,cycleway,False,24.843,"LINESTRING (72.9372346 19.1724505, 72.93710419999999 19.1722641)",6231174080,6231174071,0
665695540,Green Wheels along Blue Lines,cycleway,False,209.162,"LINESTRING (72.93600619999999 19.1706948, 72.93710419999999 19.1722641)",6231174081,6231174071,0
665695540,Green Wheels along Blue Lines,cycleway,False,71.646,"LINESTRING (72.93600619999999 19.1706948, 72.93569650000001 19.1701207)",6231174081,2236681478,0
665695540,Green Wheels along Blue Lines,cycleway,False,39.78,"LINESTRING (72.9355448 19.1697929, 72.93569650000001 19.1701207)",6785651189,2236681478,0
665695540,Green Wheels along Blue Lines,cycleway,False,155.461,"LINESTRING (72.9355448 19.1697929, 72.9350647 19.1684704)",6785651189,6785651190,0
665695540,Green Wheels along Blue Lines,cycleway,False,155.461,"LINESTRING (72.9350647 19.1684704, 72.9355448 19.1697929)",6785651190,6785651189,0
665695540,Green Wheels along Blue Lines,cycleway,False,90.513,"LINESTRING (72.9350647 19.1684704, 72.9347295 19.1677205)",6785651190,6785651191,0
665695540,Green Wheels along Blue Lines,cycleway,False,90.513,"LINESTRING (72.9347295 19.1677205, 72.9350647 19.1684704)",6785651191,6785651190,0
665695540,Green Wheels along Blue Lines,cycleway,False,40.252,"LINESTRING (72.9347295 19.1677205, 72.934539 19.1674064)",6785651191,6785651192,0
665695540,Green Wheels along Blue Lines,cycleway,False,40.252,"LINESTRING (72.934539 19.1674064, 72.9347295 19.1677205)",6785651192,6785651191,0
665695540,Green Wheels along Blue Lines,cycleway,False,186.388,"LINESTRING (72.934539 19.1674064, 72.9335251 19.1660307)",6785651192,6785651193,0
665695540,Green Wheels along Blue Lines,cycleway,False,186.388,"LINESTRING (72.9335251 19.1660307, 72.934539 19.1674064)",6785651193,6785651192,0
665695540,Green Wheels along Blue Lines,cycleway,False,115.716,"LINESTRING (72.94163349999999 19.1788499, 72.9422296 19.1797251)",6786448265,8391108973,0
665695540,Green Wheels along Blue Lines,cycleway,False,158.604,"LINESTRING (72.94163349999999 19.1788499, 72.9407939 19.1776643)",6786448265,6786448266,0
665695540,Green Wheels along Blue Lines,cycleway,False,158.604,"LINESTRING (72.9407939 19.1776643, 72.94163349999999 19.1788499)",6786448266,6786448265,0
665695540,Green Wheels along Blue Lines,cycleway,False,324.032,"LINESTRING (72.9407939 19.1776643, 72.93911490000001 19.1752195)",6786448266,6231174079,0
665695540,Green Wheels along Blue Lines,cycleway,False,115.716,"LINESTRING (72.9422296 19.1797251, 72.94163349999999 19.1788499)",8391108973,6786448265,0
