y,x,osmid,highway,ref,geometry
4.6204403,-74.0703037,260697818,traffic_signals,,POINT (-74.0703037 4.6204403)
4.6573861,-74.0707598,261817152,traffic_signals,,POINT (-74.0707598 4.6573861)
4.6550783,-74.0676749,261817158,traffic_signals,,POINT (-74.0676749 4.6550783)
4.6536541,-74.0650087,261817164,,,POINT (-74.06500870000001 4.6536541)
4.6243767,-74.0677023,262567507,,,POINT (-74.06770229999999 4.6243767)
4.6400363,-74.0700225,263369125,,,POINT (-74.07002249999999 4.6400363)
4.6400557,-74.070143,263369128,traffic_signals,,POINT (-74.070143 4.6400557)
4.6382012,-74.0765969,263369459,,,POINT (-74.0765969 4.6382012)
4.6430911,-74.0737279,263544125,traffic_signals,,POINT (-74.07372789999999 4.6430911)
4.6277963,-74.075504,263544151,,,POINT (-74.075504 4.6277963)
4.6360819,-74.0763378,263732478,,,POINT (-74.0763378 4.6360819)
4.6302341,-74.0710192,263776874,,,POINT (-74.07101919999999 4.6302341)
4.6304188,-74.0715122,263776957,,,POINT (-74.0715122 4.6304188)
4.6311081,-74.0723012,263777109,traffic_signals,,POINT (-74.0723012 4.6311081)
4.6203946,-74.0742769,263777145,traffic_signals,,POINT (-74.0742769 4.6203946)
4.6209601,-74.0717097,263777256,,,POINT (-74.0717097 4.6209601)
4.6277494,-74.0751723,264153902,,,POINT (-74.07517230000001 4.6277494)
4.6294127,-74.0702351,264154086,traffic_signals,,POINT (-74.0702351 4.6294127)
4.6249536,-74.0709974,264154097,,,POINT (-74.0709974 4.6249536)
4.6380842,-74.0759824,264157127,,,POINT (-74.0759824 4.6380842)
4.6541432,-74.0659629,310666620,,,POINT (-74.0659629 4.6541432)
4.6549436,-74.0647819,312655767,,,POINT (-74.0647819 4.6549436)
4.7494759,-74.0945222,871073017,,,POINT (-74.0945222 4.7494759)
4.6273217,-74.067144,891288251,,,POINT (-74.067144 4.6273217)
4.625373,-74.0733923,1039801519,,,POINT (-74.07339229999999 4.625373)
4.7495135,-74.094603,1833722136,,,POINT (-74.09460300000001 4.7495135)
4.6265427,-74.0753154,2863283593,,,POINT (-74.07531539999999 4.6265427)
4.6300858,-74.0710713,2863283611,,,POINT (-74.0710713 4.6300858)
4.6520208,-74.0618219,3236651040,,,POINT (-74.0618219 4.6520208)
4.631673,-74.1785952,3757633741,traffic_signals,,POINT (-74.1785952 4.631673)
4.6300188,-74.1778175,3784643494,,,POINT (-74.1778175 4.6300188)
4.7487458,-74.092947,4913349660,,,POINT (-74.092947 4.7487458)
4.6100053,-74.0701777,5550520051,traffic_signals,,POINT (-74.0701777 4.6100053)
4.6304798,-74.1780391,6061573415,,,POINT (-74.17803910000001 4.6304798)
4.6440283,-74.0785805,6313418584,crossing,,POINT (-74.0785805 4.6440283)
4.6345461,-74.0755449,6313487668,,,POINT (-74.0755449 4.6345461)
4.6138243,-74.0693838,6397142938,,,POINT (-74.0693838 4.6138243)
4.6337329,-74.0754906,6498468228,,,POINT (-74.07549059999999 4.6337329)
4.640421,-74.0937734,261188867,,,POINT (-74.0937734 4.640421)
4.6423236,-74.0907156,262419956,traffic_signals,,POINT (-74.0907156 4.6423236)
4.6512779,-74.0845763,262545795,traffic_signals,,POINT (-74.08457629999999 4.6512779)
4.6714748,-74.1068786,267288355,traffic_signals,,POINT (-74.1068786 4.6714748)
4.744166,-74.0844395,310761703,traffic_signals,,POINT (-74.0844395 4.744166)
4.7213409,-74.0471772,310815657,,,POINT (-74.04717719999999 4.7213409)
4.7465586,-74.0910332,312094058,,,POINT (-74.0910332 4.7465586)
4.6811721,-74.0995172,312489824,traffic_signals,,POINT (-74.09951719999999 4.6811721)
4.5847453,-74.0966184,317212069,,,POINT (-74.0966184 4.5847453)
4.5859797,-74.0977753,317212130,,,POINT (-74.0977753 4.5859797)
4.7396078,-74.0372062,493768858,,,POINT (-74.0372062 4.7396078)
4.5751716,-74.1050684,495689416,,,POINT (-74.10506839999999 4.5751716)
4.5778171,-74.1105382,495689433,,,POINT (-74.11053819999999 4.5778171)
4.698653,-74.0499302,599398627,,,POINT (-74.04993020000001 4.698653)
4.671397,-74.1069579,612580476,traffic_signals,,POINT (-74.1069579 4.671397)
4.6263013,-74.1265835,634172928,,,POINT (-74.1265835 4.6263013)
4.7470797,-74.0227273,715601350,,,POINT (-74.0227273 4.7470797)
4.7481894,-74.0314711,715731558,,,POINT (-74.0314711 4.7481894)
4.7052944,-74.0488252,726193430,,,POINT (-74.0488252 4.7052944)
4.7213401,-74.0466592,865188643,,,POINT (-74.04665919999999 4.7213401)
4.7223693,-74.1291746,1062715835,,,POINT (-74.1291746 4.7223693)
4.622179,-74.1263869,1192631861,,,POINT (-74.1263869 4.622179)
4.7209465,-74.1260099,1323187671,,,POINT (-74.1260099 4.7209465)
4.5732192,-74.0891624,3254702427,,,POINT (-74.08916240000001 4.5732192)
4.5732406,-74.089205,3254702428,,,POINT (-74.08920500000001 4.5732406)
4.5726467,-74.0889512,3254702429,,,POINT (-74.0889512 4.5726467)
4.572622,-74.0889129,3254702430,,,POINT (-74.0889129 4.572622)
4.5732467,-74.0892522,3254702431,,,POINT (-74.0892522 4.5732467)
4.5732369,-74.0892988,3254702432,,,POINT (-74.08929879999999 4.5732369)
4.5732122,-74.0893396,3254702433,,,POINT (-74.0893396 4.5732122)
4.5731754,-74.0893697,3254702434,,,POINT (-74.08936970000001 4.5731754)
4.5731308,-74.089386,3254702435,,,POINT (-74.089386 4.5731308)
4.5730833,-74.0893865,3254702436,,,POINT (-74.0893865 4.5730833)
4.5730383,-74.0893711,3254702437,,,POINT (-74.08937109999999 4.5730383)
4.5726108,-74.0888686,3254702438,,,POINT (-74.0888686 4.5726108)
4.5726142,-74.088823,3254702439,,,POINT (-74.088823 4.5726142)
4.5726318,-74.0887809,3254702440,,,POINT (-74.0887809 4.5726318)
4.572662,-74.0887466,3254702441,,,POINT (-74.08874659999999 4.572662)
4.5727014,-74.0887238,3254702442,,,POINT (-74.0887238 4.5727014)
4.5727461,-74.0887147,3254702443,,,POINT (-74.0887147 4.5727461)
4.5727913,-74.0887203,3254702444,,,POINT (-74.08872030000001 4.5727913)
4.5728323,-74.0887401,3254702445,,,POINT (-74.0887401 4.5728323)
4.6963499,-74.0503332,3592507617,,,POINT (-74.0503332 4.6963499)
4.6524278,-74.0806857,3850741726,,,POINT (-74.0806857 4.6524278)
4.7240793,-74.130578,3925624308,,,POINT (-74.130578 4.7240793)
4.7224859,-74.1307049,3925624332,,,POINT (-74.1307049 4.7224859)
4.6513691,-74.0845354,4525660952,,,POINT (-74.08453539999999 4.6513691)
4.6467396,-74.0863161,4789281640,,,POINT (-74.0863161 4.6467396)
4.6512561,-74.0845373,4789281697,,,POINT (-74.08453729999999 4.6512561)
4.7206655,-74.1307764,5184892528,,,POINT (-74.1307764 4.7206655)
4.7236202,-74.1354619,5186530401,,,POINT (-74.1354619 4.7236202)
4.6565171,-74.1204802,5233512909,,,POINT (-74.1204802 4.6565171)
4.7406478,-74.0428357,5569236498,,,POINT (-74.0428357 4.7406478)
4.740761,-74.0429192,5723974409,,,POINT (-74.0429192 4.740761)
4.7407281,-74.0428745,5723974420,,,POINT (-74.0428745 4.7407281)
4.7206344,-74.1294997,5752390677,,,POINT (-74.1294997 4.7206344)
4.7220817,-74.1275633,5752391156,,,POINT (-74.12756330000001 4.7220817)
4.7223512,-74.1291788,5772256085,,,POINT (-74.12917880000001 4.7223512)
4.7224417,-74.1307071,5772256088,,,POINT (-74.1307071 4.7224417)
4.5745047,-74.1069021,6901250963,,,POINT (-74.1069021 4.5745047)
4.7364773,-74.0438094,7717658424,crossing,,POINT (-74.0438094 4.7364773)
4.6940359,-74.0348771,255338703,,,POINT (-74.0348771 4.6940359)
4.6877234,-74.0574542,261139517,,,POINT (-74.0574542 4.6877234)
4.6854955,-74.076953,261187773,,,POINT (-74.076953 4.6854955)
4.6966692,-74.0894534,261785571,,,POINT (-74.0894534 4.6966692)
4.6949402,-74.0907439,261785669,,,POINT (-74.09074390000001 4.6949402)
4.6679113,-74.1507116,262178529,,,POINT (-74.15071159999999 4.6679113)
4.6542529,-74.0898415,262419511,,,POINT (-74.08984150000001 4.6542529)
4.6571159,-74.0933614,262419819,,,POINT (-74.09336140000001 4.6571159)
4.6574019,-74.0927903,262419822,,,POINT (-74.0927903 4.6574019)
4.6708436,-74.04952,265596948,,,POINT (-74.04952 4.6708436)
4.6516956,-74.1071955,266549864,,,POINT (-74.1071955 4.6516956)
4.665247,-74.0795904,267021502,,,POINT (-74.0795904 4.665247)
4.6802222,-74.038373,267194952,,,POINT (-74.03837300000001 4.6802222)
4.7001472,-74.0698684,273239238,,,POINT (-74.0698684 4.7001472)
4.6505069,-74.1072452,281847924,,,POINT (-74.10724519999999 4.6505069)
4.6578528,-74.1559855,308859171,,,POINT (-74.1559855 4.6578528)
4.697077,-74.0693334,309292598,crossing,,POINT (-74.0693334 4.697077)
4.6283731,-74.199765,309301456,,,POINT (-74.199765 4.6283731)
4.6318338,-74.2013359,309301464,,,POINT (-74.2013359 4.6318338)
4.7188868,-74.0497007,310348561,,,POINT (-74.0497007 4.7188868)
4.6510012,-74.107514,310492577,,,POINT (-74.10751399999999 4.6510012)
4.674918,-74.0684324,311257167,,,POINT (-74.06843240000001 4.674918)
4.6905854,-74.0376963,311436326,,,POINT (-74.03769629999999 4.6905854)
4.6981225,-74.0650627,311450090,,,POINT (-74.0650627 4.6981225)
4.7491474,-74.0374123,312410292,,,POINT (-74.0374123 4.7491474)
4.5850507,-74.0959537,316161062,traffic_signals,,POINT (-74.0959537 4.5850507)
4.7326289,-74.0550189,321702411,,,POINT (-74.05501889999999 4.7326289)
4.7324273,-74.0550533,321702412,,,POINT (-74.0550533 4.7324273)
4.7323355,-74.0550507,321702413,,,POINT (-74.0550507 4.7323355)
4.732245,-74.0549506,321702414,,,POINT (-74.0549506 4.732245)
4.7322406,-74.0549042,321702415,,,POINT (-74.0549042 4.7322406)
4.7322771,-74.0548172,321702416,,,POINT (-74.0548172 4.7322771)
4.7323614,-74.0547705,321702417,,,POINT (-74.0547705 4.7323614)
4.7326119,-74.0547363,321702418,,,POINT (-74.0547363 4.7326119)
4.7326958,-74.0547836,321702419,,,POINT (-74.05478359999999 4.7326958)
4.7327318,-74.0548732,321702420,,,POINT (-74.0548732 4.7327318)
4.7327038,-74.0549657,321702421,,,POINT (-74.0549657 4.7327038)
4.7519346,-74.048163,323790760,,,POINT (-74.048163 4.7519346)
4.7518574,-74.0477531,323790761,,,POINT (-74.04775309999999 4.7518574)
4.7513914,-74.045746,323790763,,,POINT (-74.04574599999999 4.7513914)
4.6963151,-74.0902703,326221535,,,POINT (-74.0902703 4.6963151)
4.7108251,-74.0933773,326228306,,,POINT (-74.0933773 4.7108251)
4.7096605,-74.0916836,326228315,,,POINT (-74.0916836 4.7096605)
4.6986985,-74.0883086,326228357,,,POINT (-74.0883086 4.6986985)
4.6600552,-74.117469,326839055,,,POINT (-74.117469 4.6600552)
4.686146,-74.0520061,329428650,traffic_signals,,POINT (-74.0520061 4.686146)
4.6895506,-74.1091081,340065380,,,POINT (-74.1091081 4.6895506)
4.7406513,-74.1140465,343958428,,,POINT (-74.1140465 4.7406513)
4.712501,-74.1339059,355373577,,,POINT (-74.1339059 4.712501)
4.7097593,-74.1259619,358688957,,,POINT (-74.12596189999999 4.7097593)
4.6898144,-74.0394134,476466437,,,POINT (-74.0394134 4.6898144)
4.7015036,-74.0663524,479274034,,,POINT (-74.0663524 4.7015036)
4.6982551,-74.0650641,479274035,,,POINT (-74.0650641 4.6982551)
4.6834225,-74.0708586,493076941,,,POINT (-74.07085859999999 4.6834225)
4.6050234,-74.1592071,512173763,,,POINT (-74.1592071 4.6050234)
4.6117584,-74.1534096,512206466,,,POINT (-74.1534096 4.6117584)
4.602313,-74.1581762,512209677,,,POINT (-74.1581762 4.602313)
4.635065,-74.1721954,522638053,,,POINT (-74.17219540000001 4.635065)
4.6404153,-74.0938885,529748308,,,POINT (-74.09388850000001 4.6404153)
4.7067815,-74.030171,599268799,,,POINT (-74.030171 4.7067815)
4.7066718,-74.030327,599268800,,,POINT (-74.030327 4.7066718)
4.6942776,-74.0347947,599389290,,,POINT (-74.03479470000001 4.6942776)
4.7054101,-74.0537096,599397528,,,POINT (-74.0537096 4.7054101)
4.6393655,-74.1013993,601119168,,,POINT (-74.1013993 4.6393655)
4.7108771,-74.1371393,612580493,,,POINT (-74.1371393 4.7108771)
4.7109008,-74.1372081,612580494,,,POINT (-74.1372081 4.7109008)
4.7111566,-74.1373687,612580495,,,POINT (-74.1373687 4.7111566)
4.710915,-74.1365211,612580496,,,POINT (-74.1365211 4.710915)
4.7110428,-74.1365349,612580497,,,POINT (-74.1365349 4.7110428)
4.7109486,-74.1367394,612580498,,,POINT (-74.1367394 4.7109486)
4.7108852,-74.1370681,612580499,,,POINT (-74.13706809999999 4.7108852)
4.7109377,-74.1370474,612580500,,,POINT (-74.1370474 4.7109377)
4.7110763,-74.1368293,612580501,,,POINT (-74.1368293 4.7110763)
4.711111,-74.1369314,612580502,,,POINT (-74.13693139999999 4.711111)
4.711045,-74.1369108,612580503,,,POINT (-74.1369108 4.711045)
4.7115116,-74.1368256,612580504,,,POINT (-74.13682559999999 4.7115116)
4.7114196,-74.1367472,612580505,,,POINT (-74.1367472 4.7114196)
4.711494,-74.1368756,612580506,,,POINT (-74.1368756 4.711494)
4.7110898,-74.1368713,612580507,,,POINT (-74.1368713 4.7110898)
4.7111229,-74.1369067,612580508,,,POINT (-74.1369067 4.7111229)
4.7033232,-74.1351311,616050416,,,POINT (-74.1351311 4.7033232)
4.7034451,-74.1350625,616050417,,,POINT (-74.1350625 4.7034451)
4.7035152,-74.1350662,616050418,,,POINT (-74.1350662 4.7035152)
4.7030998,-74.1351385,616050419,,,POINT (-74.1351385 4.7030998)
4.7029946,-74.1350236,616050420,,,POINT (-74.1350236 4.7029946)
4.7030112,-74.1349644,616050421,,,POINT (-74.1349644 4.7030112)
4.703098,-74.1349829,616050422,,,POINT (-74.1349829 4.703098)
4.703157,-74.1350996,616050424,,,POINT (-74.1350996 4.703157)
4.7032198,-74.1351366,616050426,,,POINT (-74.1351366 4.7032198)
4.703602,-74.1351793,616050429,,,POINT (-74.1351793 4.703602)
4.7035854,-74.1352497,616050431,,,POINT (-74.1352497 4.7035854)
4.7035319,-74.1352756,616050433,,,POINT (-74.1352756 4.7035319)
4.6523214,-74.158582,634211905,,,POINT (-74.158582 4.6523214)
4.643333,-74.1533715,639615697,,,POINT (-74.15337150000001 4.643333)
4.666959,-74.0936281,660544713,,,POINT (-74.0936281 4.666959)
4.76057,-74.0659698,715767273,,,POINT (-74.0659698 4.76057)
4.7602918,-74.0656475,715767292,,,POINT (-74.0656475 4.7602918)
4.7626882,-74.0697336,715767302,,,POINT (-74.06973360000001 4.7626882)
4.6662558,-74.0855982,721832272,,,POINT (-74.08559820000001 4.6662558)
4.6738392,-74.0878659,721832275,,,POINT (-74.0878659 4.6738392)
4.6574677,-74.0891611,722792738,,,POINT (-74.0891611 4.6574677)
4.6567813,-74.0870122,722792740,,,POINT (-74.0870122 4.6567813)
4.655788,-74.0863519,722792743,,,POINT (-74.0863519 4.655788)
4.6543551,-74.0904611,722792745,,,POINT (-74.0904611 4.6543551)
4.6555849,-74.0863412,722792746,,,POINT (-74.08634120000001 4.6555849)
4.6547534,-74.0903592,722792748,,,POINT (-74.09035919999999 4.6547534)
4.6587234,-74.088575,722792749,,,POINT (-74.08857500000001 4.6587234)
4.6587464,-74.0884209,722792750,,,POINT (-74.0884209 4.6587464)
4.6564697,-74.0896081,722792753,,,POINT (-74.08960810000001 4.6564697)
4.657802,-74.0877077,722792754,,,POINT (-74.0877077 4.657802)
4.6540824,-74.0902841,722792755,,,POINT (-74.09028410000001 4.6540824)
4.6559377,-74.0864512,722792756,,,POINT (-74.0864512 4.6559377)
4.6581032,-74.0888813,722792757,,,POINT (-74.0888813 4.6581032)
4.6542669,-74.0904611,722792758,,,POINT (-74.0904611 4.6542669)
4.6546572,-74.0903994,722792760,,,POINT (-74.0903994 4.6546572)
4.6586753,-74.088628,722792761,,,POINT (-74.088628 4.6586753)
4.6587537,-74.0884697,722792762,,,POINT (-74.0884697 4.6587537)
4.6552157,-74.0901686,722792765,,,POINT (-74.0901686 4.6552157)
4.6586626,-74.0883126,722792766,,,POINT (-74.08831259999999 4.6586626)
4.6540824,-74.0902197,722792768,,,POINT (-74.09021970000001 4.6540824)
4.6554352,-74.0864914,722792770,,,POINT (-74.0864914 4.6554352)
4.6578813,-74.0889805,722792772,,,POINT (-74.08898050000001 4.6578813)
4.6541787,-74.0904316,722792773,,,POINT (-74.0904316 4.6541787)
4.6545895,-74.0888922,722792775,,,POINT (-74.0888922 4.6545895)
4.6545663,-74.0904262,722792776,,,POINT (-74.0904262 4.6545663)
4.6586137,-74.0886662,722792777,,,POINT (-74.08866620000001 4.6586137)
4.6587468,-74.0885328,722792779,,,POINT (-74.0885328 4.6587468)
4.6556437,-74.0863305,722792783,,,POINT (-74.0863305 4.6556437)
4.6541038,-74.0901312,722792785,,,POINT (-74.0901312 4.6541038)
4.6554753,-74.086427,722792786,,,POINT (-74.086427 4.6554753)
4.6541118,-74.0903565,722792787,,,POINT (-74.0903565 4.6541118)
4.6547401,-74.0886211,722792789,,,POINT (-74.0886211 4.6547401)
4.6544701,-74.090445,722792790,,,POINT (-74.090445 4.6544701)
4.6583812,-74.0887632,722792791,,,POINT (-74.0887632 4.6583812)
4.6544612,-74.0891717,722792795,,,POINT (-74.08917169999999 4.6544612)
4.6557159,-74.0863305,722792796,,,POINT (-74.0863305 4.6557159)
4.6542081,-74.0899273,722792798,,,POINT (-74.0899273 4.6542081)
4.655518,-74.0863841,722792799,,,POINT (-74.0863841 4.655518)
4.6587189,-74.0883582,722792800,,,POINT (-74.0883582 4.6587189)
4.6547935,-74.0884548,722792802,,,POINT (-74.08845479999999 4.6547935)
4.6654868,-74.0856149,722828549,,,POINT (-74.0856149 4.6654868)
4.6857472,-74.0779365,724113211,,,POINT (-74.07793650000001 4.6857472)
4.682164,-74.0774254,724113224,,,POINT (-74.0774254 4.682164)
4.7098316,-74.0797888,724307179,,,POINT (-74.0797888 4.7098316)
4.7261284,-74.0707444,724316817,,,POINT (-74.0707444 4.7261284)
4.6969503,-74.0550872,726142572,,,POINT (-74.0550872 4.6969503)
4.7078765,-74.0542942,726210287,,,POINT (-74.0542942 4.7078765)
4.7110667,-74.071862,726333517,,,POINT (-74.071862 4.7110667)
4.7514155,-74.0381205,728520625,,,POINT (-74.03812050000001 4.7514155)
4.7518058,-74.0379542,728520636,,,POINT (-74.0379542 4.7518058)
4.682962,-74.0433898,730533701,,,POINT (-74.0433898 4.682962)
4.6945071,-74.0347165,735028242,,,POINT (-74.0347165 4.6945071)
4.6827321,-74.0778412,745038971,,,POINT (-74.07784119999999 4.6827321)
4.6785431,-74.0616958,745794884,,,POINT (-74.0616958 4.6785431)
4.6789457,-74.0654861,745803419,,,POINT (-74.0654861 4.6789457)
4.6360882,-74.1806846,761538060,,,POINT (-74.18068460000001 4.6360882)
4.6384142,-74.1764234,761538206,,,POINT (-74.1764234 4.6384142)
4.570297,-74.137342,764701973,,,POINT (-74.137342 4.570297)
4.570208,-74.137268,764701974,,,POINT (-74.13726800000001 4.570208)
4.570101,-74.137138,764701975,,,POINT (-74.13713799999999 4.570101)
4.569961,-74.136699,764702060,,,POINT (-74.13669899999999 4.569961)
4.569969,-74.136786,764702061,,,POINT (-74.136786 4.569969)
4.569959,-74.136589,764702062,,,POINT (-74.136589 4.569959)
4.569983,-74.136885,764702065,,,POINT (-74.13688500000001 4.569983)
4.570034,-74.137022,764702066,,,POINT (-74.137022 4.570034)
4.569984,-74.136488,764702079,,,POINT (-74.136488 4.569984)
4.5700775,-74.136144,764702106,,,POINT (-74.136144 4.5700775)
4.569999,-74.1364,764702107,,,POINT (-74.13639999999999 4.569999)
4.570118,-74.1360365,764702113,,,POINT (-74.1360365 4.570118)
4.570186,-74.13584,764702122,,,POINT (-74.13584 4.570186)
4.570157,-74.135949,764702123,,,POINT (-74.135949 4.570157)
4.570214,-74.135708,764702241,,,POINT (-74.13570799999999 4.570214)
4.570208,-74.1354801,764702242,,,POINT (-74.1354801 4.570208)
4.5702126,-74.1355738,764702243,,,POINT (-74.1355738 4.5702126)
4.570073,-74.135084,764702246,,,POINT (-74.13508400000001 4.570073)
4.570131,-74.135211,764702247,,,POINT (-74.135211 4.570131)
4.570186,-74.135357,764702252,,,POINT (-74.135357 4.570186)
4.569966,-74.134666,764702269,,,POINT (-74.134666 4.569966)
4.569977,-74.134436,764702280,,,POINT (-74.13443599999999 4.569977)
4.57002,-74.134962,764702281,,,POINT (-74.134962 4.57002)
4.569983,-74.134819,764702283,,,POINT (-74.13481899999999 4.569983)
4.57011,-74.134089,764702298,,,POINT (-74.134089 4.57011)
4.570194,-74.133977,764702299,,,POINT (-74.133977 4.570194)
4.570288,-74.133873,764702300,,,POINT (-74.13387299999999 4.570288)
4.570002,-74.134323,764702301,,,POINT (-74.13432299999999 4.570002)
4.570045,-74.134213,764702302,,,POINT (-74.134213 4.570045)
4.570604,-74.137484,764702513,,,POINT (-74.137484 4.570604)
4.570516,-74.137457,764702514,,,POINT (-74.137457 4.570516)
4.57041,-74.137416,764702515,,,POINT (-74.137416 4.57041)
4.5709065,-74.1374841,764702524,,,POINT (-74.13748409999999 4.5709065)
4.570683,-74.137492,764702525,,,POINT (-74.13749199999999 4.570683)
4.571657,-74.137289,764702527,,,POINT (-74.137289 4.571657)
4.571557,-74.137358,764702528,,,POINT (-74.13735800000001 4.571557)
4.571262,-74.137454,764702539,,,POINT (-74.13745400000001 4.571262)
4.571462,-74.137398,764702540,,,POINT (-74.137398 4.571462)
4.5714,-74.137425,764702541,,,POINT (-74.13742499999999 4.5714)
4.571826,-74.137125,764702627,,,POINT (-74.137125 4.571826)
4.571749,-74.137209,764702628,,,POINT (-74.137209 4.571749)
4.5719839,-74.1368315,764702641,,,POINT (-74.1368315 4.5719839)
4.571893,-74.137032,764702642,,,POINT (-74.137032 4.571893)
4.572009,-74.136744,764702643,,,POINT (-74.13674399999999 4.572009)
4.5720537,-74.1365406,764702656,,,POINT (-74.1365406 4.5720537)
4.572031,-74.136638,764702657,,,POINT (-74.136638 4.572031)
4.5720893,-74.1364342,764702708,,,POINT (-74.1364342 4.5720893)
4.5722749,-74.1360782,764702709,,,POINT (-74.1360782 4.5722749)
4.5724066,-74.1359159,764702747,,,POINT (-74.1359159 4.5724066)
4.570942,-74.133209,764702956,,,POINT (-74.13320899999999 4.570942)
4.571047,-74.133113,764702980,,,POINT (-74.13311299999999 4.571047)
4.572572,-74.135736,764703054,,,POINT (-74.13573599999999 4.572572)
4.572917,-74.135496,764703062,,,POINT (-74.135496 4.572917)
4.572745,-74.135599,764703063,,,POINT (-74.135599 4.572745)
4.571179,-74.132974,764703300,,,POINT (-74.132974 4.571179)
4.5712486,-74.1328965,764703301,,,POINT (-74.1328965 4.5712486)
4.5713736,-74.1327288,764703355,,,POINT (-74.1327288 4.5713736)
4.571427,-74.132624,764703368,,,POINT (-74.13262400000001 4.571427)
4.571477,-74.132526,764703369,,,POINT (-74.132526 4.571477)
4.57154,-74.132359,764703388,,,POINT (-74.13235899999999 4.57154)
4.57157,-74.132252,764703434,,,POINT (-74.13225199999999 4.57157)
4.571599,-74.132124,764703435,,,POINT (-74.132124 4.571599)
4.571626,-74.131632,764703442,,,POINT (-74.131632 4.571626)
4.571633,-74.13182,764703443,,,POINT (-74.13182 4.571633)
4.571624,-74.13196,764703444,,,POINT (-74.13196000000001 4.571624)
4.571635,-74.131378,764703471,,,POINT (-74.131378 4.571635)
4.571621,-74.131517,764703472,,,POINT (-74.131517 4.571621)
4.571666,-74.131229,764703473,,,POINT (-74.131229 4.571666)
4.571742,-74.131013,764703528,,,POINT (-74.131013 4.571742)
4.571874,-74.130791,764703553,,,POINT (-74.130791 4.571874)
4.5718,-74.1309,764703554,,,POINT (-74.1309 4.5718)
4.572156,-74.130534,764703563,,,POINT (-74.130534 4.572156)
4.572057,-74.13061,764703564,,,POINT (-74.13061 4.572057)
4.572331,-74.130441,764703565,,,POINT (-74.130441 4.572331)
4.57246,-74.130403,764703609,,,POINT (-74.130403 4.57246)
4.572618,-74.130372,764703613,,,POINT (-74.13037199999999 4.572618)
4.572988,-74.130347,764703617,,,POINT (-74.130347 4.572988)
4.573311,-74.135112,764703640,,,POINT (-74.13511200000001 4.573311)
4.573118,-74.135336,764703641,,,POINT (-74.135336 4.573118)
4.573466,-74.134896,764703656,,,POINT (-74.134896 4.573466)
4.573558,-74.134687,764703657,,,POINT (-74.134687 4.573558)
4.573619,-74.134535,764703666,,,POINT (-74.134535 4.573619)
4.573656,-74.134353,764703734,,,POINT (-74.134353 4.573656)
4.573683,-74.134103,764703735,,,POINT (-74.134103 4.573683)
4.573694,-74.133933,764703736,,,POINT (-74.133933 4.573694)
4.573692,-74.133751,764703737,,,POINT (-74.133751 4.573692)
4.573734,-74.133355,764703790,,,POINT (-74.13335499999999 4.573734)
4.573701,-74.133573,764703791,,,POINT (-74.133573 4.573701)
4.573759,-74.133174,764703818,,,POINT (-74.133174 4.573759)
4.573817,-74.132934,764703915,,,POINT (-74.13293400000001 4.573817)
4.573878,-74.132725,764703916,,,POINT (-74.13272499999999 4.573878)
4.573962,-74.132513,764703917,,,POINT (-74.132513 4.573962)
4.574015,-74.132389,764703918,,,POINT (-74.132389 4.574015)
4.57416,-74.132135,764703919,,,POINT (-74.13213500000001 4.57416)
4.574297,-74.131916,764703921,,,POINT (-74.131916 4.574297)
4.574427,-74.131725,764703926,,,POINT (-74.131725 4.574427)
4.57323,-74.130349,764703935,,,POINT (-74.130349 4.57323)
4.5740271,-74.1304393,764703970,,,POINT (-74.13043930000001 4.5740271)
4.5739197,-74.1304123,764703973,,,POINT (-74.1304123 4.5739197)
4.5741261,-74.1304951,764703983,,,POINT (-74.1304951 4.5741261)
4.5743848,-74.1307042,764703984,,,POINT (-74.1307042 4.5743848)
4.574479,-74.131648,764703995,,,POINT (-74.131648 4.574479)
4.574443,-74.130766,764703997,,,POINT (-74.13076599999999 4.574443)
4.574529,-74.131403,764703998,,,POINT (-74.13140300000001 4.574529)
4.574517,-74.131518,764703999,,,POINT (-74.131518 4.574517)
4.574485,-74.130828,764704000,,,POINT (-74.13082799999999 4.574485)
4.574513,-74.130901,764704001,,,POINT (-74.13090099999999 4.574513)
4.574529,-74.130995,764704002,,,POINT (-74.130995 4.574529)
4.574528,-74.131203,764704003,,,POINT (-74.131203 4.574528)
4.7604285,-74.0408065,767823467,,,POINT (-74.0408065 4.7604285)
4.6438899,-74.1283465,773251467,,,POINT (-74.12834650000001 4.6438899)
4.6964943,-74.0848885,797208394,,,POINT (-74.08488850000001 4.6964943)
4.7189679,-74.0507485,797226737,,,POINT (-74.0507485 4.7189679)
4.7193355,-74.0528173,797226738,,,POINT (-74.0528173 4.7193355)
4.6463016,-74.0986842,810021301,,,POINT (-74.09868419999999 4.6463016)
4.6584053,-74.1064658,810021314,,,POINT (-74.1064658 4.6584053)
4.6608709,-74.1341729,821376519,,,POINT (-74.1341729 4.6608709)
4.6867784,-74.0353202,826233685,,,POINT (-74.0353202 4.6867784)
4.5868266,-74.1285723,828939096,,,POINT (-74.1285723 4.5868266)
4.6692778,-74.1200768,831566324,,,POINT (-74.12007680000001 4.6692778)
4.6693962,-74.1200395,831566380,,,POINT (-74.1200395 4.6693962)
4.6693351,-74.1200569,831566409,,,POINT (-74.12005689999999 4.6693351)
4.66937,-74.1200105,831566622,,,POINT (-74.12001050000001 4.66937)
4.6693174,-74.1200357,831566653,,,POINT (-74.1200357 4.6693174)
4.6693783,-74.1200672,831566699,,,POINT (-74.12006719999999 4.6693783)
4.6693549,-74.1200768,831566740,,,POINT (-74.12007680000001 4.6693549)
4.6692667,-74.120052,831566834,,,POINT (-74.120052 4.6692667)
4.6693456,-74.1200238,831566897,,,POINT (-74.1200238 4.6693456)
4.6693342,-74.120081,831566984,,,POINT (-74.120081 4.6693342)
4.6693524,-74.1200476,831567036,,,POINT (-74.12004760000001 4.6693524)
4.6692901,-74.1200377,831567067,,,POINT (-74.1200377 4.6692901)
4.669309,-74.1200023,831567115,,,POINT (-74.1200023 4.669309)
4.6693577,-74.1200286,831567173,,,POINT (-74.1200286 4.6693577)
4.6693081,-74.120081,831567193,,,POINT (-74.120081 4.6693081)
4.6693073,-74.1200595,831567250,,,POINT (-74.1200595 4.6693073)
4.6693921,-74.1200133,831567257,,,POINT (-74.1200133 4.6693921)
4.6693399,-74.1200048,831567284,,,POINT (-74.1200048 4.6693399)
4.6693011,-74.1200193,831567348,,,POINT (-74.1200193 4.6693011)
4.7395245,-74.0372354,834766177,,,POINT (-74.0372354 4.7395245)
4.6676676,-74.0620366,851268549,,,POINT (-74.0620366 4.6676676)
4.7196539,-74.0511894,864725490,,,POINT (-74.0511894 4.7196539)
4.713581,-74.0522677,864725504,,,POINT (-74.0522677 4.713581)
4.727106,-74.0500702,864807721,,,POINT (-74.05007019999999 4.727106)
4.7270885,-74.0499261,864807743,,,POINT (-74.04992609999999 4.7270885)
4.7371976,-74.0482925,864956875,,,POINT (-74.0482925 4.7371976)
4.7513408,-74.0455412,865003158,,,POINT (-74.0455412 4.7513408)
4.7514855,-74.0463091,865003174,,,POINT (-74.0463091 4.7514855)
4.7604315,-74.0412014,865265700,,,POINT (-74.04120140000001 4.7604315)
4.761044,-74.0453881,865271672,,,POINT (-74.0453881 4.761044)
4.6792982,-74.0652878,867269210,,,POINT (-74.06528779999999 4.6792982)
4.6872968,-74.064371,867345334,,,POINT (-74.06437099999999 4.6872968)
4.6840765,-74.0627294,867345403,,,POINT (-74.06272939999999 4.6840765)
4.7113182,-74.0937575,868861934,,,POINT (-74.0937575 4.7113182)
4.6917488,-74.0359551,870909111,,,POINT (-74.0359551 4.6917488)
4.742591,-74.0913923,871073009,,,POINT (-74.0913923 4.742591)
4.7276178,-74.1263557,871301115,,,POINT (-74.1263557 4.7276178)
4.7153581,-74.0954114,871301125,,,POINT (-74.0954114 4.7153581)
4.7271757,-74.1268988,871301165,,,POINT (-74.12689880000001 4.7271757)
4.7283259,-74.1428929,871301193,,,POINT (-74.14289290000001 4.7283259)
4.656192,-74.1545719,874025117,,,POINT (-74.15457189999999 4.656192)
4.6439992,-74.1537611,876297325,,,POINT (-74.1537611 4.6439992)
4.6303693,-74.1407692,876316050,,,POINT (-74.14076919999999 4.6303693)
4.6311727,-74.1405854,876316090,,,POINT (-74.14058540000001 4.6311727)
4.6581362,-74.15625,876455548,,,POINT (-74.15625 4.6581362)
4.6333567,-74.1945006,876492147,,,POINT (-74.1945006 4.6333567)
4.6104742,-74.0878975,882559419,,,POINT (-74.0878975 4.6104742)
4.6292834,-74.1217927,882804238,,,POINT (-74.1217927 4.6292834)
4.6305101,-74.1381067,883098508,,,POINT (-74.13810669999999 4.6305101)
4.6306657,-74.1394661,883098524,,,POINT (-74.13946610000001 4.6306657)
4.6303972,-74.1410185,883196177,,,POINT (-74.1410185 4.6303972)
4.6649744,-74.0930217,889749521,,,POINT (-74.09302169999999 4.6649744)
4.6896516,-74.1093993,896199157,,,POINT (-74.10939930000001 4.6896516)
4.7498361,-74.0984143,904193979,,,POINT (-74.0984143 4.7498361)
4.6908999,-74.092768,915228422,,,POINT (-74.09276800000001 4.6908999)
4.6783852,-74.0657722,947760920,,,POINT (-74.0657722 4.6783852)
4.6223612,-74.1632527,976343076,,,POINT (-74.1632527 4.6223612)
4.6434513,-74.1534412,976343147,,,POINT (-74.1534412 4.6434513)
4.597078,-74.1088021,983024938,,,POINT (-74.10880210000001 4.597078)
4.5977375,-74.1094389,983024947,,,POINT (-74.1094389 4.5977375)
4.5931624,-74.128218,986201089,,,POINT (-74.128218 4.5931624)
4.5926644,-74.1285112,986201105,,,POINT (-74.12851120000001 4.5926644)
4.5933817,-74.1263139,986211261,,,POINT (-74.1263139 4.5933817)
4.5932249,-74.1271269,986211276,,,POINT (-74.12712689999999 4.5932249)
4.6947017,-74.0681912,988497482,,,POINT (-74.0681912 4.6947017)
4.6937233,-74.067642,988497483,,,POINT (-74.06764200000001 4.6937233)
4.6999315,-74.07027,988497485,,,POINT (-74.07026999999999 4.6999315)
4.6853935,-74.0777053,1238006098,,,POINT (-74.07770530000001 4.6853935)
4.6886341,-74.0627585,1247707114,,,POINT (-74.0627585 4.6886341)
4.7698384,-74.0429697,1255467929,,,POINT (-74.0429697 4.7698384)
4.6864679,-74.1269353,1268143369,,,POINT (-74.1269353 4.6864679)
4.6870491,-74.128049,1268143407,,,POINT (-74.128049 4.6870491)
4.6965907,-74.0560046,1312293951,,,POINT (-74.05600459999999 4.6965907)
4.7584915,-74.0897397,1340736338,,,POINT (-74.0897397 4.7584915)
4.7586509,-74.0899467,1340789644,,,POINT (-74.0899467 4.7586509)
4.7483167,-74.0954778,1340789659,,,POINT (-74.0954778 4.7483167)
4.6426331,-74.1044751,1514485652,,,POINT (-74.1044751 4.6426331)
4.6402753,-74.0650605,1602429217,,,POINT (-74.0650605 4.6402753)
4.7549376,-74.1138319,1659959904,,,POINT (-74.11383189999999 4.7549376)
4.7290059,-74.1248774,1727251759,,,POINT (-74.1248774 4.7290059)
4.6596168,-74.1367248,1735972402,,,POINT (-74.1367248 4.6596168)
4.6605384,-74.1364927,1735972403,,,POINT (-74.13649270000001 4.6605384)
4.660809,-74.1357966,1735972405,,,POINT (-74.13579660000001 4.660809)
4.6857917,-74.0771226,1790608151,,,POINT (-74.0771226 4.6857917)
4.6421317,-74.1273138,1802307521,,,POINT (-74.1273138 4.6421317)
4.6433934,-74.1253906,1802307529,turning_loop,,POINT (-74.1253906 4.6433934)
4.6423435,-74.1274353,1802307540,,,POINT (-74.1274353 4.6423435)
4.6894392,-74.1316172,1853178295,,,POINT (-74.13161719999999 4.6894392)
4.6899786,-74.1315417,1855171805,,,POINT (-74.1315417 4.6899786)
4.6896587,-74.1311369,1855171815,,,POINT (-74.1311369 4.6896587)
4.6028057,-74.0929384,1859668390,,,POINT (-74.09293839999999 4.6028057)
4.6329699,-74.0849715,1862259668,,234,POINT (-74.08497149999999 4.6329699)
4.5963892,-74.1701026,1863116305,,,POINT (-74.17010260000001 4.5963892)
4.5965673,-74.1719289,1863116308,,,POINT (-74.1719289 4.5965673)
4.6276618,-74.1731218,1863761537,,,POINT (-74.1731218 4.6276618)
4.6287783,-74.1730762,1863782406,,,POINT (-74.1730762 4.6287783)
4.6189216,-74.1853594,1895393461,,,POINT (-74.1853594 4.6189216)
4.7118613,-74.1343563,1926138656,,,POINT (-74.13435629999999 4.7118613)
4.6263177,-74.0811469,1940986401,,,POINT (-74.08114689999999 4.6263177)
4.6342035,-74.0799192,1993204351,,,POINT (-74.07991920000001 4.6342035)
4.6684465,-74.0968358,1996254269,,,POINT (-74.09683579999999 4.6684465)
4.7604057,-74.0660885,1998723303,,,POINT (-74.06608850000001 4.7604057)
4.7178563,-74.0735222,1998855481,,,POINT (-74.0735222 4.7178563)
4.7120376,-74.0933211,2019108596,,,POINT (-74.0933211 4.7120376)
4.7516374,-74.0469729,2044482814,,,POINT (-74.0469729 4.7516374)
4.7607276,-74.0454084,2044510166,,,POINT (-74.0454084 4.7607276)
4.62618,-74.1071007,2099187329,,,POINT (-74.1071007 4.62618)
4.6077688,-74.0997533,2099187361,,,POINT (-74.0997533 4.6077688)
4.7192682,-74.0521486,2193673467,,,POINT (-74.0521486 4.7192682)
4.6446515,-74.1027202,2292709975,,,POINT (-74.10272019999999 4.6446515)
4.5969139,-74.16193,2333133303,,,POINT (-74.16193 4.5969139)
4.5962436,-74.1684362,2333139051,,,POINT (-74.1684362 4.5962436)
4.7010452,-74.1138446,2337781732,,,POINT (-74.11384459999999 4.7010452)
4.7097809,-74.0916549,2349925469,,,POINT (-74.09165489999999 4.7097809)
4.7152258,-74.0953995,2349925505,,,POINT (-74.0953995 4.7152258)
4.7058403,-74.0882035,2350020514,,,POINT (-74.08820350000001 4.7058403)
4.7061164,-74.0879121,2350020515,,,POINT (-74.0879121 4.7061164)
4.7254423,-74.0321203,2361823783,,,POINT (-74.0321203 4.7254423)
4.6543544,-74.0897083,2374397700,,,POINT (-74.0897083 4.6543544)
4.6544223,-74.0893746,2374397707,,,POINT (-74.0893746 4.6544223)
4.654523,-74.089042,2374397711,,,POINT (-74.08904200000001 4.654523)
4.6549689,-74.0876185,2374397821,,,POINT (-74.0876185 4.6549689)
4.6551186,-74.0902019,2374397876,,,POINT (-74.0902019 4.6551186)
4.656594,-74.0868898,2374398086,,,POINT (-74.08688979999999 4.656594)
4.6573264,-74.0892246,2374398337,crossing,,POINT (-74.08922459999999 4.6573264)
4.6565683,-74.1205405,2396851181,,,POINT (-74.1205405 4.6565683)
4.6995935,-74.1205288,2412135529,,,POINT (-74.1205288 4.6995935)
4.7000107,-74.1200663,2412135531,,,POINT (-74.1200663 4.7000107)
4.6995035,-74.1203069,2412135534,,,POINT (-74.1203069 4.6995035)
4.6997179,-74.120507,2412135536,,,POINT (-74.120507 4.6997179)
4.7000094,-74.1201904,2412135538,,,POINT (-74.1201904 4.7000094)
4.6997835,-74.1199964,2412135540,,,POINT (-74.11999640000001 4.6997835)
4.6995378,-74.1204733,2412135543,,,POINT (-74.1204733 4.6995378)
4.6996036,-74.1204003,2412135545,,,POINT (-74.1204003 4.6996036)
4.6995194,-74.120455,2412135547,,,POINT (-74.12045500000001 4.6995194)
4.6995845,-74.1203826,2412135549,,,POINT (-74.1203826 4.6995845)
4.704559,-74.1370473,2416467683,,,POINT (-74.13704730000001 4.704559)
4.6832487,-74.1225377,2475285647,,,POINT (-74.1225377 4.6832487)
4.6836474,-74.1146155,2476592936,,,POINT (-74.1146155 4.6836474)
4.6915933,-74.1081263,2476592940,,,POINT (-74.1081263 4.6915933)
4.6333465,-74.0800425,2477227972,,,POINT (-74.0800425 4.6333465)
4.68594,-74.1262397,2531699696,,,POINT (-74.1262397 4.68594)
4.6399494,-74.0946677,2531718378,,,POINT (-74.0946677 4.6399494)
4.6546416,-74.1039959,2531718383,,,POINT (-74.1039959 4.6546416)
4.6547471,-74.1041085,2531718384,,,POINT (-74.1041085 4.6547471)
4.6539399,-74.1036824,2531718385,,,POINT (-74.1036824 4.6539399)
4.640597,-74.1262265,2534553539,,,POINT (-74.1262265 4.640597)
4.6376949,-74.1680926,2542529834,,,POINT (-74.16809259999999 4.6376949)
4.6403408,-74.0943424,2549891918,,,POINT (-74.0943424 4.6403408)
4.6671858,-74.1120424,2549891925,,,POINT (-74.11204240000001 4.6671858)
4.6807251,-74.1396316,2549929138,,,POINT (-74.1396316 4.6807251)
4.6774155,-74.118602,2549929139,,,POINT (-74.118602 4.6774155)
4.6777374,-74.1189037,2549929140,,,POINT (-74.1189037 4.6777374)
4.6667761,-74.1117448,2549929163,,,POINT (-74.1117448 4.6667761)
4.596454,-74.167461,2584786807,,,POINT (-74.167461 4.596454)
4.5972504,-74.1774957,2644911126,,,POINT (-74.17749569999999 4.5972504)
4.6107922,-74.1785579,2672833509,,,POINT (-74.1785579 4.6107922)
4.6812834,-74.1381374,2773052670,,,POINT (-74.13813740000001 4.6812834)
4.6805816,-74.1395163,2773052677,,,POINT (-74.1395163 4.6805816)
4.6736595,-74.1481389,2773052678,,,POINT (-74.14813890000001 4.6736595)
4.6735416,-74.1480377,2773052680,,,POINT (-74.1480377 4.6735416)
4.6354522,-74.2029546,2984872060,,,POINT (-74.2029546 4.6354522)
4.7108767,-74.1371815,3100694056,,,POINT (-74.1371815 4.7108767)
4.7109105,-74.1366774,3100694057,,,POINT (-74.1366774 4.7109105)
4.7109183,-74.1365689,3100694058,,,POINT (-74.1365689 4.7109183)
4.7109545,-74.1365001,3100694060,,,POINT (-74.13650010000001 4.7109545)
4.7110406,-74.1367982,3100694063,,,POINT (-74.1367982 4.7110406)
4.7115004,-74.1367935,3100694069,,,POINT (-74.1367935 4.7115004)
4.6974262,-74.0932633,3192655542,,,POINT (-74.0932633 4.6974262)
4.7422691,-74.0649937,3200909059,,,POINT (-74.0649937 4.7422691)
4.6786689,-74.0578796,3213363977,,,POINT (-74.05787960000001 4.6786689)
4.6657615,-74.0530448,3236651022,,,POINT (-74.0530448 4.6657615)
4.6503773,-74.0626065,3236651042,,,POINT (-74.0626065 4.6503773)
4.6446446,-74.1760228,3260562966,,,POINT (-74.1760228 4.6446446)
4.6565547,-74.092124,3309679016,,,POINT (-74.092124 4.6565547)
4.6736875,-74.0481861,3326731314,,,POINT (-74.0481861 4.6736875)
4.5848523,-74.0957977,3346992877,,,POINT (-74.09579770000001 4.5848523)
4.6462958,-74.1068002,3440207567,,,POINT (-74.1068002 4.6462958)
4.6983809,-74.0548642,3518390540,,,POINT (-74.0548642 4.6983809)
4.687948,-74.0406104,3544564898,,,POINT (-74.04061040000001 4.687948)
4.6895399,-74.0398916,3544564899,,,POINT (-74.0398916 4.6895399)
4.6409358,-74.1291973,3656547441,,,POINT (-74.1291973 4.6409358)
4.6064266,-74.0712432,3687485181,,,POINT (-74.0712432 4.6064266)
4.655503,-74.1101765,3757436182,,,POINT (-74.11017649999999 4.655503)
4.6576915,-74.1067006,3757438093,,,POINT (-74.1067006 4.6576915)
4.6528176,-74.1065732,3757470855,,,POINT (-74.1065732 4.6528176)
4.7129348,-74.1329211,3873415830,,,POINT (-74.1329211 4.7129348)
4.613243,-74.2110971,3875384504,,,POINT (-74.2110971 4.613243)
4.6165058,-74.2049062,3875384524,,,POINT (-74.2049062 4.6165058)
4.6418685,-74.073954,3879227379,,,POINT (-74.073954 4.6418685)
4.612577,-74.2055814,3886601491,,,POINT (-74.2055814 4.612577)
4.6735648,-74.0480156,3992274781,,,POINT (-74.0480156 4.6735648)
4.6656831,-74.0529122,3992274784,,,POINT (-74.05291219999999 4.6656831)
4.6828528,-74.0432115,3992274791,,,POINT (-74.0432115 4.6828528)
4.6566092,-74.1084339,4054669190,,,POINT (-74.10843389999999 4.6566092)
4.7402893,-74.1245999,4070361383,,,POINT (-74.12459990000001 4.7402893)
4.6052931,-74.0665984,4082308841,,,POINT (-74.0665984 4.6052931)
4.6049789,-74.0661236,4082308842,,,POINT (-74.0661236 4.6049789)
4.6296605,-74.1926433,4108887932,traffic_signals,,POINT (-74.1926433 4.6296605)
4.749325,-74.037438,4109041172,,,POINT (-74.03743799999999 4.749325)
4.7598204,-74.0412266,4141202546,,,POINT (-74.0412266 4.7598204)
4.6665724,-74.0648182,4161703851,,,POINT (-74.0648182 4.6665724)
4.6667385,-74.0648634,4161703853,,,POINT (-74.06486339999999 4.6667385)
4.7088703,-74.0645252,4226763402,,,POINT (-74.06452520000001 4.7088703)
4.7087912,-74.0643426,4226765498,,,POINT (-74.0643426 4.7087912)
4.7016688,-74.0678772,4226772556,,,POINT (-74.0678772 4.7016688)
4.7386914,-74.0490732,4226810102,,,POINT (-74.0490732 4.7386914)
4.7373828,-74.0493947,4226810114,,,POINT (-74.04939469999999 4.7373828)
4.7371906,-74.0495257,4226810119,,,POINT (-74.0495257 4.7371906)
4.7608775,-74.0442975,4234199445,,,POINT (-74.0442975 4.7608775)
4.7418138,-74.0475963,4234294488,,,POINT (-74.0475963 4.7418138)
4.5202868,-74.1219718,4247680374,,,POINT (-74.1219718 4.5202868)
4.7202844,-74.0744054,4280525350,,,POINT (-74.0744054 4.7202844)
4.6464757,-74.106837,4281285194,,,POINT (-74.106837 4.6464757)
4.64357,-74.1040674,4281285262,,,POINT (-74.10406740000001 4.64357)
4.6449109,-74.1023634,4281292661,,,POINT (-74.1023634 4.6449109)
4.5964846,-74.1842553,4293888216,,,POINT (-74.1842553 4.5964846)
4.6330621,-74.1982383,4322123269,,,POINT (-74.1982383 4.6330621)
4.6344275,-74.1951284,4322123270,,,POINT (-74.1951284 4.6344275)
4.6736067,-74.0667549,4360783856,,,POINT (-74.06675490000001 4.6736067)
4.6699718,-74.0808027,4360798270,,,POINT (-74.08080270000001 4.6699718)
4.6679576,-74.0823644,4360798275,,,POINT (-74.0823644 4.6679576)
4.6633618,-74.0810014,4360798278,,,POINT (-74.08100140000001 4.6633618)
4.6626508,-74.0799518,4360798279,,,POINT (-74.0799518 4.6626508)
4.6610873,-74.0777769,4360798284,,,POINT (-74.0777769 4.6610873)
4.6011573,-74.1163722,4467924680,,,POINT (-74.1163722 4.6011573)
4.6550382,-74.0976021,4499666632,,,POINT (-74.0976021 4.6550382)
4.6550698,-74.0976454,4499666633,,,POINT (-74.0976454 4.6550698)
4.674271,-74.0674808,4525662287,,,POINT (-74.0674808 4.674271)
4.6828234,-74.0628805,4525662404,,,POINT (-74.06288050000001 4.6828234)
4.661208,-74.1005287,4726607257,,,POINT (-74.1005287 4.661208)
4.6611026,-74.1005585,4726607260,,,POINT (-74.10055850000001 4.6611026)
4.6612445,-74.100422,4726607271,,,POINT (-74.10042199999999 4.6612445)
4.6601517,-74.1003853,4726607272,,,POINT (-74.1003853 4.6601517)
4.6611465,-74.1003246,4726607281,,,POINT (-74.10032459999999 4.6611465)
4.660548,-74.1002055,4726607290,,,POINT (-74.1002055 4.660548)
4.6423532,-74.1580476,4777461006,,,POINT (-74.1580476 4.6423532)
4.5971216,-74.0848329,4893043306,,,POINT (-74.08483289999999 4.5971216)
4.6069668,-74.097362,4893074256,,,POINT (-74.097362 4.6069668)
4.6060039,-74.0980284,4893074257,,,POINT (-74.0980284 4.6060039)
4.7029816,-74.1003453,4894014309,,,POINT (-74.1003453 4.7029816)
4.6320617,-74.0663532,4898195178,,,POINT (-74.06635319999999 4.6320617)
4.6313435,-74.064398,4898195179,,,POINT (-74.064398 4.6313435)
4.6895183,-74.1310195,4911336737,,,POINT (-74.13101949999999 4.6895183)
4.6894582,-74.1308693,4911336739,,,POINT (-74.1308693 4.6894582)
4.6825654,-74.0780295,4913800374,,,POINT (-74.0780295 4.6825654)
4.6851783,-74.0800555,4913800406,,,POINT (-74.0800555 4.6851783)
4.7467302,-74.0958077,4929490487,,,POINT (-74.09580769999999 4.7467302)
4.6857925,-74.0802366,4929519540,,,POINT (-74.08023660000001 4.6857925)
4.6841023,-74.1237377,4929708839,,,POINT (-74.12373770000001 4.6841023)
4.6840448,-74.1237813,4929708840,,,POINT (-74.1237813 4.6840448)
4.6827238,-74.1220884,4929708847,,,POINT (-74.1220884 4.6827238)
4.7543062,-74.0923687,4985891043,,,POINT (-74.09236869999999 4.7543062)
4.5892755,-74.0846867,4989066521,,,POINT (-74.08468670000001 4.5892755)
4.674901,-74.0588661,5071897096,,,POINT (-74.0588661 4.674901)
4.6163092,-74.1525204,5105706883,,,POINT (-74.1525204 4.6163092)
4.5946626,-74.137771,5106180031,traffic_signals,,POINT (-74.137771 4.5946626)
4.6467013,-74.1068281,5106244338,,,POINT (-74.1068281 4.6467013)
4.7089997,-74.0645074,5111381084,,,POINT (-74.0645074 4.7089997)
4.6039622,-74.1596434,5113136787,,,POINT (-74.15964339999999 4.6039622)
4.6025555,-74.1582842,5113175677,,,POINT (-74.1582842 4.6025555)
4.7036449,-74.0331115,5113313997,,,POINT (-74.0331115 4.7036449)
4.7454187,-74.1083496,5113903197,,,POINT (-74.1083496 4.7454187)
4.7382249,-74.0507088,5113906470,,,POINT (-74.0507088 4.7382249)
4.7017828,-74.0675274,5115671473,,,POINT (-74.0675274 4.7017828)
4.6748063,-74.1169385,5123873600,,,POINT (-74.1169385 4.6748063)
4.6746264,-74.1168415,5123873602,,,POINT (-74.11684150000001 4.6746264)
4.6772598,-74.1191636,5123873603,,,POINT (-74.11916359999999 4.6772598)
4.63121,-74.0723536,5127212091,,,POINT (-74.0723536 4.63121)
4.7327214,-74.0548253,5143953507,,,POINT (-74.0548253 4.7327214)
4.7326579,-74.0547528,5143953508,,,POINT (-74.0547528 4.7326579)
4.732563,-74.0547361,5143953509,,,POINT (-74.0547361 4.732563)
4.7327257,-74.0549219,5143953510,,,POINT (-74.0549219 4.7327257)
4.7326707,-74.0549984,5143953511,,,POINT (-74.0549984 4.7326707)
4.7323153,-74.0547866,5143953512,,,POINT (-74.0547866 4.7323153)
4.7322512,-74.0548588,5143953513,,,POINT (-74.05485880000001 4.7322512)
4.7322637,-74.0549933,5143953514,,,POINT (-74.05499330000001 4.7322637)
4.732295,-74.0550278,5143953515,,,POINT (-74.0550278 4.732295)
4.7323812,-74.0550594,5143953516,,,POINT (-74.0550594 4.7323812)
4.6895827,-74.1309661,5168315149,,,POINT (-74.13096609999999 4.6895827)
4.6877771,-74.1284257,5168315177,,,POINT (-74.12842569999999 4.6877771)
4.6619154,-74.1092886,5168355860,,,POINT (-74.1092886 4.6619154)
4.6576467,-74.105972,5168355916,,,POINT (-74.10597199999999 4.6576467)
4.6583215,-74.1063699,5168356022,,,POINT (-74.1063699 4.6583215)
4.6582839,-74.1064288,5168356025,,,POINT (-74.1064288 4.6582839)
4.6546137,-74.1040792,5168356039,,,POINT (-74.1040792 4.6546137)
4.654219,-74.1033634,5168356041,,,POINT (-74.10336340000001 4.654219)
4.6542786,-74.1033106,5171642622,,,POINT (-74.1033106 4.6542786)
4.6090195,-74.1316431,5235496150,,,POINT (-74.13164310000001 4.6090195)
4.6090979,-74.1316807,5235496165,,,POINT (-74.1316807 4.6090979)
4.5938823,-74.1249449,5240091024,,,POINT (-74.1249449 4.5938823)
4.7470233,-74.0963146,5265046914,,,POINT (-74.0963146 4.7470233)
4.746391,-74.0965948,5265095485,,,POINT (-74.09659480000001 4.746391)
4.7544528,-74.0922261,5267343596,,,POINT (-74.0922261 4.7544528)
4.6124283,-74.1807294,5282642047,,,POINT (-74.1807294 4.6124283)
4.6121744,-74.1802975,5282642048,,,POINT (-74.18029749999999 4.6121744)
4.6120942,-74.1802385,5282642049,,,POINT (-74.1802385 4.6120942)
4.6120113,-74.180252,5282642050,,,POINT (-74.180252 4.6120113)
4.6119578,-74.1803083,5282642051,,,POINT (-74.18030829999999 4.6119578)
4.6119578,-74.1803807,5282642052,,,POINT (-74.1803807 4.6119578)
4.6119845,-74.1804558,5282642053,,,POINT (-74.1804558 4.6119845)
4.6121851,-74.1808072,5282642054,,,POINT (-74.1808072 4.6121851)
4.6122679,-74.1808796,5282642055,,,POINT (-74.1808796 4.6122679)
4.6123535,-74.1808796,5282642056,,,POINT (-74.1808796 4.6123535)
4.6124123,-74.1808554,5282642057,,,POINT (-74.1808554 4.6124123)
4.6124337,-74.1807964,5282642058,,,POINT (-74.18079640000001 4.6124337)
4.6181439,-74.2013828,5320797097,,,POINT (-74.2013828 4.6181439)
4.6181252,-74.2014029,5320797098,,,POINT (-74.20140290000001 4.6181252)
4.6180891,-74.201419,5320797099,,,POINT (-74.201419 4.6180891)
4.618049,-74.2014177,5320797100,,,POINT (-74.20141769999999 4.618049)
4.6180062,-74.2014177,5320797101,,,POINT (-74.20141769999999 4.6180062)
4.6179554,-74.2014271,5320797102,,,POINT (-74.2014271 4.6179554)
4.6179073,-74.2014432,5320797103,,,POINT (-74.2014432 4.6179073)
4.6178552,-74.2014767,5320797104,,,POINT (-74.2014767 4.6178552)
4.6178191,-74.2014915,5320797105,,,POINT (-74.2014915 4.6178191)
4.6177776,-74.2014915,5320797106,,,POINT (-74.2014915 4.6177776)
4.6177456,-74.201466,5320797107,,,POINT (-74.201466 4.6177456)
4.6177402,-74.2014338,5320797108,,,POINT (-74.2014338 4.6177402)
4.6177576,-74.2013989,5320797109,,,POINT (-74.2013989 4.6177576)
4.6177964,-74.2013775,5320797110,,,POINT (-74.20137750000001 4.6177964)
4.6178405,-74.2013734,5320797111,,,POINT (-74.20137339999999 4.6178405)
4.6178966,-74.2013708,5320797112,,,POINT (-74.20137080000001 4.6178966)
4.6179528,-74.2013587,5320797113,,,POINT (-74.2013587 4.6179528)
4.6179969,-74.2013359,5320797114,,,POINT (-74.2013359 4.6179969)
4.6180396,-74.2013064,5320797115,,,POINT (-74.20130640000001 4.6180396)
4.6180851,-74.2012997,5320797116,,,POINT (-74.20129970000001 4.6180851)
4.6181265,-74.2013225,5320797117,,,POINT (-74.2013225 4.6181265)
4.6181412,-74.2013439,5320797118,,,POINT (-74.2013439 4.6181412)
4.6293586,-74.207171,5324611732,,,POINT (-74.207171 4.6293586)
4.6847763,-74.1539086,5341666600,,,POINT (-74.15390859999999 4.6847763)
4.6847435,-74.1539414,5341666601,,,POINT (-74.15394139999999 4.6847435)
4.6847202,-74.153977,5341666602,,,POINT (-74.153977 4.6847202)
4.6847041,-74.1539951,5341666603,,,POINT (-74.1539951 4.6847041)
4.6846767,-74.1540018,5341666604,,,POINT (-74.1540018 4.6846767)
4.6846453,-74.1539857,5341666605,,,POINT (-74.15398570000001 4.6846453)
4.6846326,-74.1539642,5341666606,,,POINT (-74.1539642 4.6846326)
4.6846333,-74.1539401,5341666607,,,POINT (-74.1539401 4.6846333)
4.6846486,-74.1539126,5341666608,,,POINT (-74.1539126 4.6846486)
4.6846787,-74.1538931,5341666609,,,POINT (-74.1538931 4.6846787)
4.6847262,-74.153869,5341666610,,,POINT (-74.153869 4.6847262)
4.6847803,-74.1538328,5341666611,,,POINT (-74.1538328 4.6847803)
4.6847957,-74.1538107,5341666612,,,POINT (-74.15381069999999 4.6847957)
4.6848251,-74.1537543,5341666613,,,POINT (-74.1537543 4.6848251)
4.6848264,-74.1537336,5341666614,,,POINT (-74.1537336 4.6848264)
4.6848344,-74.1537262,5341666615,,,POINT (-74.15372619999999 4.6848344)
4.6848736,-74.1537229,5341666616,,,POINT (-74.15372290000001 4.6848736)
4.6849126,-74.1537255,5341666617,,,POINT (-74.15372549999999 4.6849126)
4.6849447,-74.1537329,5341666618,,,POINT (-74.15373289999999 4.6849447)
4.6849641,-74.153745,5341666619,,,POINT (-74.153745 4.6849641)
4.6849741,-74.1537637,5341666620,,,POINT (-74.1537637 4.6849741)
4.6849708,-74.1537872,5341667121,,,POINT (-74.1537872 4.6849708)
4.6849494,-74.1538107,5341667122,,,POINT (-74.15381069999999 4.6849494)
4.684914,-74.1538241,5341667123,,,POINT (-74.15382409999999 4.684914)
4.6848632,-74.1538496,5341667124,,,POINT (-74.1538496 4.6848632)
4.6848057,-74.1538797,5341667125,,,POINT (-74.1538797 4.6848057)
4.6849408,-74.1547823,5341667148,,,POINT (-74.15478229999999 4.6849408)
4.613198,-74.0924114,5342336263,,,POINT (-74.0924114 4.613198)
4.6150135,-74.0908853,5342336266,,,POINT (-74.0908853 4.6150135)
4.6812276,-74.0556004,5346483246,,,POINT (-74.0556004 4.6812276)
4.7570956,-74.0790706,5379785940,,,POINT (-74.07907059999999 4.7570956)
4.7508211,-74.0852151,5379862891,,,POINT (-74.0852151 4.7508211)
4.7508164,-74.0852774,5379862892,,,POINT (-74.0852774 4.7508164)
4.7507399,-74.0854275,5379862893,,,POINT (-74.08542749999999 4.7507399)
4.7506376,-74.0855037,5379862894,,,POINT (-74.0855037 4.7506376)
4.7504647,-74.0856205,5379862895,,,POINT (-74.0856205 4.7504647)
4.7503835,-74.0856612,5379862896,,,POINT (-74.0856612 4.7503835)
4.7503465,-74.0856595,5379862897,,,POINT (-74.08565950000001 4.7503465)
4.7503271,-74.0856329,5379862898,,,POINT (-74.08563289999999 4.7503271)
4.7503235,-74.0855763,5379862899,,,POINT (-74.0855763 4.7503235)
4.7503853,-74.0854895,5379862900,,,POINT (-74.08548949999999 4.7503853)
4.7505476,-74.0853691,5379862901,,,POINT (-74.08536909999999 4.7505476)
4.7506411,-74.0852894,5379862902,,,POINT (-74.08528939999999 4.7506411)
4.750717,-74.0852115,5379862903,,,POINT (-74.0852115 4.750717)
4.7507629,-74.0851761,5379862904,,,POINT (-74.0851761 4.7507629)
4.7507911,-74.0851744,5379862905,,,POINT (-74.0851744 4.7507911)
4.750807,-74.0851885,5379862906,,,POINT (-74.0851885 4.750807)
4.6426228,-74.0963436,5382033564,,,POINT (-74.0963436 4.6426228)
4.6422649,-74.0961531,5382033566,,,POINT (-74.0961531 4.6422649)
4.6465688,-74.0989004,5382033568,,,POINT (-74.09890040000001 4.6465688)
4.6502587,-74.101251,5382033569,,,POINT (-74.101251 4.6502587)
4.6505714,-74.1014322,5382033571,,,POINT (-74.1014322 4.6505714)
4.6564516,-74.1052136,5382033572,,,POINT (-74.1052136 4.6564516)
4.6567677,-74.1054617,5382033574,,,POINT (-74.10546170000001 4.6567677)
4.66981,-74.1137673,5382033575,,,POINT (-74.11376730000001 4.66981)
4.6694464,-74.1134995,5382033577,,,POINT (-74.1134995 4.6694464)
4.6125619,-74.0705423,5384764669,,,POINT (-74.0705423 4.6125619)
4.491363,-74.120797,5398722271,,,POINT (-74.120797 4.491363)
4.5014358,-74.1217036,5398722331,mini_roundabout,,POINT (-74.1217036 4.5014358)
4.6281667,-74.119166,5404775715,,,POINT (-74.11916600000001 4.6281667)
4.6306378,-74.1353587,5406675256,,,POINT (-74.1353587 4.6306378)
4.5673614,-74.1397461,5433829449,,,POINT (-74.1397461 4.5673614)
4.5672428,-74.1402703,5433829450,,,POINT (-74.1402703 4.5672428)
4.6949339,-74.037062,5494990161,,,POINT (-74.03706200000001 4.6949339)
4.6688286,-74.063399,5539187624,,,POINT (-74.063399 4.6688286)
4.6689441,-74.0634944,5539187630,,,POINT (-74.0634944 4.6689441)
4.7407042,-74.04274,5569236496,,,POINT (-74.04273999999999 4.7407042)
4.6098176,-74.1555127,5605596631,,,POINT (-74.1555127 4.6098176)
4.632813,-74.0850644,5627323658,,,POINT (-74.08506439999999 4.632813)
4.4867378,-74.1048799,5642835090,,,POINT (-74.1048799 4.4867378)
4.4908614,-74.1098709,5642835114,,,POINT (-74.1098709 4.4908614)
4.5611196,-74.1365458,5642893743,,,POINT (-74.13654579999999 4.5611196)
4.5677002,-74.1379839,5642898913,,,POINT (-74.13798389999999 4.5677002)
4.6411027,-74.069816,5643183178,,,POINT (-74.069816 4.6411027)
4.6408385,-74.0682973,5643183181,,,POINT (-74.0682973 4.6408385)
4.646425,-74.1069159,5657916634,,,POINT (-74.1069159 4.646425)
4.6465185,-74.1068826,5657916640,,,POINT (-74.10688260000001 4.6465185)
4.6436517,-74.104145,5657916665,,,POINT (-74.104145 4.6436517)
4.6450513,-74.1030571,5657916669,,,POINT (-74.1030571 4.6450513)
4.5946727,-74.1378438,5661475833,traffic_signals,,POINT (-74.1378438 4.5946727)
4.6901578,-74.039241,5684044676,,,POINT (-74.039241 4.6901578)
4.6179537,-74.1863199,5700255501,,,POINT (-74.1863199 4.6179537)
4.6098358,-74.2033051,5700684984,,,POINT (-74.20330509999999 4.6098358)
4.7363225,-74.0996795,5700754852,,,POINT (-74.09967949999999 4.7363225)
4.7225567,-74.0897566,5700835408,,,POINT (-74.0897566 4.7225567)
4.7170452,-74.0931663,5700841261,,,POINT (-74.09316629999999 4.7170452)
4.7607857,-74.0264421,5709287589,,,POINT (-74.0264421 4.7607857)
4.7018551,-74.067041,5719250468,,,POINT (-74.067041 4.7018551)
4.7023809,-74.0668088,5719250494,,,POINT (-74.0668088 4.7023809)
4.7407262,-74.0428404,5723974406,,,POINT (-74.0428404 4.7407262)
4.7418511,-74.0475899,5723974415,,,POINT (-74.04758990000001 4.7418511)
4.6834946,-74.0799473,5726212261,,,POINT (-74.0799473 4.6834946)
4.6850475,-74.0774228,5726212288,,,POINT (-74.07742279999999 4.6850475)
4.6782251,-74.0853376,5726212628,,,POINT (-74.0853376 4.6782251)
4.6965176,-74.0858121,5728428237,,,POINT (-74.0858121 4.6965176)
4.6966745,-74.0858856,5728428250,,,POINT (-74.0858856 4.6966745)
4.6967972,-74.0859424,5728428251,,,POINT (-74.08594239999999 4.6967972)
4.6961073,-74.085633,5728485841,,,POINT (-74.085633 4.6961073)
4.6962881,-74.0856527,5728485843,,,POINT (-74.0856527 4.6962881)
4.7569468,-74.112761,5744789498,,,POINT (-74.11276100000001 4.7569468)
4.7026373,-74.100905,5749786352,,,POINT (-74.100905 4.7026373)
4.7282538,-74.125225,5750101796,,,POINT (-74.125225 4.7282538)
4.7285598,-74.126478,5750101812,,,POINT (-74.12647800000001 4.7285598)
4.6903201,-74.0988597,5750414339,,,POINT (-74.09885970000001 4.6903201)
4.7208937,-74.1222483,5752391015,,,POINT (-74.1222483 4.7208937)
4.7220994,-74.1245276,5752391127,,,POINT (-74.12452759999999 4.7220994)
4.7241755,-74.1271204,5752391140,,,POINT (-74.1271204 4.7241755)
4.7219537,-74.1250524,5752391147,,,POINT (-74.1250524 4.7219537)
4.7232166,-74.1263512,5752391148,,,POINT (-74.1263512 4.7232166)
4.7204503,-74.1281555,5752391161,,,POINT (-74.12815550000001 4.7204503)
4.6530688,-74.0823832,5753224793,,,POINT (-74.0823832 4.6530688)
4.6551983,-74.0870939,5754959074,,,POINT (-74.0870939 4.6551983)
4.6574628,-74.0874767,5754959077,,,POINT (-74.0874767 4.6574628)
4.6566262,-74.0895389,5755009443,,,POINT (-74.08953889999999 4.6566262)
4.6549318,-74.0902657,5755009447,,,POINT (-74.0902657 4.6549318)
4.6520284,-74.0930791,5755009474,,,POINT (-74.0930791 4.6520284)
4.6480873,-74.0993334,5764821600,,,POINT (-74.09933340000001 4.6480873)
4.6446783,-74.0971752,5764822076,,,POINT (-74.0971752 4.6446783)
4.6504286,-74.1008722,5764849437,,,POINT (-74.1008722 4.6504286)
4.6505541,-74.1009534,5764850564,,,POINT (-74.10095339999999 4.6505541)
4.6685714,-74.0920148,5764970671,,,POINT (-74.0920148 4.6685714)
4.6747504,-74.1042547,5765098355,,,POINT (-74.1042547 4.6747504)
4.6736918,-74.1033244,5765098366,,,POINT (-74.10332440000001 4.6736918)
4.6828805,-74.1134987,5767566272,,,POINT (-74.11349869999999 4.6828805)
4.701861,-74.1225814,5769193115,,,POINT (-74.1225814 4.701861)
4.7017316,-74.1235558,5770078173,,,POINT (-74.12355580000001 4.7017316)
4.7016347,-74.1236562,5770078209,,,POINT (-74.1236562 4.7016347)
4.7104013,-74.1285507,5770251323,,,POINT (-74.12855070000001 4.7104013)
4.7117142,-74.1265407,5770251332,,,POINT (-74.12654070000001 4.7117142)
4.71105,-74.1277605,5770251333,,,POINT (-74.12776049999999 4.71105)
4.7209132,-74.1260391,5772256070,,,POINT (-74.1260391 4.7209132)
4.722043,-74.1275768,5772256079,,,POINT (-74.1275768 4.722043)
4.7235754,-74.1354758,5772256100,,,POINT (-74.13547579999999 4.7235754)
4.6242287,-74.0829331,5784661557,,,POINT (-74.08293310000001 4.6242287)
4.6424598,-74.0969509,5785257883,,,POINT (-74.0969509 4.6424598)
4.6392588,-74.1014422,5785257890,,,POINT (-74.10144219999999 4.6392588)
4.6415152,-74.1021216,5785257915,,,POINT (-74.1021216 4.6415152)
4.6433379,-74.1037419,5785257925,,,POINT (-74.1037419 4.6433379)
4.642414,-74.1009501,5785257926,crossing,,POINT (-74.10095010000001 4.642414)
4.6414408,-74.1020462,5785257931,,,POINT (-74.1020462 4.6414408)
4.6474318,-74.1088867,5791799746,,,POINT (-74.1088867 4.6474318)
4.6498936,-74.1132208,5791804179,,,POINT (-74.11322079999999 4.6498936)
4.6527146,-74.1065676,5792709708,,,POINT (-74.10656760000001 4.6527146)
4.6539439,-74.125223,5793228590,,,POINT (-74.12522300000001 4.6539439)
4.652875,-74.1270161,5793228626,,,POINT (-74.12701610000001 4.652875)
4.6523803,-74.1293279,5793228631,,,POINT (-74.12932790000001 4.6523803)
4.681215,-74.1382137,5794662050,,,POINT (-74.13821369999999 4.681215)
4.6713917,-74.152055,5799533749,,,POINT (-74.152055 4.6713917)
4.6143753,-74.1955379,5859765965,,,POINT (-74.19553790000001 4.6143753)
4.6141605,-74.1955671,5859765966,,,POINT (-74.19556710000001 4.6141605)
4.614111,-74.1952015,5859765967,,,POINT (-74.1952015 4.614111)
4.6143356,-74.1952445,5859765968,,,POINT (-74.1952445 4.6143356)
4.6296538,-74.1223805,5891186872,,,POINT (-74.12238050000001 4.6296538)
4.6289167,-74.1250827,5891294726,,,POINT (-74.12508269999999 4.6289167)
4.6423848,-74.126868,5898355429,,,POINT (-74.126868 4.6423848)
4.6422046,-74.1273263,5898355464,,,POINT (-74.12732629999999 4.6422046)
4.6421351,-74.1271726,5898355467,,,POINT (-74.12717259999999 4.6421351)
4.6424997,-74.1275107,5898355468,,,POINT (-74.1275107 4.6424997)
4.6424924,-74.1274379,5898355471,,,POINT (-74.1274379 4.6424924)
4.6426993,-74.1270862,5898355477,,,POINT (-74.12708619999999 4.6426993)
4.6415469,-74.1245872,5898355715,,,POINT (-74.12458719999999 4.6415469)
4.6051198,-74.1480621,5902735534,,,POINT (-74.1480621 4.6051198)
4.6317538,-74.145435,5903161350,,,POINT (-74.14543500000001 4.6317538)
4.6308255,-74.1451209,5903178640,turning_circle,,POINT (-74.14512089999999 4.6308255)
4.6408784,-74.1556186,5906413971,,,POINT (-74.1556186 4.6408784)
4.643679,-74.1562857,5906626985,traffic_signals,,POINT (-74.1562857 4.643679)
4.6055161,-74.1736138,5921740809,,,POINT (-74.1736138 4.6055161)
4.6055482,-74.1734609,5921740810,,,POINT (-74.17346089999999 4.6055482)
4.6055375,-74.1734368,5921740811,,,POINT (-74.1734368 4.6055375)
4.6055161,-74.1734287,5921740812,,,POINT (-74.1734287 4.6055161)
4.6054854,-74.1734274,5921740813,,,POINT (-74.17342739999999 4.6054854)
4.6054653,-74.1734408,5921740814,,,POINT (-74.17344079999999 4.6054653)
4.6054333,-74.1735923,5921740815,,,POINT (-74.1735923 4.6054333)
4.6054413,-74.1736111,5921740816,,,POINT (-74.1736111 4.6054413)
4.605464,-74.1736245,5921740817,,,POINT (-74.1736245 4.605464)
4.6054947,-74.1736232,5921740818,,,POINT (-74.17362319999999 4.6054947)
4.6049173,-74.1683634,5921740907,,,POINT (-74.1683634 4.6049173)
4.6048878,-74.1683848,5921740908,,,POINT (-74.1683848 4.6048878)
4.6048598,-74.1683808,5921740909,,,POINT (-74.16838079999999 4.6048598)
4.604914,-74.1676137,5921740910,,,POINT (-74.1676137 4.604914)
4.6049353,-74.1676023,5921740911,,,POINT (-74.1676023 4.6049353)
4.6051739,-74.167607,5921740912,,,POINT (-74.167607 4.6051739)
4.6051926,-74.1676191,5921740913,,,POINT (-74.1676191 4.6051926)
4.6051959,-74.1676305,5921740914,,,POINT (-74.1676305 4.6051959)
4.6101587,-74.1694631,5921741143,,,POINT (-74.1694631 4.6101587)
4.6101614,-74.1693799,5921741144,,,POINT (-74.1693799 4.6101614)
4.6101761,-74.1693638,5921741145,,,POINT (-74.1693638 4.6101761)
4.6101935,-74.1693612,5921741146,,,POINT (-74.1693612 4.6101935)
4.6102055,-74.1693732,5921741147,,,POINT (-74.1693732 4.6102055)
4.6102042,-74.1694711,5921741148,,,POINT (-74.1694711 4.6102042)
4.6101922,-74.1694859,5921741149,,,POINT (-74.1694859 4.6101922)
4.6101748,-74.1694886,5921741150,,,POINT (-74.16948859999999 4.6101748)
4.7050268,-74.0667996,5931608922,,,POINT (-74.0667996 4.7050268)
4.7050973,-74.0668033,5931608923,,,POINT (-74.0668033 4.7050973)
4.7060619,-74.0666854,5931608924,,,POINT (-74.0666854 4.7060619)
4.7069241,-74.0665885,5931608925,,,POINT (-74.06658849999999 4.7069241)
4.7070195,-74.0665406,5931608926,,,POINT (-74.0665406 4.7070195)
4.7070707,-74.0664694,5931608927,,,POINT (-74.0664694 4.7070707)
4.7070835,-74.0663853,5931608928,,,POINT (-74.06638529999999 4.7070835)
4.7070684,-74.0663379,5931608929,,,POINT (-74.06633789999999 4.7070684)
4.707009,-74.0661658,5931608930,,,POINT (-74.06616579999999 4.707009)
4.7069322,-74.0660654,5931608931,,,POINT (-74.0660654 4.7069322)
4.7068624,-74.0660456,5931608932,,,POINT (-74.0660456 4.7068624)
4.7065008,-74.0662149,5931608933,,,POINT (-74.06621490000001 4.7065008)
4.7062944,-74.0663246,5931608934,,,POINT (-74.0663246 4.7062944)
4.7056005,-74.0666634,5931608935,,,POINT (-74.0666634 4.7056005)
4.7051428,-74.0664936,5931608936,,,POINT (-74.0664936 4.7051428)
4.7050255,-74.0664989,5931608937,,,POINT (-74.0664989 4.7050255)
4.7049541,-74.0665741,5931608938,,,POINT (-74.0665741 4.7049541)
4.7049347,-74.0666449,5931608939,,,POINT (-74.0666449 4.7049347)
4.7049435,-74.0666971,5931608940,,,POINT (-74.0666971 4.7049435)
4.7049638,-74.0667413,5931608941,,,POINT (-74.0667413 4.7049638)
4.7602329,-74.0401675,5933291694,traffic_signals,,POINT (-74.0401675 4.7602329)
4.6090404,-74.1805118,5947609947,,,POINT (-74.1805118 4.6090404)
4.699661,-74.1204539,5954782600,,,POINT (-74.1204539 4.699661)
4.6999471,-74.1201369,5954782601,,,POINT (-74.12013690000001 4.6999471)
4.689936,-74.0682069,5956011927,crossing,,POINT (-74.06820690000001 4.689936)
4.6095129,-74.1282005,5999638237,,,POINT (-74.12820050000001 4.6095129)
4.6118154,-74.1222774,5999638260,,,POINT (-74.1222774 4.6118154)
4.6123365,-74.1219741,5999638505,,,POINT (-74.1219741 4.6123365)
4.6144691,-74.1150508,6001176346,,,POINT (-74.11505080000001 4.6144691)
4.6203386,-74.1254182,6010971921,,,POINT (-74.1254182 4.6203386)
4.6253306,-74.1338221,6016093532,,,POINT (-74.1338221 4.6253306)
4.6296399,-74.1333832,6016093542,,,POINT (-74.1333832 4.6296399)
4.7441978,-74.0844345,6016104365,,,POINT (-74.0844345 4.7441978)
4.7465886,-74.0910222,6016104384,,,POINT (-74.0910222 4.7465886)
4.7494294,-74.0945439,6016105185,,,POINT (-74.09454390000001 4.7494294)
4.7487035,-74.092963,6016105187,,,POINT (-74.092963 4.7487035)
4.7465262,-74.0910467,6016105188,,,POINT (-74.09104670000001 4.7465262)
4.7441195,-74.0844464,6016105205,,,POINT (-74.0844464 4.7441195)
4.6257661,-74.1380626,6016182040,,,POINT (-74.1380626 4.6257661)
4.6256385,-74.1366775,6016182042,,,POINT (-74.1366775 4.6256385)
4.6192291,-74.141942,6018891751,,,POINT (-74.141942 4.6192291)
4.622099,-74.14431,6018891755,,,POINT (-74.14431 4.622099)
4.622948,-74.1449798,6018891767,,,POINT (-74.1449798 4.622948)
4.6282919,-74.1382391,6018921004,,,POINT (-74.13823910000001 4.6282919)
4.6274434,-74.1501235,6018965568,,,POINT (-74.15012350000001 4.6274434)
4.6275638,-74.1500138,6018965571,,,POINT (-74.1500138 4.6275638)
4.6309867,-74.1472345,6018967288,,,POINT (-74.1472345 4.6309867)
4.6295881,-74.1481627,6018967289,,,POINT (-74.1481627 4.6295881)
4.629718,-74.1482862,6018967292,,,POINT (-74.1482862 4.629718)
4.6313335,-74.1536244,6020550782,,,POINT (-74.1536244 4.6313335)
4.6312371,-74.1545299,6020551013,,,POINT (-74.1545299 4.6312371)
4.6188046,-74.1448664,6023550423,,,POINT (-74.1448664 4.6188046)
4.6170982,-74.152234,6023692449,,,POINT (-74.15223400000001 4.6170982)
4.6169362,-74.1529367,6023694039,,,POINT (-74.1529367 4.6169362)
4.6275572,-74.1502515,6024076879,,,POINT (-74.1502515 4.6275572)
4.6244933,-74.1565492,6024106822,,,POINT (-74.1565492 4.6244933)
4.6265961,-74.15884,6024106828,,,POINT (-74.15884 4.6265961)
4.6197904,-74.1564827,6028431851,,,POINT (-74.1564827 4.6197904)
4.6198545,-74.1566811,6028431857,,,POINT (-74.1566811 4.6198545)
4.6287083,-74.1706082,6035377208,,,POINT (-74.1706082 4.6287083)
4.6224994,-74.1633323,6035888174,,,POINT (-74.16333229999999 4.6224994)
4.6196608,-74.1616983,6035888180,,,POINT (-74.1616983 4.6196608)
4.6210103,-74.1658244,6035917153,,,POINT (-74.16582440000001 4.6210103)
4.6142307,-74.1747147,6036276155,,,POINT (-74.1747147 4.6142307)
4.6321819,-74.1660256,6039919454,,,POINT (-74.1660256 4.6321819)
4.62847,-74.1711967,6040691764,,,POINT (-74.1711967 4.62847)
4.6489381,-74.1663619,6051466018,,,POINT (-74.1663619 4.6489381)
4.6481437,-74.1679003,6051480249,,,POINT (-74.1679003 4.6481437)
4.6512621,-74.1705063,6051480257,,,POINT (-74.1705063 4.6512621)
4.6523357,-74.1717025,6051482492,,,POINT (-74.17170249999999 4.6523357)
4.6384801,-74.1671262,6053092794,,,POINT (-74.1671262 4.6384801)
4.6340782,-74.1716976,6053093024,,,POINT (-74.1716976 4.6340782)
4.6418539,-74.1994393,6053093212,,,POINT (-74.19943929999999 4.6418539)
4.6298946,-74.1964239,6053093251,,,POINT (-74.1964239 4.6298946)
4.6401125,-74.2019113,6053093276,,,POINT (-74.20191130000001 4.6401125)
4.6128546,-74.1763239,6059458647,,,POINT (-74.1763239 4.6128546)
4.6411311,-74.0793593,6060016523,,,POINT (-74.07935929999999 4.6411311)
4.61874,-74.1874503,6061176471,,,POINT (-74.18745029999999 4.61874)
4.6119786,-74.1802672,6061269643,,,POINT (-74.1802672 4.6119786)
4.6120478,-74.180238,6061269644,,,POINT (-74.180238 4.6120478)
4.612136,-74.1802607,6061269645,,,POINT (-74.18026070000001 4.612136)
4.6275182,-74.1737122,6061531431,,,POINT (-74.1737122 4.6275182)
4.6326819,-74.1762953,6061531435,,,POINT (-74.17629530000001 4.6326819)
4.6338591,-74.1739232,6061531443,,,POINT (-74.1739232 4.6338591)
4.7129313,-74.0723091,6070060630,,,POINT (-74.0723091 4.7129313)
4.6892735,-74.0649946,6070129495,,,POINT (-74.06499460000001 4.6892735)
4.5634264,-74.138555,6086640966,,,POINT (-74.138555 4.5634264)
4.6269832,-74.18537,6089562958,,,POINT (-74.18537000000001 4.6269832)
4.6445668,-74.1759771,6108245020,,,POINT (-74.1759771 4.6445668)
4.6445211,-74.1742719,6108387718,,,POINT (-74.17427189999999 4.6445211)
4.6276785,-74.1501403,6108823925,,,POINT (-74.1501403 4.6276785)
4.6500217,-74.1778043,6111349352,,,POINT (-74.17780430000001 4.6500217)
4.6452022,-74.1747943,6111349359,,,POINT (-74.1747943 4.6452022)
4.6451357,-74.1747528,6111349360,,,POINT (-74.17475279999999 4.6451357)
4.6336496,-74.1826689,6124501720,,,POINT (-74.1826689 4.6336496)
4.6312968,-74.1883363,6124515934,,,POINT (-74.1883363 4.6312968)
4.6349265,-74.1862121,6124515963,,,POINT (-74.18621210000001 4.6349265)
4.634959,-74.1861481,6124547996,,,POINT (-74.1861481 4.634959)
4.6367979,-74.1870824,6124547998,,,POINT (-74.18708239999999 4.6367979)
4.643795,-74.1905884,6124617434,,,POINT (-74.1905884 4.643795)
4.6404559,-74.194153,6125546591,,,POINT (-74.194153 4.6404559)
4.642535,-74.1899645,6125546598,,,POINT (-74.1899645 4.642535)
4.6433733,-74.1883303,6125546601,,,POINT (-74.1883303 4.6433733)
4.6281029,-74.209961,6126077457,,,POINT (-74.20996100000001 4.6281029)
4.6313559,-74.2000755,6143078552,turning_circle,,POINT (-74.2000755 4.6313559)
4.6285028,-74.1994784,6143078567,,,POINT (-74.1994784 4.6285028)
4.6182641,-74.2037343,6188977319,,,POINT (-74.20373429999999 4.6182641)
4.6117446,-74.2062208,6190699251,,,POINT (-74.2062208 4.6117446)
4.6528944,-74.1272713,6191159014,,,POINT (-74.1272713 4.6528944)
4.6561531,-74.1302798,6191159027,,,POINT (-74.1302798 4.6561531)
4.652634,-74.1273986,6191159028,,,POINT (-74.12739860000001 4.652634)
4.6105453,-74.2047338,6191274056,,,POINT (-74.2047338 4.6105453)
4.6065218,-74.1263731,6193969331,,,POINT (-74.1263731 4.6065218)
4.6029519,-74.1299958,6193978852,,,POINT (-74.1299958 4.6029519)
4.6007218,-74.2033019,6202439404,,,POINT (-74.2033019 4.6007218)
4.6718865,-74.0592522,6242000051,,,POINT (-74.0592522 4.6718865)
4.66782,-74.0514665,6242000060,,,POINT (-74.0514665 4.66782)
4.6736313,-74.0479828,6242123959,,,POINT (-74.0479828 4.6736313)
4.6382649,-74.0789835,6313420785,crossing,,POINT (-74.07898350000001 4.6382649)
4.6337595,-74.0753975,6313488092,,,POINT (-74.07539749999999 4.6337595)
4.6883364,-74.0617325,6316189097,,,POINT (-74.06173250000001 4.6883364)
4.6337601,-74.0757428,6326450565,,,POINT (-74.0757428 4.6337601)
4.6337843,-74.0757311,6326464007,,,POINT (-74.0757311 4.6337843)
4.6494176,-74.1091386,6328133396,,,POINT (-74.10913859999999 4.6494176)
4.6511484,-74.1111951,6328133418,,,POINT (-74.1111951 4.6511484)
4.6512372,-74.1112569,6328133422,,,POINT (-74.1112569 4.6512372)
4.6254942,-74.0741267,6353007658,,,POINT (-74.07412669999999 4.6254942)
4.6139984,-74.0697297,6397142935,,,POINT (-74.0697297 4.6139984)
4.5953723,-74.1246895,6418838472,,,POINT (-74.1246895 4.5953723)
4.5964702,-74.1244094,6418848490,,,POINT (-74.1244094 4.5964702)
4.5976429,-74.125225,6419506834,,,POINT (-74.125225 4.5976429)
4.5968952,-74.1335081,6419702601,,,POINT (-74.1335081 4.5968952)
4.5945818,-74.1350558,6419702604,,,POINT (-74.1350558 4.5945818)
4.6062845,-74.184196,6427057823,,,POINT (-74.184196 4.6062845)
4.6050227,-74.1836367,6427057825,,,POINT (-74.18363669999999 4.6050227)
4.6055405,-74.1838663,6427057826,,,POINT (-74.18386630000001 4.6055405)
4.6050113,-74.1855753,6427057829,,,POINT (-74.1855753 4.6050113)
4.6050228,-74.1855381,6427057830,,,POINT (-74.1855381 4.6050228)
4.6043672,-74.1833749,6427057836,,,POINT (-74.1833749 4.6043672)
4.5954887,-74.1632842,6450255779,,,POINT (-74.16328420000001 4.5954887)
4.609471,-74.2042924,6450560764,,,POINT (-74.2042924 4.609471)
4.6093266,-74.2042843,6450560765,,,POINT (-74.2042843 4.6093266)
4.6092999,-74.2042736,6450560766,,,POINT (-74.20427359999999 4.6092999)
4.6092839,-74.2042468,6450560767,,,POINT (-74.20424680000001 4.6092839)
4.6092812,-74.20422,6450560768,,,POINT (-74.20422000000001 4.6092812)
4.6093052,-74.2041985,6450560769,,,POINT (-74.2041985 4.6093052)
4.60934,-74.2041958,6450560770,,,POINT (-74.20419579999999 4.60934)
4.6094844,-74.2042066,6450560771,,,POINT (-74.20420660000001 4.6094844)
4.6095111,-74.2042146,6450560772,,,POINT (-74.2042146 4.6095111)
4.6095271,-74.2042387,6450560773,,,POINT (-74.2042387 4.6095271)
4.6095258,-74.2042629,6450560774,,,POINT (-74.2042629 4.6095258)
4.6095031,-74.2042803,6450560775,,,POINT (-74.20428029999999 4.6095031)
4.6093156,-74.2041977,6450561096,,,POINT (-74.20419769999999 4.6093156)
4.7678186,-74.0441063,6456239448,,,POINT (-74.0441063 4.7678186)
4.7082073,-74.0713702,6456752029,,,POINT (-74.0713702 4.7082073)
4.7070604,-74.065922,6456752061,,,POINT (-74.065922 4.7070604)
4.5959657,-74.1580914,6463502687,,,POINT (-74.1580914 4.5959657)
4.5959738,-74.1580028,6463502688,,,POINT (-74.15800280000001 4.5959738)
4.6055309,-74.1735434,6467371833,,,POINT (-74.1735434 4.6055309)
4.6054479,-74.1735233,6467371834,,,POINT (-74.1735233 4.6054479)
4.6149874,-74.1626136,6467475551,,,POINT (-74.1626136 4.6149874)
4.6151031,-74.162313,6467475556,,,POINT (-74.162313 4.6151031)
4.6051712,-74.167699,6468242233,,,POINT (-74.167699 4.6051712)
4.6050569,-74.1679981,6468242234,,,POINT (-74.16799810000001 4.6050569)
4.6049032,-74.1683808,6468242236,,,POINT (-74.16838079999999 4.6049032)
4.6048445,-74.1683725,6468242237,,,POINT (-74.1683725 4.6048445)
4.6048373,-74.1683483,6468242238,,,POINT (-74.16834830000001 4.6048373)
4.6048383,-74.1683175,6468242239,,,POINT (-74.1683175 4.6048383)
4.6049068,-74.1676348,6468242240,,,POINT (-74.1676348 4.6049068)
4.6049586,-74.1676001,6468242241,,,POINT (-74.1676001 4.6049586)
4.6049241,-74.1676063,6468242242,,,POINT (-74.1676063 4.6049241)
4.6051605,-74.1676038,6468242243,,,POINT (-74.16760379999999 4.6051605)
4.6051837,-74.1676109,6468242244,,,POINT (-74.1676109 4.6051837)
4.6051914,-74.1676462,6468242245,,,POINT (-74.16764619999999 4.6051914)
4.6030946,-74.1594812,6468932723,,,POINT (-74.1594812 4.6030946)
4.6024501,-74.1586815,6468932737,,,POINT (-74.1586815 4.6024501)
4.6058057,-74.1494407,6476906003,,,POINT (-74.1494407 4.6058057)
4.6073794,-74.1504866,6476935172,,,POINT (-74.15048659999999 4.6073794)
4.6121444,-74.1537305,6477005230,,,POINT (-74.15373049999999 4.6121444)
4.6116814,-74.1535077,6477005261,,,POINT (-74.15350770000001 4.6116814)
4.6114164,-74.1532836,6477005263,,,POINT (-74.15328359999999 4.6114164)
4.6090559,-74.1476315,6481255407,,,POINT (-74.1476315 4.6090559)
4.6139675,-74.150943,6481255431,,,POINT (-74.150943 4.6139675)
4.6138158,-74.1508396,6481255432,,,POINT (-74.1508396 4.6138158)
4.6140949,-74.1507791,6481255444,,,POINT (-74.15077909999999 4.6140949)
4.6139152,-74.150705,6481255447,,,POINT (-74.150705 4.6139152)
4.6092599,-74.1475798,6481255470,,,POINT (-74.1475798 4.6092599)
4.6166563,-74.147427,6482443771,,,POINT (-74.14742699999999 4.6166563)
4.6878909,-74.0409377,6484662547,,,POINT (-74.0409377 4.6878909)
4.6849643,-74.0474425,6484663214,,,POINT (-74.0474425 4.6849643)
4.5921766,-74.1274497,6493154315,,,POINT (-74.1274497 4.5921766)
4.6611297,-74.1003212,6498468241,,,POINT (-74.1003212 4.6611297)
4.5709246,-74.1332267,6498468260,,,POINT (-74.13322669999999 4.5709246)
4.5713197,-74.1328079,6498468261,,,POINT (-74.1328079 4.5713197)
4.6524597,-74.1064106,6514075473,,,POINT (-74.1064106 4.6524597)
4.6523541,-74.1064705,6514075474,,,POINT (-74.1064705 4.6523541)
4.6510761,-74.1074551,6514091785,,,POINT (-74.1074551 4.6510761)
4.6513573,-74.1072337,6514091786,,,POINT (-74.10723369999999 4.6513573)
4.6455188,-74.101229,6538079626,,,POINT (-74.101229 4.6455188)
4.6454725,-74.1011482,6538079634,,,POINT (-74.1011482 4.6454725)
4.6431388,-74.0996258,6538079653,,,POINT (-74.0996258 4.6431388)
4.6392741,-74.1013955,6540803715,,,POINT (-74.1013955 4.6392741)
4.6415033,-74.1020222,6542643156,,,POINT (-74.10202219999999 4.6415033)
4.6465015,-74.107157,6547777909,,,POINT (-74.107157 4.6465015)
4.6466347,-74.1069376,6547777910,,,POINT (-74.10693759999999 4.6466347)
4.6420978,-74.1040975,6547884162,,,POINT (-74.10409749999999 4.6420978)
4.6421655,-74.1041558,6547884167,,,POINT (-74.1041558 4.6421655)
4.6563881,-74.0930714,6558286639,,,POINT (-74.0930714 4.6563881)
4.5797529,-74.1237735,6566063935,,,POINT (-74.1237735 4.5797529)
4.5786781,-74.1274899,6566063946,crossing,,POINT (-74.1274899 4.5786781)
4.5835065,-74.1388629,6566858383,,,POINT (-74.13886290000001 4.5835065)
4.5827658,-74.1381222,6566881008,,,POINT (-74.1381222 4.5827658)
4.5837455,-74.1384993,6566881017,,,POINT (-74.13849930000001 4.5837455)
4.5760443,-74.1321202,6572803243,,,POINT (-74.1321202 4.5760443)
4.5767,-74.1405439,6572826673,,,POINT (-74.1405439 4.5767)
4.5784346,-74.1364301,6572838413,,,POINT (-74.1364301 4.5784346)
4.5765729,-74.1351276,6572838418,,,POINT (-74.1351276 4.5765729)
4.5754879,-74.1339195,6572838427,,,POINT (-74.1339195 4.5754879)
4.5647058,-74.1383475,6579521652,,,POINT (-74.13834749999999 4.5647058)
4.5709116,-74.1332399,6580209979,,,POINT (-74.13323990000001 4.5709116)
4.5736259,-74.1345009,6580230436,,,POINT (-74.13450090000001 4.5736259)
4.573637,-74.1344463,6580230446,,,POINT (-74.13444629999999 4.573637)
4.5721478,-74.1363134,6580230465,,,POINT (-74.13631340000001 4.5721478)
4.5722289,-74.1361536,6580230470,,,POINT (-74.1361536 4.5722289)
4.5721717,-74.1362664,6580230478,,,POINT (-74.1362664 4.5721717)
4.5699708,-74.134565,6580230546,,,POINT (-74.13456499999999 4.5699708)
4.5699745,-74.1344888,6580230565,,,POINT (-74.1344888 4.5699745)
4.5745687,-74.1537803,6580394715,,,POINT (-74.15378029999999 4.5745687)
4.5740569,-74.15397,6580394733,,,POINT (-74.15397 4.5740569)
4.5809875,-74.1555087,6580796238,,,POINT (-74.1555087 4.5809875)
4.5808772,-74.1572504,6581044390,,,POINT (-74.1572504 4.5808772)
4.587307,-74.1569589,6583238498,,,POINT (-74.15695890000001 4.587307)
4.5873199,-74.1569201,6583238509,,,POINT (-74.15692009999999 4.5873199)
4.613835,-74.0694035,6635750663,,,POINT (-74.06940350000001 4.613835)
4.6091056,-74.0704398,6635750676,,,POINT (-74.0704398 4.6091056)
4.6061579,-74.071327,6635750679,,,POINT (-74.071327 4.6061579)
4.5983432,-74.0754091,6635826097,,,POINT (-74.0754091 4.5983432)
4.5896404,-74.0995946,6636295210,,,POINT (-74.0995946 4.5896404)
4.5865573,-74.0973307,6645295160,,,POINT (-74.0973307 4.5865573)
4.7006909,-74.0621728,6746515128,,,POINT (-74.0621728 4.7006909)
4.696963,-74.0551596,6760342213,,,POINT (-74.0551596 4.696963)
4.7000885,-74.0699553,6760342221,,,POINT (-74.0699553 4.7000885)
4.7016873,-74.067064,6788392437,,,POINT (-74.067064 4.7016873)
4.7017322,-74.067382,6788392459,,,POINT (-74.06738199999999 4.7017322)
4.7007118,-74.0622735,6788392460,,,POINT (-74.0622735 4.7007118)
4.6177081,-74.0687678,6865335385,,,POINT (-74.0687678 4.6177081)
4.6209392,-74.0717133,6865335408,,,POINT (-74.0717133 4.6209392)
4.6184235,-74.0782779,6865335431,,,POINT (-74.0782779 4.6184235)
4.589473,-74.0849942,6876526491,,,POINT (-74.0849942 4.589473)
4.5881666,-74.0854774,6876526497,,,POINT (-74.0854774 4.5881666)
4.5813444,-74.0906335,6876982822,,,POINT (-74.0906335 4.5813444)
4.5714964,-74.1044554,6880245917,,,POINT (-74.10445540000001 4.5714964)
4.5715516,-74.1044948,6880245918,,,POINT (-74.1044948 4.5715516)
4.571593,-74.104515,6880245919,,,POINT (-74.10451500000001 4.571593)
4.5716663,-74.104539,6880245920,,,POINT (-74.104539 4.5716663)
4.5718004,-74.1045602,6880245921,,,POINT (-74.10456019999999 4.5718004)
4.5718551,-74.1045691,6880245922,,,POINT (-74.10456910000001 4.5718551)
4.5718992,-74.1045655,6880245923,,,POINT (-74.10456550000001 4.5718992)
4.5719591,-74.1045408,6880245924,,,POINT (-74.1045408 4.5719591)
4.5720652,-74.1044799,6880245925,,,POINT (-74.1044799 4.5720652)
4.5724747,-74.1041925,6880245926,,,POINT (-74.1041925 4.5724747)
4.572984,-74.1037987,6880245927,,,POINT (-74.1037987 4.572984)
4.5731612,-74.1035432,6880245928,,,POINT (-74.1035432 4.5731612)
4.5732461,-74.1034453,6880245929,,,POINT (-74.1034453 4.5732461)
4.5733649,-74.1033633,6880245930,,,POINT (-74.1033633 4.5733649)
4.5735379,-74.1032313,6880245931,,,POINT (-74.1032313 4.5735379)
4.5736907,-74.1031419,6880245932,,,POINT (-74.1031419 4.5736907)
4.5738233,-74.1030589,6880245933,,,POINT (-74.10305889999999 4.5738233)
4.5739262,-74.1029716,6880245934,,,POINT (-74.1029716 4.5739262)
4.5740377,-74.102928,6880245935,,,POINT (-74.10292800000001 4.5740377)
4.5741098,-74.1028694,6880245936,,,POINT (-74.1028694 4.5741098)
4.5741501,-74.1028183,6880245937,,,POINT (-74.1028183 4.5741501)
4.5741588,-74.1027659,6880245938,,,POINT (-74.10276589999999 4.5741588)
4.57415,-74.1027075,6880245939,,,POINT (-74.10270749999999 4.57415)
4.5741271,-74.1026561,6880245940,,,POINT (-74.1026561 4.5741271)
4.5740706,-74.1026137,6880245941,,,POINT (-74.10261370000001 4.5740706)
4.5740159,-74.1026031,6880245942,,,POINT (-74.1026031 4.5740159)
4.5739665,-74.1025765,6880245943,,,POINT (-74.1025765 4.5739665)
4.5739295,-74.1025199,6880245944,,,POINT (-74.1025199 4.5739295)
4.5739154,-74.1024385,6880245945,,,POINT (-74.10243850000001 4.5739154)
4.5739171,-74.1023695,6880245946,,,POINT (-74.10236949999999 4.5739171)
4.5739171,-74.1022951,6880245947,,,POINT (-74.10229510000001 4.5739171)
4.5739048,-74.1022456,6880245948,,,POINT (-74.1022456 4.5739048)
4.5738889,-74.1022137,6880245949,,,POINT (-74.10221369999999 4.5738889)
4.5738562,-74.102186,6880245950,,,POINT (-74.102186 4.5738562)
4.5738085,-74.1021786,6880245951,,,POINT (-74.1021786 4.5738085)
4.5737448,-74.1021882,6880245952,,,POINT (-74.1021882 4.5737448)
4.5716031,-74.1036562,6880245953,,,POINT (-74.1036562 4.5716031)
4.5715601,-74.1037135,6880245954,,,POINT (-74.1037135 4.5715601)
4.5715093,-74.1038046,6880245955,,,POINT (-74.1038046 4.5715093)
4.5714551,-74.103937,6880245956,,,POINT (-74.103937 4.5714551)
4.5714147,-74.104019,6880245957,,,POINT (-74.10401899999999 4.5714147)
4.5713797,-74.1041361,6880245958,,,POINT (-74.10413610000001 4.5713797)
4.5713978,-74.1042617,6880245959,,,POINT (-74.1042617 4.5713978)
4.5714476,-74.1043852,6880245960,,,POINT (-74.1043852 4.5714476)
4.5730976,-74.1036262,6880245961,,,POINT (-74.10362619999999 4.5730976)
4.572281,-74.1030625,6880245965,,,POINT (-74.10306249999999 4.572281)
4.5710568,-74.1039614,6880245966,,,POINT (-74.1039614 4.5710568)
4.5702718,-74.1045188,6880245967,,,POINT (-74.10451879999999 4.5702718)
4.5697003,-74.1048975,6880245968,,,POINT (-74.10489750000001 4.5697003)
4.5694287,-74.1051205,6880245969,,,POINT (-74.1051205 4.5694287)
4.5702277,-74.1061132,6880245970,,,POINT (-74.1061132 4.5702277)
4.5706299,-74.1057363,6880245971,,,POINT (-74.1057363 4.5706299)
4.570981,-74.1054125,6880245972,,,POINT (-74.1054125 4.570981)
4.5710321,-74.1053842,6880245973,,,POINT (-74.1053842 4.5710321)
4.5710815,-74.1053753,6880245974,,,POINT (-74.10537530000001 4.5710815)
4.571138,-74.1053824,6880245975,,,POINT (-74.1053824 4.571138)
4.5726109,-74.1055541,6880245976,,,POINT (-74.10555410000001 4.5726109)
4.572879,-74.1054019,6880245977,,,POINT (-74.1054019 4.572879)
4.5738351,-74.1040853,6880245978,,,POINT (-74.10408529999999 4.5738351)
4.5738721,-74.1038623,6880245979,,,POINT (-74.1038623 4.5738721)
4.5735881,-74.1034925,6880245980,,,POINT (-74.1034925 4.5735881)
4.5744807,-74.1028236,6880245981,,,POINT (-74.10282359999999 4.5744807)
4.5738774,-74.1019989,6880245982,,,POINT (-74.1019989 4.5738774)
4.5727696,-74.1027085,6880245983,,,POINT (-74.10270850000001 4.5727696)
4.570938,-74.1040458,6880245984,,,POINT (-74.10404579999999 4.570938)
4.5742456,-74.1038971,6880277318,,,POINT (-74.1038971 4.5742456)
4.5757307,-74.1027127,6880277319,,,POINT (-74.1027127 4.5757307)
4.5701585,-74.1060273,6880300485,,,POINT (-74.10602729999999 4.5701585)
4.5727318,-74.1054854,6880300486,,,POINT (-74.10548540000001 4.5727318)
4.5738517,-74.103985,6880300487,,,POINT (-74.10398499999999 4.5738517)
4.5751335,-74.1050202,6901250967,,,POINT (-74.1050202 4.5751335)
4.6719609,-74.1366224,6938505614,,,POINT (-74.13662239999999 4.6719609)
4.6931766,-74.0829818,6981000716,turning_circle,,POINT (-74.0829818 4.6931766)
4.6908478,-74.081211,6981000743,,,POINT (-74.081211 4.6908478)
4.657076,-74.0928807,6981555690,,,POINT (-74.09288069999999 4.657076)
4.579974,-74.1502215,6983390361,,,POINT (-74.1502215 4.579974)
4.576156,-74.1488053,6983390373,,,POINT (-74.14880530000001 4.576156)
4.6327467,-74.0851037,6983727118,,,POINT (-74.0851037 4.6327467)
4.5719349,-74.1033943,6988372303,,,POINT (-74.10339430000001 4.5719349)
4.5725969,-74.1029398,6988372304,,,POINT (-74.1029398 4.5725969)
4.5736589,-74.1022254,6988372305,,,POINT (-74.10222539999999 4.5736589)
4.7697977,-74.05903,7001778283,,,POINT (-74.05903000000001 4.7697977)
4.6520668,-74.1096092,7015108373,,,POINT (-74.10960919999999 4.6520668)
4.7413532,-74.0484821,7064619708,,,POINT (-74.0484821 4.7413532)
4.7449527,-74.0478904,7064619709,crossing,,POINT (-74.0478904 4.7449527)
4.520877,-74.1224182,7080380146,,,POINT (-74.1224182 4.520877)
4.5132532,-74.1175525,7081615654,,,POINT (-74.1175525 4.5132532)
4.5124416,-74.1207474,7081615670,,,POINT (-74.1207474 4.5124416)
4.5119419,-74.1195204,7081645249,,,POINT (-74.1195204 4.5119419)
4.5132906,-74.1175827,7081645260,,,POINT (-74.1175827 4.5132906)
4.5132617,-74.1175945,7081645261,,,POINT (-74.1175945 4.5132617)
4.549667,-74.1368438,7083014566,,,POINT (-74.13684379999999 4.549667)
4.5501341,-74.1386789,7083014584,,,POINT (-74.1386789 4.5501341)
4.6704518,-74.070113,7085170579,,,POINT (-74.07011300000001 4.6704518)
4.6650306,-74.0624655,7085206306,,,POINT (-74.0624655 4.6650306)
4.4874908,-74.115048,7100080119,,,POINT (-74.115048 4.4874908)
4.6692408,-74.1340553,7107638657,,,POINT (-74.1340553 4.6692408)
4.5019192,-74.1054279,7113286780,,,POINT (-74.1054279 4.5019192)
4.4947833,-74.107461,7113596642,,,POINT (-74.107461 4.4947833)
4.4956821,-74.1072896,7113596648,,,POINT (-74.1072896 4.4956821)
4.49856,-74.1070664,7113596654,,,POINT (-74.10706639999999 4.49856)
4.5949057,-74.0817509,7126516885,,,POINT (-74.0817509 4.5949057)
4.5655912,-74.0980479,7129732261,,,POINT (-74.0980479 4.5655912)
4.6090853,-74.0704458,7289756237,,,POINT (-74.0704458 4.6090853)
4.6066706,-74.0664634,7289756250,,,POINT (-74.0664634 4.6066706)
4.6458385,-74.1268349,7310732069,,,POINT (-74.12683490000001 4.6458385)
4.6460839,-74.1300334,7310732073,,,POINT (-74.1300334 4.6460839)
4.6461204,-74.129987,7310732074,,,POINT (-74.129987 4.6461204)
4.5932256,-74.0821275,7386376622,,,POINT (-74.0821275 4.5932256)
4.7309432,-74.0323694,7387117435,,,POINT (-74.03236939999999 4.7309432)
4.6220021,-74.0806217,7442170908,,,POINT (-74.08062169999999 4.6220021)
4.6608233,-74.1348331,7495375566,,,POINT (-74.13483309999999 4.6608233)
4.6607849,-74.1358184,7495375574,,,POINT (-74.13581840000001 4.6607849)
4.7413715,-74.0900128,7593801720,,,POINT (-74.0900128 4.7413715)
4.7384511,-74.0867163,7593801731,,,POINT (-74.08671630000001 4.7384511)
4.647185,-74.0987844,7607034670,,,POINT (-74.0987844 4.647185)
4.6462454,-74.0981846,7607034671,crossing,,POINT (-74.0981846 4.6462454)
4.6452596,-74.1258011,7609500537,,,POINT (-74.1258011 4.6452596)
4.6833824,-74.0708801,7612967467,,,POINT (-74.0708801 4.6833824)
4.66675,-74.0648526,7613665873,,,POINT (-74.06485259999999 4.66675)
4.666609,-74.0647918,7613665874,,,POINT (-74.06479179999999 4.666609)
4.6406608,-74.1239379,7620742756,,,POINT (-74.1239379 4.6406608)
4.6558324,-74.0863814,7634401920,,,POINT (-74.08638139999999 4.6558324)
4.7033051,-74.1351321,7636940558,,,POINT (-74.13513210000001 4.7033051)
4.7032667,-74.1351915,7636940559,,,POINT (-74.1351915 4.7032667)
4.5977861,-74.1095411,260480553,,,POINT (-74.1095411 4.5977861)
4.6310658,-74.140589,261040816,,,POINT (-74.14058900000001 4.6310658)
4.6378904,-74.0856823,262713832,,,POINT (-74.0856823 4.6378904)
4.6349188,-74.0831878,262713854,,,POINT (-74.0831878 4.6349188)
4.6375899,-74.0846756,262713857,,,POINT (-74.0846756 4.6375899)
4.635299,-74.0815701,262713866,,,POINT (-74.08157009999999 4.635299)
4.635817,-74.0826715,265009204,,,POINT (-74.0826715 4.635817)
4.6055712,-74.0669315,265804413,traffic_signals,,POINT (-74.0669315 4.6055712)
4.6772064,-74.1191314,340065036,,,POINT (-74.1191314 4.6772064)
4.676809,-74.0756388,382802768,,,POINT (-74.07563879999999 4.676809)
4.6367896,-74.0826396,388303804,,,POINT (-74.08263959999999 4.6367896)
4.6376176,-74.0827451,388303919,,,POINT (-74.0827451 4.6376176)
4.6344043,-74.0798556,535624370,,,POINT (-74.0798556 4.6344043)
4.6347996,-74.0798063,535624373,,,POINT (-74.0798063 4.6347996)
4.6563225,-74.1544425,634211943,,,POINT (-74.1544425 4.6563225)
4.6357873,-74.0845299,668104338,,,POINT (-74.08452990000001 4.6357873)
4.6376295,-74.0848084,668104341,,,POINT (-74.0848084 4.6376295)
4.6360403,-74.0839961,668104545,,,POINT (-74.08399609999999 4.6360403)
4.6665593,-74.0935016,721428200,,,POINT (-74.0935016 4.6665593)
4.6657924,-74.0933073,721428220,,,POINT (-74.09330730000001 4.6657924)
4.6805329,-74.0765832,737196739,,,POINT (-74.0765832 4.6805329)
4.6080479,-74.0707233,764894195,traffic_signals,,POINT (-74.0707233 4.6080479)
4.7606622,-74.0442637,865265817,,,POINT (-74.0442637 4.7606622)
4.687328,-74.0582422,867426602,,,POINT (-74.0582422 4.687328)
4.6434893,-74.1786123,876492133,,,POINT (-74.1786123 4.6434893)
4.5975118,-74.1091264,880829627,,,POINT (-74.10912639999999 4.5975118)
4.5974241,-74.1088636,880829711,,,POINT (-74.10886360000001 4.5974241)
4.6302525,-74.135248,882898326,,,POINT (-74.135248 4.6302525)
4.6309305,-74.1407811,883196069,,,POINT (-74.1407811 4.6309305)
4.5973536,-74.1086317,983024917,,,POINT (-74.1086317 4.5973536)
4.6349291,-74.0803535,1052099458,,,POINT (-74.0803535 4.6349291)
4.5973027,-74.0648997,1315448373,,,POINT (-74.0648997 4.5973027)
4.6390038,-74.0836522,1862259632,,,POINT (-74.0836522 4.6390038)
4.636321,-74.0821739,1862320712,,,POINT (-74.0821739 4.636321)
4.6366618,-74.0828991,1862320737,,,POINT (-74.08289910000001 4.6366618)
4.6353541,-74.079738,1909300689,,,POINT (-74.07973800000001 4.6353541)
4.6378541,-74.0841378,2007706622,,,POINT (-74.08413779999999 4.6378541)
4.6377113,-74.0829928,2008616837,,,POINT (-74.0829928 4.6377113)
4.6376653,-74.0845222,2019201028,,,POINT (-74.08452219999999 4.6376653)
4.6383536,-74.0833043,2217933828,,,POINT (-74.08330429999999 4.6383536)
4.6381939,-74.0831283,2217933836,,,POINT (-74.0831283 4.6381939)
4.6382524,-74.0833646,2321088892,,,POINT (-74.0833646 4.6382524)
4.6347699,-74.0796791,2332954968,,,POINT (-74.07967910000001 4.6347699)
4.6305175,-74.1409661,2334428746,,,POINT (-74.1409661 4.6305175)
4.6352609,-74.0815559,2348766383,,,POINT (-74.0815559 4.6352609)
4.6362734,-74.082769,2348766566,,,POINT (-74.082769 4.6362734)
4.635413,-74.0824529,2351676364,,,POINT (-74.08245290000001 4.635413)
4.6362689,-74.0820003,2351676386,,,POINT (-74.0820003 4.6362689)
4.6363384,-74.0821498,2351676391,,,POINT (-74.0821498 4.6363384)
4.6364132,-74.0819655,2351676394,,,POINT (-74.0819655 4.6364132)
4.6364844,-74.0821135,2351676396,,,POINT (-74.08211350000001 4.6364844)
4.6372243,-74.0826769,2351676430,,,POINT (-74.0826769 4.6372243)
4.6372839,-74.0825627,2351676436,,,POINT (-74.0825627 4.6372839)
4.63745,-74.0826573,2351676448,,,POINT (-74.08265729999999 4.63745)
4.6381245,-74.0835874,2351721292,,,POINT (-74.0835874 4.6381245)
4.5791313,-74.1582797,2373577746,,,POINT (-74.15827969999999 4.5791313)
4.5791287,-74.1581111,2373577747,,,POINT (-74.1581111 4.5791287)
4.5792947,-74.1576707,2373577748,,,POINT (-74.1576707 4.5792947)
4.5794895,-74.156985,2373577751,,,POINT (-74.15698500000001 4.5794895)
4.6375099,-74.0848535,2477227981,,,POINT (-74.08485349999999 4.6375099)
4.579181,-74.1580713,3277862764,,,POINT (-74.1580713 4.579181)
4.5792001,-74.1580762,3277862765,,,POINT (-74.1580762 4.5792001)
4.6041711,-74.1182465,3690155849,,,POINT (-74.1182465 4.6041711)
4.6042571,-74.1180611,3690155888,,,POINT (-74.11806110000001 4.6042571)
4.6115728,-74.1280191,3698891553,,,POINT (-74.1280191 4.6115728)
4.6115691,-74.1286378,3698891560,,,POINT (-74.12863780000001 4.6115691)
4.5980924,-74.1098684,4989155014,,,POINT (-74.1098684 4.5980924)
4.6322461,-74.0840601,5169559050,,,POINT (-74.0840601 4.6322461)
4.6306964,-74.1353539,5406675258,,,POINT (-74.1353539 4.6306964)
4.6298106,-74.1353608,5406675263,,,POINT (-74.1353608 4.6298106)
4.646397,-74.1718648,5591034041,,,POINT (-74.17186479999999 4.646397)
4.6351146,-74.0828286,5627340315,,,POINT (-74.0828286 4.6351146)
4.6348478,-74.0832919,5627340316,,,POINT (-74.08329190000001 4.6348478)
4.6441572,-74.1773114,6108311137,,,POINT (-74.17731139999999 4.6441572)
4.6446039,-74.1759989,6108311146,,,POINT (-74.1759989 4.6446039)
4.728335,-74.1252996,6126118995,,,POINT (-74.12529960000001 4.728335)
4.5946996,-74.1615902,6583236840,,,POINT (-74.16159020000001 4.5946996)
4.5996827,-74.0654824,7058566408,,,POINT (-74.06548239999999 4.5996827)
4.6967189,-74.085029,7605825754,,,POINT (-74.08502900000001 4.6967189)
4.6105122,-74.0732282,262567754,,,POINT (-74.0732282 4.6105122)
4.6451407,-74.0676636,263544210,,,POINT (-74.0676636 4.6451407)
4.6274076,-74.0727991,263777098,,,POINT (-74.0727991 4.6274076)
4.6208869,-74.0717226,263777280,,,POINT (-74.0717226 4.6208869)
4.6270145,-74.0793508,264153896,,,POINT (-74.0793508 4.6270145)
4.6270647,-74.0705955,264154094,,,POINT (-74.0705955 4.6270647)
4.6269161,-74.0805203,264157393,,,POINT (-74.0805203 4.6269161)
4.6075432,-74.067885,265804338,,,POINT (-74.067885 4.6075432)
4.6525894,-74.0662698,283342319,,,POINT (-74.0662698 4.6525894)
4.696135,-74.0604631,311450297,,,POINT (-74.06046310000001 4.696135)
4.6882764,-74.0617413,311451454,,,POINT (-74.06174129999999 4.6882764)
4.6601952,-74.0643814,312656265,,,POINT (-74.0643814 4.6601952)
4.6274371,-74.0730132,1039801525,,,POINT (-74.07301320000001 4.6274371)
4.6425317,-74.1611788,1057516570,,,POINT (-74.1611788 4.6425317)
4.6379324,-74.0769566,1604495627,,,POINT (-74.0769566 4.6379324)
4.6256785,-74.0798165,2863283583,,,POINT (-74.07981650000001 4.6256785)
4.6436539,-74.162099,3580893724,traffic_signals,,POINT (-74.162099 4.6436539)
4.6538915,-74.0683725,5102158168,traffic_signals,,POINT (-74.0683725 4.6538915)
4.6474953,-74.0671578,5171726923,traffic_signals,,POINT (-74.0671578 4.6474953)
4.647537,-74.0673465,5171726924,traffic_signals,,POINT (-74.0673465 4.647537)
4.6602277,-74.0643606,6854339374,,,POINT (-74.0643606 4.6602277)
4.6451124,-74.0675403,7596471101,,,POINT (-74.0675403 4.6451124)
