u,v,key,osmid,oneway,name,highway,length,geometry,tunnel,bridge,service
142382885,4898439111,0,297010921,True,Lorong Motosikal Lebuhraya Persekutuan,cycleway,322.738,"LINESTRING (101.5504647 3.0739786, 101.5511468 3.0741957, 101.5525336 3.0746456, 101.5530082 3.0748063, 101.5532245 3.0748885)",,,
249398997,4897863480,0,498339308,False,,cycleway,9.315999999999999,"LINESTRING (101.5184749 3.0642259, 101.5185057 3.0642617, 101.5185122 3.0642977)",,,
276683133,4897863507,0,498339311,True,,cycleway,45.075,"LINESTRING (101.5022697 3.0618034, 101.5021596 3.0617554, 101.5020271 3.0617123, 101.5018809 3.0617035)",,,
299422035,4897545159,0,"[460662720, 460662721, 162530603]",True,Lorong Motosikal Lebuhraya Persekutuan,cycleway,1462.077,"LINESTRING (101.5536159 3.0741747, 101.5533739 3.074153, 101.5531146 3.074107, 101.5526272 3.0740317, 101.552309 3.0740225, 101.5520524 3.0740212, 101.5518675 3.0739939, 101.5516826 3.073956, 101.5514533 3.0738783, 101.5511086 3.0737551, 101.5507894 3.0736346, 101.5506151 3.0735382, 101.5503817 3.0733855, 101.550253 3.0733239, 101.5501403 3.0732864, 101.549974 3.0732489, 101.5496307 3.0731846, 101.5494644 3.0731498, 101.5492981 3.0731177, 101.5490658 3.0730795, 101.5487 3.07304, 101.5485149 3.0730052, 101.5481957 3.0729275, 101.5474366 3.0726329, 101.5469646 3.0724401, 101.5462296 3.0721079, 101.5455645 3.0717865, 101.5449985 3.0715723, 101.5423404 3.0703858, 101.5415036 3.069992, 101.5412939 3.0698819)",yes,,
299422072,299422035,0,27277797,True,,cycleway,32.482,"LINESTRING (101.553741 3.0744335, 101.5537384 3.0743861, 101.5537107 3.0743259, 101.5536159 3.0741747)",,,
664908083,5359377008,0,555494606,True,,cycleway,45.291,"LINESTRING (101.5803322 3.0834779, 101.5807289 3.0833831)",,,
1694461442,4749608588,0,482083998,True,,cycleway,28.445,"LINESTRING (101.506022 2.9864385, 101.5062536 2.9865478)",,,
1749436758,4025322540,0,399859266,True,,cycleway,216.771,"LINESTRING (101.5276752 3.0046228, 101.5277976 3.0046921, 101.527899 3.004768, 101.5279548 3.004822, 101.5280072 3.0049131, 101.5282099 3.0052978, 101.5282775 3.005394, 101.5284346 3.0055864, 101.5288807 3.0061254)",,,
2006090460,4562907271,0,27277796,True,Lorong Motosikal Lebuhraya Persekutuan,cycleway,696.458,"LINESTRING (101.571972 3.0809259, 101.5718737 3.0808599, 101.5717348 3.0807938, 101.5716114 3.080767, 101.5715041 3.0807724, 101.571245 3.0808225, 101.5711198 3.0808297, 101.5710419 3.0808067, 101.5709747 3.0807543, 101.5706475 3.0804633, 101.5702248 3.0801088, 101.5699676 3.0798618, 101.5698074 3.0797313, 101.5697294 3.0796731, 101.5696188 3.0795967, 101.5692838 3.0793798, 101.568951 3.0791451, 101.5689055 3.0791155, 101.5686332 3.078959, 101.5685766 3.0789354, 101.5677725 3.0786359, 101.566998 3.0783063, 101.5665149 3.0782351)",,,
2110016829,4897863478,0,498339307,True,,cycleway,14.741,"LINESTRING (101.5185125 3.0643558, 101.5183847 3.0643199)",,,
2688375579,7185199782,0,"[769751587, 405978140]",False,,cycleway,56.003,"LINESTRING (101.5566429 3.0620116, 101.5566014 3.0620136, 101.5565503 3.0624324, 101.55651 3.0624312)",,,
3328158791,4025322390,0,399859259,True,,cycleway,63.400999999999996,"LINESTRING (101.5370103 3.014709, 101.5368915 3.0146262, 101.536854 3.0145351, 101.5367896 3.0143584, 101.5367252 3.0142352)",,,
4025322300,4025322355,0,399859239,True,,cycleway,78.588,"LINESTRING (101.538266 3.0172089, 101.5382932 3.0173165, 101.5383868 3.0174951, 101.5385465 3.0177608, 101.5385864 3.0178351)",,,
4025322317,1555735677,0,399859242,True,,cycleway,42.159,"LINESTRING (101.5353191 3.0134835, 101.5355086 3.0137152, 101.5355703 3.0137662)",,,
4025322317,4025322348,0,399859243,True,,cycleway,549.6890000000002,"LINESTRING (101.5353191 3.0134835, 101.5354 3.0136408, 101.5354724 3.013813, 101.5355086 3.0140107, 101.5355192 3.0141638, 101.5355001 3.0143041, 101.5354681 3.0143913, 101.5352787 3.0147123, 101.5350764 3.0150567, 101.5348614 3.0154351, 101.5347763 3.0156052, 101.5347614 3.0156392, 101.5347571 3.0156838, 101.5347741 3.0157221, 101.5349019 3.01589, 101.5349381 3.0159559, 101.5349657 3.0160792, 101.5349785 3.0162769, 101.534987 3.0163769, 101.5350126 3.016481, 101.5350573 3.0165831, 101.5351658 3.0168148, 101.5352744 3.0169891, 101.5353149 3.0170657, 101.5354 3.0172187, 101.5354873 3.0173016, 101.5355767 3.0173569, 101.5356917 3.0173888, 101.5357939 3.0174101, 101.5359514 3.0174292, 101.5361622 3.0174377)",,,
4025322348,4025322355,0,399859243,True,,cycleway,285.236,"LINESTRING (101.5361622 3.0174377, 101.5365901 3.0174313, 101.5371308 3.0174207, 101.537746 3.0174122, 101.5380228 3.0174249, 101.5382059 3.0174951, 101.5384379 3.0176822, 101.5385864 3.0178351)",,,
4025322348,281136604,0,"[399859244, 399859245, 399859246]",True,,cycleway,469.982,"LINESTRING (101.5361622 3.0174377, 101.5365113 3.0174079, 101.5367348 3.0174058, 101.5368008 3.0173846, 101.5368838 3.017325, 101.5369307 3.0172187, 101.5369371 3.0171698, 101.5369115 3.0171146, 101.5366667 3.0167468, 101.5361962 3.0159985, 101.5361707 3.0159389, 101.5361494 3.0158624, 101.536143 3.0157965, 101.5361451 3.0157306, 101.5361664 3.0156562, 101.5361898 3.0155903, 101.5362345 3.0155201, 101.5363005 3.0154478, 101.5363623 3.0153989, 101.5364325 3.0153649, 101.5365219 3.0153309, 101.5366028 3.0153245, 101.5366837 3.015333, 101.5367604 3.0153522, 101.5368328 3.0153819, 101.5369073 3.0154287, 101.536969 3.0154882, 101.5370435 3.0155903, 101.5370989 3.0157008, 101.5371798 3.0160218)",yes,,
4025322355,4123778643,0,"[410573250, 410573251, 410573252, 410573253, 399859239]",True,,cycleway,1160.392,"LINESTRING (101.5385864 3.0178351, 101.5389254 3.0184666, 101.5391426 3.0189195, 101.5394406 3.0195083, 101.5396876 3.0200292, 101.5400537 3.0207159, 101.5404327 3.0214217, 101.5407158 3.0219234, 101.5408758 3.0222485, 101.5410722 3.0225737, 101.5415305 3.0231222, 101.5416903 3.023287, 101.5419773 3.0235897, 101.542157 3.0237638, 101.5423555 3.0239433, 101.5429429 3.0244388, 101.5432004 3.0246049, 101.5433211 3.024712, 101.5434766 3.0249531, 101.5435517 3.0250602, 101.5437234 3.0251727, 101.5446139 3.0255905, 101.5449492 3.0257378)",yes,yes,
4025322390,4025322398,0,399859259,True,,cycleway,85.846,"LINESTRING (101.5367252 3.0142352, 101.5366287 3.0141307, 101.5363792 3.0138602, 101.5363041 3.0137289, 101.5362666 3.0136245)",,,
4025322398,2165320803,0,399859257,True,,cycleway,186.32600000000002,"LINESTRING (101.5362666 3.0136245, 101.536199 3.0134591, 101.5361382 3.0133461, 101.5360605 3.0132381, 101.5358645 3.0130407, 101.5355062 3.0126796, 101.5354623 3.012607, 101.5354387 3.0125243, 101.5354251 3.0124299, 101.5354251 3.0123573, 101.5354473 3.0122489)",,,
4025322398,4749608600,0,399859259,True,,cycleway,508.47200000000004,"LINESTRING (101.5362666 3.0136245, 101.5362344 3.0134236, 101.5362451 3.0133084, 101.5362666 3.0131986, 101.5362987 3.0131075, 101.5363309 3.013003, 101.5363551 3.0129039, 101.5363685 3.0127754, 101.5363792 3.0126468, 101.5363792 3.0125343, 101.5363578 3.0124057, 101.5363256 3.0122557, 101.5362069 3.0118952, 101.5361478 3.0116945, 101.5360926 3.0116452, 101.5359168 3.0116182, 101.5357276 3.0115896, 101.5353305 3.0114883, 101.5349199 3.0113837, 101.5344829 3.0112394, 101.5342388 3.0110968, 101.533916 3.01087, 101.5337747 3.0107593)",,,
4025322439,4749608108,0,482083925,True,,cycleway,97.78,"LINESTRING (101.5303555 3.0068566, 101.5297945 3.0061788)",,,
4025322439,4025322468,0,"[399859264, 399859259, 399859261, 399859262, 399859263]",True,,cycleway,645.956,"LINESTRING (101.5303555 3.0068566, 101.5302051 3.0065833, 101.5301138 3.0063876, 101.5300564 3.0062273, 101.5298587 3.0055996, 101.5297877 3.0054207, 101.5297404 3.0053279, 101.5296965 3.0052688, 101.5295106 3.0050866, 101.5294346 3.0050343, 101.5293214 3.0049735, 101.5291659 3.0049128, 101.5290189 3.0048487, 101.5289311 3.0047997, 101.5287891 3.0046648, 101.5284951 3.0043121, 101.5284512 3.0042345, 101.5284022 3.0041197, 101.5283295 3.0038768, 101.5282653 3.0036355, 101.528191 3.0035123, 101.5280778 3.003357, 101.5280051 3.0032912, 101.5278733 3.0032102, 101.5277229 3.0031377, 101.5275219 3.0030854, 101.5273394 3.0030297, 101.5271383 3.0029436, 101.5269778 3.0028357, 101.526793 3.0026848)",yes,,
4025322468,4025322576,0,399859265,True,,cycleway,2139.6980000000003,"LINESTRING (101.526793 3.0026848, 101.5262398 3.0020287, 101.5257071 3.001393, 101.5252391 3.0008564, 101.5248454 3.0003839, 101.5245565 3.0000414, 101.52404 2.9994045, 101.5239163 2.9992192, 101.5234869 2.9983144, 101.5231849 2.9977802, 101.5223226 2.9966937, 101.5217513 2.9960869, 101.5213292 2.9958398, 101.5209617 2.9956181, 101.5206997 2.9954292, 101.5198082 2.9945135, 101.5192442 2.9937613, 101.5188403 2.9933144, 101.5181417 2.9925222, 101.517192 2.9914176, 101.5163151 2.9905128, 101.5152926 2.9896443, 101.514382 2.9889909, 101.5138523 2.9886754)",,,
4025322469,4025322468,0,399859265,True,,cycleway,88.01599999999999,"LINESTRING (101.5273374 3.0032591, 101.5272042 3.0031394, 101.526793 3.0026848)",,,
4025322505,1749436830,0,482083999,True,,cycleway,55.796,"LINESTRING (101.5265456 3.0031178, 101.5268447 3.003521)",,,
4025322505,4025322540,0,"[399859267, 399859268, 399859269]",True,,cycleway,583.558,"LINESTRING (101.5265456 3.0031178, 101.5266233 3.0032764, 101.5267027 3.0034704, 101.5267635 3.0036932, 101.5267956 3.0038535, 101.5268193 3.0041251, 101.5268142 3.0043495, 101.5268024 3.0045132, 101.52675 3.0047697, 101.5267095 3.0048709, 101.5265946 3.0051257, 101.5265844 3.0051949, 101.5265777 3.005286, 101.526576 3.005389, 101.5266284 3.0055239, 101.5267179 3.0057366, 101.5267855 3.0058564, 101.5268784 3.0059728, 101.52699 3.0060774, 101.5271353 3.0061618, 101.5272857 3.0062191, 101.5274107 3.0062512, 101.5275273 3.0062613, 101.5276489 3.0062512, 101.52785 3.0062006, 101.5279446 3.0061584, 101.5282353 3.0059677, 101.5283197 3.005934, 101.528411 3.0059154, 101.5284955 3.0059103, 101.5285935 3.0059222, 101.5286763 3.0059508, 101.5288807 3.0061254)",yes,,
4025322540,4025322564,0,"[399859266, 399859270, 399859271]",True,,cycleway,259.328,"LINESTRING (101.5288807 3.0061254, 101.5291859 3.0065205, 101.5293044 3.0066926, 101.529458 3.0068651, 101.5298848 3.0073695, 101.5301084 3.007617, 101.5303774 3.0079131)",yes,,
4025322563,4025322564,0,399859272,True,,cycleway,34.076,"LINESTRING (101.5303456 3.0076083, 101.5303774 3.0079131)",,,
4025322564,4025322317,0,"[399859242, 399859271]",True,,cycleway,830.5150000000001,"LINESTRING (101.5303774 3.0079131, 101.530506 3.0080487, 101.5309042 3.0083652, 101.5313047 3.0086856, 101.5315444 3.0089798, 101.5319043 3.0094156, 101.5327632 3.0104567, 101.5331181 3.0107659, 101.5332211 3.010857, 101.5333327 3.010992, 101.5336233 3.0113514, 101.533799 3.0116011, 101.5339376 3.0117918, 101.5343441 3.0122845, 101.534904 3.0129733, 101.5353191 3.0134835)",,,
4025322567,4025322576,0,"[399859273, 399859274, 399859275]",False,,cycleway,257.856,"LINESTRING (101.5137854 2.9890568, 101.5137194 2.9891568, 101.513349 2.9889484, 101.5133703 2.9889187, 101.5136768 2.9890951, 101.5139429 2.9886678, 101.5142388 2.9888357, 101.5142601 2.9888038, 101.5138982 2.9885998, 101.5138523 2.9886754)",,yes,
4025322567,4025322505,0,"[399859267, 482083997]",True,,cycleway,2170.842,"LINESTRING (101.5137854 2.9890568, 101.5143102 2.9893852, 101.5151362 2.9899957, 101.5155547 2.9903373, 101.5162642 2.9909913, 101.517163 2.991947, 101.5185056 2.9935022, 101.5190005 2.994149, 101.519237 2.9944397, 101.5198229 2.9950647, 101.5211364 2.9969615, 101.521191 2.9971214, 101.5212128 2.9972595, 101.5211837 2.9974557, 101.5211801 2.9977137, 101.5212419 2.9978918, 101.5214239 2.9981752, 101.5216095 2.9983714, 101.5216931 2.9984332, 101.5217768 2.9984623, 101.5218933 2.9984586, 101.5220825 2.9983969, 101.5222717 2.9983896, 101.5223881 2.9984223, 101.52392 2.9999085, 101.524968 3.0011185, 101.5255138 3.0018525, 101.5259906 3.0023956, 101.5262228 3.0026605, 101.5264476 3.0029592, 101.5265456 3.0031178)",,,
4025322576,4749608134,0,399859265,True,,cycleway,920.041,"LINESTRING (101.5138523 2.9886754, 101.5136486 2.9885541, 101.512712 2.988082, 101.511698 2.9876496, 101.5102666 2.9871929, 101.5091399 2.9868686, 101.5076753 2.9864319, 101.506721 2.9861671, 101.5062505 2.9860105, 101.5060583 2.9859355)",,,
4025322576,4025322567,0,"[399859273, 399859274, 399859275]",False,,cycleway,257.856,"LINESTRING (101.5138523 2.9886754, 101.5138982 2.9885998, 101.5142601 2.9888038, 101.5142388 2.9888357, 101.5139429 2.9886678, 101.5136768 2.9890951, 101.5133703 2.9889187, 101.513349 2.9889484, 101.5137194 2.9891568, 101.5137854 2.9890568)",,yes,
4123590864,4123590863,0,410548782,True,,cycleway,44.69,"LINESTRING (101.5566377 3.0395484, 101.5568683 3.0398778)",,,
4123590998,4123591000,0,410548795,True,,cycleway,79.031,"LINESTRING (101.5526816 3.0328112, 101.5528991 3.0330814, 101.5531314 3.033362)",,,
4123590998,4123590864,0,"[410573249, 410548782, 410548783, 410548784, 410548787, 410548790, 410548792]",True,,cycleway,883.2630000000001,"LINESTRING (101.5526816 3.0328112, 101.5529109 3.0331928, 101.5531002 3.0335505, 101.5531948 3.0337378, 101.5532438 3.0338087, 101.5533147 3.0338745, 101.5535057 3.0339723, 101.5535665 3.0340314, 101.5536392 3.034136, 101.5538453 3.0344887, 101.5539602 3.0346979, 101.5540819 3.0349122, 101.5542018 3.0351012, 101.5543573 3.0353205, 101.5545246 3.0355416, 101.5546648 3.0357896, 101.5550011 3.0363835, 101.5551007 3.0365978, 101.5552038 3.036861, 101.5552765 3.0370382, 101.5553812 3.0372306, 101.5556854 3.0378009, 101.5559521 3.0382849, 101.5560277 3.0384114, 101.5560256 3.0384469, 101.556003 3.038702, 101.5560127 3.0387904, 101.5560395 3.0388707, 101.5560932 3.0389404, 101.556407 3.0392645, 101.5566377 3.0395484)",yes,yes,
4123778643,4123590998,0,"[410573248, 410573249, 410573252]",True,,cycleway,1175.398,"LINESTRING (101.5449492 3.0257378, 101.545432 3.0260084, 101.5464298 3.0266271, 101.5473498 3.0272619, 101.5480579 3.0278029, 101.5489469 3.0285746, 101.5492815 3.0288699, 101.5497022 3.0292647, 101.5502057 3.0297591, 101.5506163 3.0301843, 101.5507768 3.0303784, 101.5509593 3.0306146, 101.551206 3.0308947, 101.5515693 3.0313098, 101.5518616 3.0316692, 101.5524125 3.0324031, 101.5526372 3.0327372, 101.5526816 3.0328112)",,yes,
4123778644,4123778643,0,410548785,True,,cycleway,61.512,"LINESTRING (101.5445181 3.0253904, 101.5449492 3.0257378)",,,
4123778672,4749608102,0,410573257,True,,cycleway,203.273,"LINESTRING (101.557797 3.04063, 101.5572122 3.0395828, 101.5569394 3.0390158)",,,
4123778893,4749608107,0,"[410573260, 410573262, 410573263, 410573264, 399859260]",True,,cycleway,2460.7149999999997,"LINESTRING (101.5534357 3.0329483, 101.5532882 3.0327876, 101.5531165 3.0325626, 101.5523682 3.031526, 101.5520409 3.0311028, 101.5514294 3.03046, 101.5510914 3.0300823, 101.5508822 3.0299109, 101.5497798 3.0288261, 101.5496511 3.0286895, 101.549517 3.0285315, 101.5491361 3.028194, 101.5488867 3.0279529, 101.5486453 3.0276905, 101.5483609 3.0273797, 101.548192 3.0272378, 101.5479774 3.0270744, 101.5476502 3.0268628, 101.5466229 3.026161, 101.5455178 3.0254834, 101.544343 3.0247736, 101.5435008 3.0242245, 101.5426076 3.0236352, 101.5424467 3.0235228, 101.5420819 3.0231344, 101.5419397 3.0229147, 101.5414489 3.0223014, 101.5411646 3.0219157, 101.5410466 3.0217148, 101.5403492 3.020472, 101.5398503 3.0192881, 101.5390805 3.0177158, 101.5388089 3.0169929)",,yes,
4123778901,4123778893,0,410573261,True,,cycleway,40.419,"LINESTRING (101.5535551 3.0332915, 101.5535108 3.0331545, 101.5534786 3.0330554, 101.5534357 3.0329483)",,,
4559624893,5267845048,0,"[498339318, 498339319]",True,Lorong Motosikal Lebuhraya Persekutuan,cycleway,812.5710000000003,"LINESTRING (101.4805238 3.0607722, 101.4810844 3.0608793, 101.4811675 3.0609061, 101.4817742 3.0610873, 101.4819896 3.0611726, 101.4825181 3.0614527, 101.4828149 3.0616557, 101.4830426 3.0617775, 101.4832337 3.0618668, 101.4838394 3.0620982, 101.483937 3.0621631, 101.4840711 3.0622768, 101.4843395 3.0626259, 101.4844736 3.0627315, 101.4845875 3.0627843, 101.4846932 3.0628086, 101.4848029 3.0628127, 101.4850103 3.0627802, 101.4855388 3.0626625, 101.4858478 3.0626259, 101.4861405 3.0626381, 101.4865386 3.0626933, 101.4868966 3.0627477, 101.4872328 3.0628484)",,yes,
4562907211,4562907213,0,460666469,True,,cycleway,21.309,"LINESTRING (101.537443 3.0680314, 101.5372566 3.068077)",,,
4562907211,4562907260,0,460662727,True,Lorong Motosikal Lebuhraya Persekutuan,cycleway,574.7650000000001,"LINESTRING (101.537443 3.0680314, 101.5371562 3.0679749, 101.5364164 3.0677512, 101.5359709 3.0676392, 101.5348571 3.0675306, 101.5339398 3.0674449, 101.5335402 3.0674074, 101.5332504 3.0673673, 101.5331726 3.0673497, 101.5331198 3.0673225, 101.533098 3.0672913, 101.5330855 3.06726, 101.5330466 3.0667995, 101.5330186 3.0667705, 101.5329661 3.0667539, 101.5328181 3.0667479)",,,
4562907260,4562907261,0,460662731,False,,cycleway,8.282,"LINESTRING (101.5328181 3.0667479, 101.532808 3.0668217)",,,
4562907260,4897863476,0,460662727,True,Lorong Motosikal Lebuhraya Persekutuan,cycleway,1190.0010000000002,"LINESTRING (101.5328181 3.0667479, 101.532427 3.0667084, 101.5323868 3.0667191, 101.5323546 3.0667566, 101.5322629 3.067077, 101.5322473 3.0671315, 101.5322097 3.0671851, 101.5321266 3.0672547, 101.5320703 3.0672681, 101.5317277 3.0672546, 101.5316652 3.0672521, 101.5311422 3.0672039, 101.5304722 3.0672108, 101.5299768 3.0671911, 101.5294264 3.0671507, 101.5287577 3.0671017, 101.5276375 3.067026, 101.5268212 3.0669708, 101.5260702 3.06692, 101.5257188 3.0668503, 101.5252414 3.0666735, 101.524721 3.0663575, 101.5236776 3.0657629, 101.5228873 3.0652918)",,,
4562907261,4562907260,0,460662731,False,,cycleway,8.282,"LINESTRING (101.532808 3.0668217, 101.5328181 3.0667479)",,,
4562907271,6290769453,0,819874985,True,Lorong Motosikal Lebuhraya Persekutuan,cycleway,25.011,"LINESTRING (101.5665149 3.0782351, 101.5663079 3.0783238)",,,
4562907271,4897545153,0,27277796,True,Lorong Motosikal Lebuhraya Persekutuan,cycleway,915.542,"LINESTRING (101.5665149 3.0782351, 101.5658132 3.0781059, 101.5649501 3.0777672, 101.5641897 3.0774887, 101.5629774 3.0771379, 101.5627263 3.0770868, 101.5625807 3.077072, 101.5624802 3.07708, 101.562392 3.0770756, 101.5619557 3.0769536, 101.5605542 3.0764668, 101.5599034 3.0762222, 101.5587549 3.0758156, 101.5586703 3.0757851)",,,
4562918051,2006090537,0,"[460664696, 460662734, 460662736]",True,Lorong Motosikal Lebuhraya Persekutuan,cycleway,384.674,"LINESTRING (101.5771341 3.0820848, 101.5767628 3.0820793, 101.5763723 3.0820687, 101.5760665 3.0820499, 101.5749132 3.0819723, 101.574417 3.0819482, 101.5743446 3.0819348, 101.5742399 3.0819107, 101.5739422 3.0818276, 101.5736929 3.0817834)",,,
4562927796,4562918051,0,460666470,True,,cycleway,109.693,"LINESTRING (101.5781128 3.0821892, 101.5774852 3.0821627, 101.5773082 3.0821279, 101.5771341 3.0820848)",,,
4700853023,4700853039,0,278144789,True,Lorong Motosikal Lebuhraya Persekutuan,cycleway,849.5609999999999,"LINESTRING (101.5897273 3.0848139, 101.5890675 3.0849076, 101.5888368 3.0849344, 101.5880161 3.0850067, 101.5873079 3.0850576, 101.5867983 3.085063, 101.5864872 3.0850308, 101.5862748 3.0849876, 101.5861975 3.0849719, 101.5859091 3.0848809, 101.5857845 3.0848192, 101.5853553 3.0846532, 101.5850817 3.0845032, 101.5847706 3.0843184, 101.5842341 3.083989, 101.5835904 3.0835872, 101.582995 3.0832203, 101.5826244 3.0829906)",,,
4700853039,4562918051,0,"[460664696, 278144789, 460664695]",True,Lorong Motosikal Lebuhraya Persekutuan,cycleway,637.88,"LINESTRING (101.5826244 3.0829906, 101.5825068 3.0829176, 101.5821847 3.0827168, 101.5820291 3.0826097, 101.5817153 3.0824249, 101.5814605 3.0823124, 101.5810742 3.0821785, 101.5807524 3.0821142, 101.5803286 3.0820607, 101.5801757 3.0820446, 101.5800067 3.0820258, 101.578628 3.0818571, 101.5784778 3.0818544, 101.5782847 3.0818732, 101.5781399 3.0819, 101.5779655 3.0819455, 101.5777431 3.0820029, 101.5775391 3.0820473, 101.577354 3.0820767, 101.5771341 3.0820848)",yes,,
4700853039,4700853042,0,476542389,True,,cycleway,109.68700000000001,"LINESTRING (101.5826244 3.0829906, 101.5822976 3.0828748, 101.5820347 3.082781, 101.5816792 3.0827132)",,,
4749608102,4123778893,0,"[410573256, 410573257, 410573258, 410573259, 410573260, 482083922, 482083923]",True,,cycleway,796.6120000000001,"LINESTRING (101.5569394 3.0390158, 101.556878 3.0388421, 101.55681 3.0386685, 101.5567616 3.0385194, 101.5566704 3.0382355, 101.5566356 3.0381471, 101.5565578 3.0380936, 101.5563083 3.0379516, 101.5562332 3.0379114, 101.5561769 3.0378257, 101.555788 3.0370891, 101.5555734 3.0367758, 101.55545 3.0366017, 101.5552676 3.0363151, 101.5550343 3.0359053, 101.5549485 3.0357419, 101.5548868 3.035608, 101.5548331 3.035458, 101.5547231 3.0351633, 101.55464 3.0349973, 101.5544657 3.0347026, 101.5541089 3.034092, 101.5541197 3.0337973, 101.5540741 3.0336473, 101.55383 3.0333688, 101.5534357 3.0329483)",yes,yes,
4749608102,4749608106,0,482083921,True,,cycleway,80.281,"LINESTRING (101.5569394 3.0390158, 101.5568724 3.0389308, 101.556667 3.0385073, 101.5565692 3.0384025)",,,
4749608107,3669544852,0,482083924,True,,cycleway,64.719,"LINESTRING (101.5388089 3.0169929, 101.5384589 3.0165275)",,,
4749608107,4025322390,0,"[399859260, 399859253, 399859247]",True,,cycleway,420.474,"LINESTRING (101.5388089 3.0169929, 101.5383831 3.0158596, 101.5381162 3.0149395, 101.5380424 3.0148015, 101.53797 3.014742, 101.5378839 3.0146932, 101.5373421 3.0145592, 101.5371705 3.0145164, 101.5370256 3.0144521, 101.5369183 3.0143878, 101.536795 3.014278, 101.5367252 3.0142352)",yes,,
4749608134,4749608135,0,399859265,True,,cycleway,19.464,"LINESTRING (101.5060583 2.9859355, 101.5058839 2.985918)",,,
4749608134,4749608147,0,"[482083936, 482083939, 482083926]",True,,cycleway,258.479,"LINESTRING (101.5060583 2.9859355, 101.5059424 2.9858674, 101.5058579 2.9858072, 101.5057794 2.9857098, 101.505627 2.9855752, 101.5048317 2.9852002, 101.5046616 2.9851649, 101.5045445 2.9851715, 101.5043148 2.9853877, 101.5042308 2.9854517, 101.5041491 2.9854737, 101.5040652 2.9854649)",yes,,
4749608519,4749608588,0,"[482083995, 482083996, 482083997]",True,,cycleway,309.01099999999997,"LINESTRING (101.5038744 2.9857624, 101.5039436 2.9858096, 101.5039909 2.9858859, 101.5040127 2.9859513, 101.5040673 2.9861693, 101.5041 2.9862493, 101.5041728 2.9863365, 101.5042565 2.986391, 101.5052135 2.98654, 101.5053554 2.9865473, 101.5054791 2.9865254, 101.505923 2.9865, 101.5062536 2.9865478)",yes,,
4749608588,4025322567,0,482083997,True,,cycleway,885.5080000000002,"LINESTRING (101.5062536 2.9865478, 101.5065016 2.9865836, 101.5073603 2.9867834, 101.5101985 2.9875574, 101.5111373 2.9878445, 101.5117413 2.9880589, 101.5121961 2.9882406, 101.5128074 2.9885422, 101.5137854 2.9890568)",,,
4749608592,4123590864,0,482084000,True,,cycleway,62.754,"LINESTRING (101.5563858 3.0390432, 101.5566377 3.0395484)",,,
4749608599,4749608600,0,482084002,True,,cycleway,73.658,"LINESTRING (101.5342214 3.011249, 101.5337747 3.0107593)",,,
4749608600,4025322439,0,399859259,True,,cycleway,577.746,"LINESTRING (101.5337747 3.0107593, 101.5334713 3.0105216, 101.53326 3.0103258, 101.5329779 3.0100069, 101.5327633 3.0097454, 101.5318525 3.0086537, 101.5314605 3.008188, 101.5308066 3.0074152, 101.5305244 3.0070878, 101.5303555 3.0068566)",,,
4896261350,4896261351,0,498140299,True,,cycleway,22.691,"LINESTRING (101.5885922 3.0853959, 101.5887649 3.0852868)",,,
4896261350,4896261175,0,"[498140265, 498140291, 498140292, 498140277]",True,Lorong Motosikal Lebuhraya Persekutuan,cycleway,322.477,"LINESTRING (101.5885922 3.0853959, 101.5887271 3.0853995, 101.5895361 3.085436, 101.5897597 3.0854238, 101.5901821 3.0853369, 101.5903423 3.0853092, 101.590598 3.0852846, 101.5907983 3.0852446, 101.5909092 3.0852231, 101.5911064 3.0851892, 101.5911526 3.0851923, 101.5914731 3.0851708)",yes,yes,
4896261352,5359377063,0,498140300,True,,cycleway,197.50199999999998,"LINESTRING (101.585608 3.0853328, 101.5858861 3.0854588, 101.5860012 3.085503, 101.5861887 3.0855525, 101.5863144 3.0855595, 101.5863885 3.0855642, 101.5864566 3.0855626, 101.586588 3.0855579, 101.5868209 3.0855421, 101.5869951 3.0855231, 101.5873368 3.0854589)",,,
4896261358,5359377063,0,"[498140288, 498140289, 498140290, 498140291, 498140287]",True,Lorong Motosikal Lebuhraya Persekutuan,cycleway,533.926,"LINESTRING (101.5829918 3.0837766, 101.583189 3.0838985, 101.5834939 3.084065, 101.5845794 3.084682, 101.5847786 3.0848038, 101.5848924 3.0849053, 101.5850022 3.0849906, 101.5851648 3.0850839, 101.5854411 3.0852219, 101.5858838 3.0854034, 101.585982 3.0854579, 101.5860765 3.0854925, 101.5862067 3.085522, 101.5863349 3.0855321, 101.5864966 3.0855239, 101.5865955 3.0855189, 101.5867995 3.0854967, 101.5873368 3.0854589)",yes,,
4896261358,4081079217,0,498140301,True,,cycleway,55.14,"LINESTRING (101.5829918 3.0837766, 101.5830143 3.0838425, 101.5830516 3.0838868, 101.5833747 3.0840646)",,,
4896261362,4896261363,0,498140302,True,,cycleway,22.202,"LINESTRING (101.5572862 3.0757901, 101.5574243 3.0759345)",,,
4896261363,5359376997,0,"[498140285, 498140283, 498140284, 160219261]",True,Lorong Motosikal Lebuhraya Persekutuan,cycleway,2346.7990000000004,"LINESTRING (101.5574243 3.0759345, 101.5576895 3.0759647, 101.5581857 3.0760584, 101.5586873 3.076179, 101.5595 3.0764468, 101.5599643 3.0766199, 101.5609757 3.0770501, 101.5612271 3.0771408, 101.561745 3.0772931, 101.5620518 3.0774031, 101.5624472 3.0775316, 101.5626505 3.0776007, 101.5627334 3.077638, 101.5627841 3.0776752, 101.5629065 3.0777974, 101.5629833 3.077874, 101.5630673 3.0779257, 101.5633073 3.0780283, 101.5637285 3.0781822, 101.5641871 3.0783524, 101.5649612 3.0786316, 101.5655626 3.0788478, 101.5656801 3.0789065, 101.5657742 3.0789606, 101.5662882 3.0792801, 101.5667067 3.0795138, 101.5669267 3.079659, 101.5671751 3.0798636, 101.5673086 3.0799496, 101.5676299 3.0800766, 101.567706 3.0801335, 101.5677899 3.0802472, 101.5678685 3.080369, 101.5679218 3.0804346, 101.5679672 3.0804721, 101.5680476 3.0805165, 101.5685486 3.080766, 101.5686079 3.0808045, 101.5686376 3.0808443, 101.5686609 3.0808904, 101.5687086 3.0809878, 101.5687619 3.0810853, 101.5688257 3.0811624, 101.5688989 3.0812436, 101.5689825 3.0813085, 101.5690899 3.0813532, 101.5691997 3.0813735, 101.5693501 3.0813735, 101.569529 3.0813735, 101.5697241 3.0813897, 101.569964 3.0814344, 101.5702276 3.0815003, 101.5705275 3.0816275, 101.5707974 3.0817429, 101.571147 3.0818972, 101.5714316 3.0819987, 101.5716634 3.0820596, 101.5720252 3.0821367, 101.5723626 3.0821854, 101.5726716 3.0822016, 101.5729887 3.0822098, 101.5735091 3.0822382, 101.5740457 3.0822747, 101.5750499 3.0823559, 101.5757492 3.0824046, 101.5763549 3.0824371, 101.5769687 3.0824734)",,,
4897545153,4897545151,0,498304356,True,,cycleway,76.791,"LINESTRING (101.5586703 3.0757851, 101.5579847 3.0756944)",,,
4897545153,299422035,0,"[769751584, 769751585, 27277796, 162530603, 162530577]",True,Lorong Motosikal Lebuhraya Persekutuan,cycleway,611.8599999999999,"LINESTRING (101.5586703 3.0757851, 101.558438 3.075681, 101.5582138 3.0755971, 101.5576203 3.0753953, 101.5571915 3.0751807, 101.5566437 3.0748805, 101.5565611 3.0748184, 101.5564804 3.074737, 101.5563222 3.0745629, 101.5562101 3.0744454, 101.5561144 3.0743879, 101.5560133 3.0743466, 101.5557392 3.0743008, 101.5554184 3.0742472, 101.5552737 3.074223, 101.5549955 3.074169, 101.5541836 3.0740375, 101.5540197 3.0740449, 101.5538852 3.0740887, 101.5538025 3.074138, 101.5536972 3.0741629, 101.5536159 3.0741747)",yes,yes,
4897545159,4897545160,0,498304357,True,,cycleway,23.076,"LINESTRING (101.5412939 3.0698819, 101.5410866 3.0698671)",,,
4897545159,4562907211,0,"[460662720, 460662722, 460662723, 460662724, 460662727]",True,Lorong Motosikal Lebuhraya Persekutuan,cycleway,490.9440000000001,"LINESTRING (101.5412939 3.0698819, 101.5411925 3.0698287, 101.5411281 3.0697778, 101.5410449 3.0697028, 101.5403905 3.0689743, 101.5403127 3.0689234, 101.5402242 3.0688752, 101.5401142 3.0688377, 101.5397655 3.0687412, 101.5394732 3.0686716, 101.539382 3.0686448, 101.5392103 3.0685859, 101.5390091 3.0685082, 101.5388509 3.0684305, 101.5386631 3.0683234, 101.5384244 3.0681815, 101.5383359 3.0681413, 101.5382072 3.0681145, 101.5380489 3.0681038, 101.5375393 3.0680422, 101.537443 3.0680314)",yes,,
4897863476,4897863477,0,498339306,True,,cycleway,16.17,"LINESTRING (101.5228873 3.0652918, 101.522742 3.0653016)",,,
4897863476,4897863480,0,"[460662726, 460662727, 460662728, 460662729, 460662730]",True,Lorong Motosikal Lebuhraya Persekutuan,cycleway,541.8620000000001,"LINESTRING (101.5228873 3.0652918, 101.5219208 3.0647157, 101.5217572 3.0646005, 101.5215292 3.0644291, 101.5213897 3.064255, 101.5212797 3.0641318, 101.5212556 3.064105, 101.5211939 3.0640755, 101.5203812 3.0638934, 101.5203061 3.0638934, 101.5200218 3.0640728, 101.5199011 3.0641237, 101.5195497 3.0641612, 101.5192413 3.064196, 101.5188309 3.0642389, 101.5185122 3.0642977)",yes,yes,
4897863478,4897863502,0,460662730,True,Lorong Motosikal Lebuhraya Persekutuan,cycleway,1700.9440000000002,"LINESTRING (101.5183847 3.0643199, 101.5178143 3.0644184, 101.5173517 3.0644883, 101.5171004 3.0645095, 101.5164669 3.0645448, 101.5159997 3.0645908, 101.5157307 3.0645908, 101.5151821 3.0645024, 101.513788 3.0641495, 101.5128992 3.0639565, 101.5122182 3.0637494, 101.5113987 3.0635211, 101.510906 3.063368, 101.5095942 3.0629953, 101.5088424 3.0627953, 101.5086976 3.062743, 101.5084573 3.0626938, 101.5081985 3.0626907, 101.5080044 3.0626815, 101.5073635 3.0625953, 101.5058784 3.0623892, 101.5049511 3.0622753, 101.504532 3.0622107, 101.5039682 3.0621338, 101.5037001 3.0620784, 101.5034783 3.0620046, 101.5033998 3.0619617)",,,
4897863480,4897863478,0,460662730,True,Lorong Motosikal Lebuhraya Persekutuan,cycleway,14.371,"LINESTRING (101.5185122 3.0642977, 101.5184965 3.0643006, 101.5183847 3.0643199)",,,
4897863480,249398997,0,498339308,False,,cycleway,9.315999999999999,"LINESTRING (101.5185122 3.0642977, 101.5185057 3.0642617, 101.5184749 3.0642259)",,,
4897863502,4897863503,0,498339309,True,,cycleway,62.062,"LINESTRING (101.5033998 3.0619617, 101.5028442 3.0619008)",,,
4897863502,4897863507,0,"[460662730, 498339310]",True,Lorong Motosikal Lebuhraya Persekutuan,cycleway,181.882,"LINESTRING (101.5033998 3.0619617, 101.503315 3.0619154, 101.5027851 3.0616169, 101.5026988 3.0615739, 101.5025817 3.0615585, 101.5024708 3.0615585, 101.5020734 3.0616539, 101.5018809 3.0617035)",,,
4897863507,4897863643,0,498339310,True,Lorong Motosikal Lebuhraya Persekutuan,cycleway,900.7230000000001,"LINESTRING (101.5018809 3.0617035, 101.5017991 3.0617246, 101.5015835 3.0618015, 101.5013801 3.0619369, 101.5011336 3.0621154, 101.5010011 3.0621892, 101.5008964 3.0622261, 101.5007269 3.0622569, 101.499778 3.0622969, 101.4993559 3.062343, 101.4990139 3.0623861, 101.4982436 3.062423, 101.4970851 3.0624815, 101.4961269 3.0625769, 101.4952427 3.0626353, 101.4939856 3.0627276, 101.4939309 3.0627299)",,,
4897863640,4897863641,0,498339312,True,Lorong Motosikal Lebuhraya Persekutuan,cycleway,30.476,"LINESTRING (101.4871734 3.0624169, 101.4869046 3.0624723)",,,alley
4897863640,5267845045,0,498339317,True,Lorong Motosikal Lebuhraya Persekutuan,cycleway,3.965,"LINESTRING (101.4871734 3.0624169, 101.487143 3.0623982)",,,
4897863643,4897863644,0,498339316,True,,cycleway,18.165,"LINESTRING (101.4939309 3.0627299, 101.493784 3.0628018)",,,
4897863643,4897863640,0,"[498339314, 498339315, 498339310]",True,Lorong Motosikal Lebuhraya Persekutuan,cycleway,763.8359999999999,"LINESTRING (101.4939309 3.0627299, 101.4931075 3.0627645, 101.4927686 3.0627707, 101.4926392 3.0627645, 101.4924728 3.0627276, 101.4922602 3.0626876, 101.4920322 3.0626845, 101.4917796 3.0627061, 101.4913481 3.0627863, 101.4903888 3.0629951, 101.4902175 3.063023, 101.4898662 3.0630291, 101.4893887 3.0629984, 101.4891946 3.0629737, 101.488908 3.0629061, 101.4882487 3.0627091, 101.4878543 3.0626168, 101.4874168 3.0625061, 101.4871734 3.0624169)",,yes,
4897863697,269289825,0,498339331,True,,cycleway,14.311,"LINESTRING (101.4997557 3.0631984, 101.4998682 3.0631356)",,,
4897863697,4897863790,0,498339335,True,Lorong Motosikal Lebuhraya Persekutuan,cycleway,108.957,"LINESTRING (101.4997557 3.0631984, 101.4998655 3.063243, 101.4999875 3.0632593, 101.5007248 3.0632005)",,,
4897863738,4897863740,0,498339322,True,Lorong Motosikal Lebuhraya Persekutuan,cycleway,69.13900000000001,"LINESTRING (101.5193269 3.0687844, 101.5194732 3.0688291, 101.5199245 3.068959)",yes,,
4897863740,4897863783,0,498339321,True,,cycleway,179.95499999999998,"LINESTRING (101.5199245 3.068959, 101.5202078 3.0690362, 101.5203054 3.0690687, 101.5203623 3.0691052, 101.5203867 3.0691539, 101.5203989 3.0692189, 101.5203948 3.0692838, 101.5203705 3.069365, 101.5203176 3.0694421, 101.5202566 3.0694909, 101.5201753 3.0695071, 101.520094 3.0695193, 101.5199802 3.0694909, 101.5198582 3.0694421, 101.5197769 3.0693731, 101.5197322 3.0693082, 101.5196663 3.0692146)",,,
4897863740,4897863751,0,498339323,True,Lorong Motosikal Lebuhraya Persekutuan,cycleway,230.49099999999999,"LINESTRING (101.5199245 3.068959, 101.520018 3.0689549, 101.5201644 3.0689306, 101.5203392 3.0688697, 101.5205465 3.068752, 101.5207661 3.0685936, 101.5209246 3.0684962, 101.5210628 3.0684353, 101.5213108 3.0683663, 101.5214814 3.0683202, 101.5216359 3.0682553, 101.5218108 3.0681577)",,,
4897863752,4897863738,0,498339320,True,,cycleway,193.63500000000005,"LINESTRING (101.5195277 3.0691789, 101.5193541 3.0692716, 101.5191671 3.0693204, 101.519037 3.0693285, 101.5189394 3.0693082, 101.518854 3.0692595, 101.5187931 3.0691986, 101.5187524 3.0691336, 101.5187361 3.0690605, 101.5187361 3.0689793, 101.5187524 3.0689063, 101.518789 3.0688494, 101.5188622 3.0687967, 101.5189557 3.0687601, 101.5190614 3.0687561, 101.5191833 3.0687682, 101.5193269 3.0687844)",,,
4897863784,4897863785,0,498339328,True,,cycleway,13.318,"LINESTRING (101.5165285 3.0661368, 101.5166483 3.066131)",,,
4897863784,4897863738,0,"[498339335, 498339324, 498339325, 498339326, 498339327]",True,Lorong Motosikal Lebuhraya Persekutuan,cycleway,433.731,"LINESTRING (101.5165285 3.0661368, 101.5172535 3.06671, 101.5176235 3.0670469, 101.5178755 3.067254, 101.5179731 3.0673473, 101.5180747 3.0674813, 101.5181194 3.0676762, 101.5183227 3.0679563, 101.5186724 3.0682892, 101.5191074 3.068618, 101.5193269 3.0687844)",yes,yes,
4897863786,4897863788,0,498339335,True,Lorong Motosikal Lebuhraya Persekutuan,cycleway,26.139,"LINESTRING (101.5021484 3.0634363, 101.5023823 3.0634097)",,,
4897863786,4897863788,1,498339329,True,,cycleway,39.64,"LINESTRING (101.5021484 3.0634363, 101.5022458 3.0632904, 101.5023823 3.0634097)",,,
4897863788,4897863784,0,498339335,True,Lorong Motosikal Lebuhraya Persekutuan,cycleway,1678.8139999999999,"LINESTRING (101.5023823 3.0634097, 101.5026463 3.063383, 101.5027642 3.0633526, 101.502876 3.0633059, 101.5029583 3.0632542, 101.5030529 3.063174, 101.5031504 3.0630481, 101.5032317 3.0629365, 101.5033171 3.0628533, 101.5034431 3.062768, 101.5036322 3.0626767, 101.5037907 3.062626, 101.5039858 3.0625894, 101.5043965 3.0625874, 101.5053315 3.0626726, 101.5067199 3.0628086, 101.5082058 3.0629852, 101.5083867 3.063034, 101.5085656 3.0630827, 101.5087973 3.0631111, 101.5090318 3.0631628, 101.5096782 3.0633457, 101.5103801 3.0635562, 101.5117001 3.0639494, 101.5139076 3.0646152, 101.5146272 3.0648506, 101.5151069 3.0650414, 101.5153021 3.0651673, 101.5165285 3.0661368)",,,
4897863789,4897863790,0,498339332,True,,cycleway,16.588,"LINESTRING (101.5006177 3.0630965, 101.5007248 3.0632005)",,,
4897863790,4897863786,0,498339335,True,Lorong Motosikal Lebuhraya Persekutuan,cycleway,161.989,"LINESTRING (101.5007248 3.0632005, 101.5007518 3.0631984, 101.5009957 3.0632105, 101.5014714 3.0633567, 101.5017315 3.0634379, 101.5018332 3.063446, 101.5021484 3.0634363)",,,
4897863791,4897863792,0,498339333,True,,cycleway,23.585,"LINESTRING (101.493789 3.0631905, 101.4939942 3.0632453)",,,
4897863792,4897863697,0,498339335,True,Lorong Motosikal Lebuhraya Persekutuan,cycleway,652.6940000000001,"LINESTRING (101.4939942 3.0632453, 101.4941942 3.0632105, 101.4949381 3.063109, 101.4961415 3.0629507, 101.4969749 3.0628898, 101.4984792 3.0628898, 101.4993207 3.062902, 101.4994224 3.0629467, 101.4995525 3.06304, 101.4997557 3.0631984)",,,
4897863793,4897863794,0,498339336,True,,cycleway,21.18,"LINESTRING (101.4890663 3.0634675, 101.4892516 3.0634223)",,,
4897863793,4897863792,0,"[498339335, 498339334, 498339319]",True,Lorong Motosikal Lebuhraya Persekutuan,cycleway,583.738,"LINESTRING (101.4890663 3.0634675, 101.4896368 3.0636936, 101.4900027 3.0638641, 101.4903645 3.0640468, 101.4905108 3.0641158, 101.4906816 3.0641564, 101.4907873 3.0641767, 101.4909093 3.0641767, 101.4917061 3.0640793, 101.4919012 3.0640346, 101.4921492 3.0639656, 101.4923647 3.0638763, 101.4925842 3.0637464, 101.4928404 3.06358, 101.4930802 3.063446, 101.4933526 3.0633567, 101.4939942 3.0632453)",,yes,
4897863795,4897863946,0,498339337,True,Lorong Motosikal Lebuhraya Persekutuan,cycleway,1368.485,"LINESTRING (101.5245151 3.0675816, 101.5247087 3.0675893, 101.524851 3.0675934, 101.525038 3.0675649, 101.525534 3.0674594, 101.5258186 3.0674147, 101.5260869 3.0674025, 101.5264894 3.0674228, 101.5271521 3.0674513, 101.5276765 3.0674553, 101.5281644 3.0674553, 101.5286644 3.0674756, 101.5300055 3.0675757, 101.530624 3.0676218, 101.531807 3.0677314, 101.532364 3.0677476, 101.5337584 3.0678572, 101.5345228 3.0679384, 101.5349496 3.0679871, 101.5352464 3.068044, 101.5355838 3.0681373, 101.5360148 3.0682916, 101.5366785 3.0686162)",,,
4897863943,4897863944,0,498339338,True,,cycleway,18.425,"LINESTRING (101.5409308 3.0702576, 101.5410484 3.0703745)",,,
4897863944,4897863942,0,498339339,True,Lorong Motosikal Lebuhraya Persekutuan,cycleway,848.7049999999999,"LINESTRING (101.5410484 3.0703745, 101.5416048 3.070567, 101.5422146 3.0708167, 101.542859 3.0710846, 101.5432615 3.071243, 101.5435887 3.0713587, 101.5454141 3.0721361, 101.5468127 3.0727572, 101.5472878 3.0729784, 101.5474963 3.0730617, 101.5481134 3.0732778)",,,
4897863946,4897863947,0,498339343,True,,cycleway,25.813,"LINESTRING (101.5366785 3.0686162, 101.5369108 3.0686251)",,,
4897863946,4897863944,0,"[498339337, 498339339, 498339340, 498339341, 498339342]",True,Lorong Motosikal Lebuhraya Persekutuan,cycleway,543.5300000000001,"LINESTRING (101.5366785 3.0686162, 101.5370027 3.0687747, 101.53721 3.0689087, 101.5373808 3.0690832, 101.5375515 3.0692781, 101.5376247 3.0693796, 101.5376816 3.0694283, 101.5378239 3.0694973, 101.5380974 3.0695855, 101.5382142 3.0696232, 101.5389216 3.0699033, 101.5392184 3.0700373, 101.5396005 3.0702484, 101.5397347 3.0703093, 101.5399176 3.0703377, 101.5401494 3.0703174, 101.5404746 3.0702443, 101.5406047 3.0702443, 101.5408364 3.0703011, 101.5410484 3.0703745)",yes,,
4898439111,4898439112,0,498405111,True,,cycleway,19.445,"LINESTRING (101.5532245 3.0748885, 101.5533845 3.0748174)",,,
4898439111,4896261363,0,"[160219264, 160219265, 297010920, 297010921, 160219261]",True,Lorong Motosikal Lebuhraya Persekutuan,cycleway,501.041,"LINESTRING (101.5532245 3.0748885, 101.5533463 3.0749643, 101.5534468 3.07505, 101.5535274 3.0751531, 101.5536158 3.0753125, 101.5537134 3.0754162, 101.5538297 3.0754839, 101.553939 3.0755133, 101.5545958 3.075705, 101.5547636 3.0757371, 101.5548896 3.0757687, 101.5549808 3.0757906, 101.5551685 3.0758285, 101.555726 3.0758983, 101.556105 3.0759409, 101.5569617 3.0759435, 101.5573328 3.0759352, 101.5574243 3.0759345)",yes,yes,
5267845033,5267845031,0,"[545001704, 545001701, 498339317]",True,Lorong Motosikal Lebuhraya Persekutuan,cycleway,419.31299999999993,"LINESTRING (101.4840939 3.0609373, 101.4838557 3.0608622, 101.4835258 3.0607658, 101.4833863 3.0607363, 101.4831476 3.0607095, 101.4827345 3.0606693, 101.4823724 3.060656, 101.4822464 3.0606613, 101.4821686 3.0606667, 101.4818333 3.0606881, 101.4817582 3.0606881, 101.4816724 3.060672, 101.481152 3.060506, 101.4806022 3.0603399, 101.4804761 3.0603024, 101.4804117 3.060281)",,yes,
5267845033,1791362530,0,545001708,True,,cycleway,138.75100000000003,"LINESTRING (101.4840939 3.0609373, 101.4837025 3.0608904, 101.4832612 3.0608297, 101.4831925 3.0608227, 101.4829614 3.0608758, 101.48288 3.06094)",,,
5267845040,5267845033,0,498339317,True,Lorong Motosikal Lebuhraya Persekutuan,cycleway,23.047,"LINESTRING (101.4842918 3.0609998, 101.4840939 3.0609373)",,,
5267845040,5267845041,0,545001711,True,,cycleway,44.126,"LINESTRING (101.4842918 3.0609998, 101.4838944 3.0609995)",,,
5267845045,5267845047,0,"[199965445, 460285029, 460285030]",False,,cycleway,212.325,"LINESTRING (101.487143 3.0623982, 101.4871708 3.0623145, 101.4875797 3.06245, 101.4875667 3.0624892, 101.4873048 3.0624024, 101.4871536 3.0628715, 101.486927 3.0628004, 101.4869162 3.0628339, 101.4872117 3.0629258)",,yes,
5267845045,5267845040,0,498339317,True,Lorong Motosikal Lebuhraya Persekutuan,cycleway,355.49299999999994,"LINESTRING (101.487143 3.0623982, 101.4869188 3.0622681, 101.4865218 3.0620219, 101.485862 3.0615854, 101.4856769 3.0614702, 101.485567 3.0614113, 101.4854007 3.0613443, 101.4845772 3.0610899, 101.4842918 3.0609998)",,,
5267845047,5267845048,0,199965445,False,,cycleway,8.92,"LINESTRING (101.4872117 3.0629258, 101.4872328 3.0628484)",,,
5267845047,5267845067,0,545001715,False,,cycleway,5.379,"LINESTRING (101.4872117 3.0629258, 101.4872382 3.0629663)",,,
5267845047,5267845045,0,"[460285029, 199965445, 460285030]",False,,cycleway,212.32500000000002,"LINESTRING (101.4872117 3.0629258, 101.4869162 3.0628339, 101.486927 3.0628004, 101.4871536 3.0628715, 101.4873048 3.0624024, 101.4875667 3.0624892, 101.4875797 3.06245, 101.4871708 3.0623145, 101.487143 3.0623982)",,yes,
5267845048,5267845047,0,199965445,False,,cycleway,8.92,"LINESTRING (101.4872328 3.0628484, 101.4872117 3.0629258)",,,
5267845048,4897863793,0,498339319,True,Lorong Motosikal Lebuhraya Persekutuan,cycleway,214.918,"LINESTRING (101.4872328 3.0628484, 101.4873438 3.0628817, 101.4888338 3.0633864, 101.4890663 3.0634675)",,,
5267845067,5267845047,0,545001715,False,,cycleway,5.379,"LINESTRING (101.4872382 3.0629663, 101.4872117 3.0629258)",,,
5359376997,5359376998,0,555494599,True,,cycleway,120.503,"LINESTRING (101.5769687 3.0824734, 101.5780532 3.0824323)",,,
5359376997,5359377008,0,"[498140285, 498140286, 498140287]",True,Lorong Motosikal Lebuhraya Persekutuan,cycleway,472.8589999999999,"LINESTRING (101.5769687 3.0824734, 101.5773596 3.0824971, 101.577729 3.0825183, 101.5780073 3.082552, 101.5782576 3.0825751, 101.5784974 3.0826198, 101.5786844 3.0826888, 101.5788186 3.0827537, 101.5789202 3.0828431, 101.5790341 3.0829567, 101.5791089 3.0830594, 101.5791642 3.0831353, 101.5793715 3.0833952, 101.5794203 3.0834479, 101.5795178 3.0835372, 101.5797171 3.0836469, 101.5798837 3.0836915, 101.5799772 3.0836956, 101.5801155 3.0836834, 101.5802659 3.0836347, 101.580396 3.0835778, 101.5807289 3.0833831)",yes,,
5359377008,4896261358,0,498140287,True,Lorong Motosikal Lebuhraya Persekutuan,cycleway,274.249,"LINESTRING (101.5807289 3.0833831, 101.5807985 3.0833424, 101.5810749 3.0832084, 101.5812904 3.0831475, 101.5815668 3.0831272, 101.5818189 3.0831678, 101.5820059 3.0832328, 101.5822783 3.0833627, 101.5825588 3.0835088, 101.5829918 3.0837766)",,,
5359377063,4896261350,0,498140291,True,Lorong Motosikal Lebuhraya Persekutuan,cycleway,139.633,"LINESTRING (101.5873368 3.0854589, 101.587605 3.0854401, 101.5884222 3.0853914, 101.5885922 3.0853959)",,,
5433512921,5433531062,0,563882497,False,,cycleway,35.01,"LINESTRING (101.4926823 3.0882821, 101.4926823 3.0883351, 101.4926611 3.0883952, 101.4925337 3.0885471)",,,
5433531062,5433512921,0,563882497,False,,cycleway,35.01,"LINESTRING (101.4925337 3.0885471, 101.4926611 3.0883952, 101.4926823 3.0883351, 101.4926823 3.0882821)",,,
5735501514,5735502228,0,"[604456552, 604456549]",False,,cycleway,215.58300000000003,"LINESTRING (101.5154355 3.0768892, 101.5154891 3.0769221, 101.5155508 3.0769275, 101.5155829 3.0769054, 101.5156044 3.07689, 101.5156326 3.076888, 101.5161938 3.0773319, 101.5164037 3.0775314, 101.516578 3.0776881, 101.5165941 3.0777725, 101.5165606 3.0779841, 101.5165456 3.0781654)",,,
5735502228,5735501514,0,"[604456552, 604456549]",False,,cycleway,215.58300000000003,"LINESTRING (101.5165456 3.0781654, 101.5165606 3.0779841, 101.5165941 3.0777725, 101.516578 3.0776881, 101.5164037 3.0775314, 101.5161938 3.0773319, 101.5156326 3.076888, 101.5156044 3.07689, 101.5155829 3.0769054, 101.5155508 3.0769275, 101.5154891 3.0769221, 101.5154355 3.0768892)",,,
5735502228,5735502237,0,"[604456549, 604456550]",False,,cycleway,97.349,"LINESTRING (101.5165456 3.0781654, 101.5165418 3.0782104, 101.5164895 3.0784608, 101.5164144 3.0785894, 101.5162857 3.0786804, 101.5160389 3.0787862)",,,
5735502228,5735502237,1,604456551,False,,cycleway,127.585,"LINESTRING (101.5165456 3.0781654, 101.5163903 3.078126, 101.5163004 3.0781113, 101.5162374 3.0780992, 101.5161891 3.0781193, 101.5159947 3.0783832, 101.5159142 3.0785211, 101.5160389 3.0787862)",,,
5735502237,5735502228,0,"[604456549, 604456550]",False,,cycleway,97.349,"LINESTRING (101.5160389 3.0787862, 101.5162857 3.0786804, 101.5164144 3.0785894, 101.5164895 3.0784608, 101.5165418 3.0782104, 101.5165456 3.0781654)",,,
5735502237,5735502228,1,604456551,False,,cycleway,127.585,"LINESTRING (101.5160389 3.0787862, 101.5159142 3.0785211, 101.5159947 3.0783832, 101.5161891 3.0781193, 101.5162374 3.0780992, 101.5163004 3.0781113, 101.5163903 3.078126, 101.5165456 3.0781654)",,,
5735502237,5735502244,0,604456550,False,,cycleway,119.877,"LINESTRING (101.5160389 3.0787862, 101.5156795 3.0789362, 101.5152906 3.0790996, 101.5152745 3.0791331, 101.5152758 3.0791786, 101.515294 3.079216, 101.5153341 3.0793121, 101.5153569 3.0793443)",,,
5735502244,5735502237,0,604456550,False,,cycleway,119.87700000000001,"LINESTRING (101.5153569 3.0793443, 101.5153341 3.0793121, 101.515294 3.079216, 101.5152758 3.0791786, 101.5152745 3.0791331, 101.5152906 3.0790996, 101.5156795 3.0789362, 101.5160389 3.0787862)",,,
5735502244,5735589238,0,612940713,False,,pedestrian,948.6980000000001,"LINESTRING (101.5153569 3.0793443, 101.5155776 3.0792509, 101.5161408 3.0789978, 101.5165848 3.0788037, 101.5167014 3.0787528, 101.5168134 3.0787461, 101.5169589 3.0787568, 101.5172178 3.0787862, 101.5178159 3.0789215, 101.5179688 3.0789242, 101.5181404 3.0788706, 101.5183201 3.0788304, 101.5184918 3.0788867, 101.5190604 3.079117, 101.5194642 3.0793451, 101.5197411 3.0795296, 101.5204651 3.0802749, 101.5205987 3.0803968, 101.5209734 3.0807452, 101.5210163 3.0807844, 101.5210995 3.0809444, 101.5211996 3.0810075, 101.5215093 3.081332, 101.521574 3.0814228, 101.5216387 3.0814874, 101.5216664 3.0815505, 101.5217034 3.0816028, 101.5217635 3.081652, 101.5223489 3.0821766, 101.5223546 3.0822266, 101.5223756 3.0822667)",,,
5735502244,5735589238,1,612940713,False,,pedestrian,2615.0779999999995,"LINESTRING (101.5153569 3.0793443, 101.5150773 3.0794625, 101.5149613 3.0795429, 101.5148386 3.0796065, 101.5143815 3.0798361, 101.5142948 3.0798797, 101.5141869 3.0799339, 101.5139052 3.0800839, 101.5137041 3.0802071, 101.5134151 3.0804166, 101.5132561 3.0805312, 101.5130679 3.0807105, 101.5128458 3.0809222, 101.5124702 3.0813534, 101.5122423 3.0816213, 101.5120465 3.0818034, 101.5118694 3.0819561, 101.511679 3.0821007, 101.5116093 3.082098, 101.5113471 3.0823597, 101.5113223 3.0823858, 101.5113089 3.0824133, 101.511298 3.082455, 101.5109078 3.0828357, 101.5108677 3.0828735, 101.5108476 3.0829292, 101.5108699 3.0829804, 101.5109346 3.0830516, 101.5121135 3.0842366, 101.5121968 3.0843423, 101.5122441 3.0843979, 101.5122879 3.0844496, 101.5124635 3.0846625, 101.5127546 3.0850817, 101.513055 3.0855088, 101.5133524 3.085964, 101.5134466 3.0861008, 101.5135539 3.086236, 101.5136383 3.086303, 101.5138033 3.0865373, 101.5140863 3.0869163, 101.5143411 3.0872551, 101.5145758 3.0875712, 101.5146334 3.0876287, 101.5147179 3.0876435, 101.5148266 3.0876261, 101.5149204 3.0875832, 101.5149781 3.0875189, 101.5150425 3.0875069, 101.515135 3.0874828, 101.5152946 3.0873877, 101.5155159 3.0872538, 101.5156285 3.0872498, 101.5156503 3.0872528, 101.5157077 3.0872323, 101.5159263 3.0870958, 101.5161864 3.0869484, 101.5163487 3.0868413, 101.5166281 3.0866335, 101.5166927 3.0865676, 101.5167282 3.0865034, 101.5167282 3.086436, 101.5167096 3.0863837, 101.5166927 3.0863482, 101.5167468 3.0863119, 101.5168059 3.0862706, 101.516833 3.0863128, 101.5168718 3.0863482, 101.5169459 3.0863918, 101.5170112 3.0864034, 101.5171614 3.0863445, 101.5176442 3.086074, 101.5177864 3.0860164, 101.5188351 3.085395, 101.519393 3.0851674, 101.5203613 3.0848058, 101.5213296 3.0844174, 101.5220055 3.084155, 101.5229443 3.0838148, 101.5232474 3.0835711, 101.5233305 3.0832952, 101.5232688 3.0830622, 101.5231723 3.0829015, 101.5229657 3.0827006, 101.5225661 3.0824007, 101.5223756 3.0822667)",,,
5898369768,6027464991,0,604456555,False,,cycleway,493.31000000000006,"LINESTRING (101.5108294 3.0802012, 101.5114366 3.0807874, 101.5118828 3.0812182, 101.5119217 3.0812409, 101.5120304 3.0812342, 101.5121578 3.0811271, 101.5129772 3.0803035, 101.5131649 3.0802058, 101.5132414 3.0801415, 101.513342 3.0800143, 101.5134211 3.0799446, 101.5136303 3.079796, 101.5141858 3.0794433)",,,
6027464991,6027464991,0,604456555,False,,cycleway,133.62,"LINESTRING (101.5141858 3.0794433, 101.5142526 3.0794009, 101.514333 3.079338, 101.5143719 3.0791317, 101.5143518 3.0790514, 101.5142781 3.0789202, 101.5142418 3.0789202, 101.514211 3.0789416, 101.5142177 3.0791251, 101.5141976 3.0792496, 101.5141858 3.0794433)",,,
6027464991,6027464991,1,604456555,False,,cycleway,133.62,"LINESTRING (101.5141858 3.0794433, 101.5141976 3.0792496, 101.5142177 3.0791251, 101.514211 3.0789416, 101.5142418 3.0789202, 101.5142781 3.0789202, 101.5143518 3.0790514, 101.5143719 3.0791317, 101.514333 3.079338, 101.5142526 3.0794009, 101.5141858 3.0794433)",,,
6027464991,5898369768,0,604456555,False,,cycleway,493.31,"LINESTRING (101.5141858 3.0794433, 101.5136303 3.079796, 101.5134211 3.0799446, 101.513342 3.0800143, 101.5132414 3.0801415, 101.5131649 3.0802058, 101.5129772 3.0803035, 101.5121578 3.0811271, 101.5120304 3.0812342, 101.5119217 3.0812409, 101.5118828 3.0812182, 101.5114366 3.0807874, 101.5108294 3.0802012)",,,
7185199782,2688375579,0,"[769751587, 405978140]",False,,cycleway,56.003,"LINESTRING (101.55651 3.0624312, 101.5565503 3.0624324, 101.5566014 3.0620136, 101.5566429 3.0620116)",,,
5735589238,5735589239,0,612940713,False,,pedestrian,16.749,"LINESTRING (101.5223756 3.0822667, 101.5224794 3.0821574)",,,
5735589238,5735502244,0,612940713,False,,pedestrian,2615.078,"LINESTRING (101.5223756 3.0822667, 101.5225661 3.0824007, 101.5229657 3.0827006, 101.5231723 3.0829015, 101.5232688 3.0830622, 101.5233305 3.0832952, 101.5232474 3.0835711, 101.5229443 3.0838148, 101.5220055 3.084155, 101.5213296 3.0844174, 101.5203613 3.0848058, 101.519393 3.0851674, 101.5188351 3.085395, 101.5177864 3.0860164, 101.5176442 3.086074, 101.5171614 3.0863445, 101.5170112 3.0864034, 101.5169459 3.0863918, 101.5168718 3.0863482, 101.516833 3.0863128, 101.5168059 3.0862706, 101.5167468 3.0863119, 101.5166927 3.0863482, 101.5167096 3.0863837, 101.5167282 3.086436, 101.5167282 3.0865034, 101.5166927 3.0865676, 101.5166281 3.0866335, 101.5163487 3.0868413, 101.5161864 3.0869484, 101.5159263 3.0870958, 101.5157077 3.0872323, 101.5156503 3.0872528, 101.5156285 3.0872498, 101.5155159 3.0872538, 101.5152946 3.0873877, 101.515135 3.0874828, 101.5150425 3.0875069, 101.5149781 3.0875189, 101.5149204 3.0875832, 101.5148266 3.0876261, 101.5147179 3.0876435, 101.5146334 3.0876287, 101.5145758 3.0875712, 101.5143411 3.0872551, 101.5140863 3.0869163, 101.5138033 3.0865373, 101.5136383 3.086303, 101.5135539 3.086236, 101.5134466 3.0861008, 101.5133524 3.085964, 101.513055 3.0855088, 101.5127546 3.0850817, 101.5124635 3.0846625, 101.5122879 3.0844496, 101.5122441 3.0843979, 101.5121968 3.0843423, 101.5121135 3.0842366, 101.5109346 3.0830516, 101.5108699 3.0829804, 101.5108476 3.0829292, 101.5108677 3.0828735, 101.5109078 3.0828357, 101.511298 3.082455, 101.5113089 3.0824133, 101.5113223 3.0823858, 101.5113471 3.0823597, 101.5116093 3.082098, 101.511679 3.0821007, 101.5118694 3.0819561, 101.5120465 3.0818034, 101.5122423 3.0816213, 101.5124702 3.0813534, 101.5128458 3.0809222, 101.5130679 3.0807105, 101.5132561 3.0805312, 101.5134151 3.0804166, 101.5137041 3.0802071, 101.5139052 3.0800839, 101.5141869 3.0799339, 101.5142948 3.0798797, 101.5143815 3.0798361, 101.5148386 3.0796065, 101.5149613 3.0795429, 101.5150773 3.0794625, 101.5153569 3.0793443)",,,
5735589238,5735502244,1,612940713,False,,pedestrian,948.6979999999999,"LINESTRING (101.5223756 3.0822667, 101.5223546 3.0822266, 101.5223489 3.0821766, 101.5217635 3.081652, 101.5217034 3.0816028, 101.5216664 3.0815505, 101.5216387 3.0814874, 101.521574 3.0814228, 101.5215093 3.081332, 101.5211996 3.0810075, 101.5210995 3.0809444, 101.5210163 3.0807844, 101.5209734 3.0807452, 101.5205987 3.0803968, 101.5204651 3.0802749, 101.5197411 3.0795296, 101.5194642 3.0793451, 101.5190604 3.079117, 101.5184918 3.0788867, 101.5183201 3.0788304, 101.5181404 3.0788706, 101.5179688 3.0789242, 101.5178159 3.0789215, 101.5172178 3.0787862, 101.5169589 3.0787568, 101.5168134 3.0787461, 101.5167014 3.0787528, 101.5165848 3.0788037, 101.5161408 3.0789978, 101.5155776 3.0792509, 101.5153569 3.0793443)",,,
5735589239,5735589238,0,612940713,False,,pedestrian,16.749,"LINESTRING (101.5224794 3.0821574, 101.5223756 3.0822667)",,,
