u,v,key,osmid,lanes,name,highway,maxspeed,oneway,length,geometry,junction,access,service
15092712,5523273652,0,8000969,2,Echaurren,residential,30,False,63.419,"LINESTRING (-70.66600889999999 -33.4572478, -70.6660502 -33.4566785)",,,
130019129,1841288591,0,518061195,2,José Victorino Lastarria,residential,30,True,14.849,"LINESTRING (-70.6411379 -33.4390202, -70.6411342 -33.4388867)",,,
130019545,130019135,0,518061195,2,José Victorino Lastarria,residential,30,True,35.995,"LINESTRING (-70.64108640000001 -33.4382161, -70.6410558 -33.4378934)",,,
141061381,609286319,0,14421616,2,Domeyko,residential,30,False,43.384,"LINESTRING (-70.66496770000001 -33.4564229, -70.66542629999999 -33.4564993)",,,
149809200,6097109338,0,399499076,2,Lord Cochrane,tertiary,30,True,31.293,"LINESTRING (-70.6540844 -33.4544336, -70.6541206 -33.4541538)",,,
253282017,265688239,0,726515491,2,Avenida Ricardo Cumming,primary,30,True,77.462,"LINESTRING (-70.66769480000001 -33.4451832, -70.6677519 -33.4444882)",,,
253282023,6809887189,0,726515491,2,Avenida Ricardo Cumming,primary,30,True,131.618,"LINESTRING (-70.66779459999999 -33.4437754, -70.6678879 -33.4425943)",,,
253282032,605144029,0,726515491,2,Avenida Ricardo Cumming,primary,30,True,91.05,"LINESTRING (-70.6675852 -33.4463578, -70.66766079999999 -33.4455414)",,,
253348617,6214699479,0,399499076,2,Lord Cochrane,tertiary,30,True,166.838,"LINESTRING (-70.65518849999999 -33.4468621, -70.65545849999999 -33.4453787)",,,
253348621,253348617,0,399499076,2,Lord Cochrane,tertiary,30,True,124.479,"LINESTRING (-70.6550144 -33.4479721, -70.65518849999999 -33.4468621)",,,
253348622,253348621,0,399499076,2,Lord Cochrane,tertiary,30,True,112.459,"LINESTRING (-70.6548597 -33.4489752, -70.6550144 -33.4479721)",,,
253348623,253348622,0,399499076,2,Lord Cochrane,tertiary,30,True,153.809,"LINESTRING (-70.6546397 -33.4503462, -70.6548597 -33.4489752)",,,
253348624,253348623,0,399499076,2,Lord Cochrane,tertiary,30,True,88.78,"LINESTRING (-70.6545053 -33.4511367, -70.6546397 -33.4503462)",,,
253348626,512785349,0,399499076,2,Lord Cochrane,tertiary,30,True,32.295,"LINESTRING (-70.6542695 -33.4528587, -70.6542974 -33.4525692)",,,
253348627,253348626,0,399499076,2,Lord Cochrane,tertiary,30,True,77.271,"LINESTRING (-70.6541907 -33.4535505, -70.6542695 -33.4528587)",,,
253348628,6040575536,0,399499076,2,Lord Cochrane,tertiary,30,True,64.611,"LINESTRING (-70.653907 -33.4559615, -70.6539748 -33.4553832)",,,
253348629,4473692856,0,399499076,2,Lord Cochrane,tertiary,30,True,96.542,"LINESTRING (-70.65370609999999 -33.4576332, -70.65379969999999 -33.4567685)",,,
253348630,253348629,0,399499076,2,Lord Cochrane,tertiary,30,True,117.211,"LINESTRING (-70.6535921 -33.458683, -70.65370609999999 -33.4576332)",,,
253348631,253348630,0,399499076,2,Lord Cochrane,tertiary,30,True,146.477,"LINESTRING (-70.6534089 -33.4599914, -70.6535921 -33.458683)",,,
253359489,253348631,0,399499076,2,Lord Cochrane,tertiary,30,True,20.835,"LINESTRING (-70.65338079999999 -33.4601773, -70.6534089 -33.4599914)",,,
253359492,253359489,0,399499076,2,Lord Cochrane,tertiary,30,True,127.036,"LINESTRING (-70.6532533 -33.4613148, -70.65338079999999 -33.4601773)",,,
253359495,4458314595,0,399499076,2,Lord Cochrane,tertiary,30,True,85.327,"LINESTRING (-70.6531006 -33.4626091, -70.653184 -33.4618449)",,,
253411536,253411539,0,448540429,2,Avenida Ricardo Cumming,primary,30,True,126.234,"LINESTRING (-70.6678926 -33.4425626, -70.6681349 -33.4414455)",,,
253411539,4455192257,0,448540429,2,Avenida Ricardo Cumming,primary,30,True,58.926,"LINESTRING (-70.6681349 -33.4414455, -70.6682416 -33.4409231)",,,
254346560,254346563,0,448540429,2,Avenida Ricardo Cumming,primary,30,True,126.668,"LINESTRING (-70.66847129999999 -33.439157, -70.66857109999999 -33.4380209)",,,
254346563,254346688,0,447780991,2,Avenida Ricardo Cumming,primary,30,True,42.72,"LINESTRING (-70.66857109999999 -33.4380209, -70.66861160000001 -33.4376382)",,,
254346565,254346567,0,447780991,2,Avenida Ricardo Cumming,primary,30,True,192.122,"LINESTRING (-70.6686972 -33.4366456, -70.66885449999999 -33.4349228)",,,
254346567,254346794,0,447780991,2,Avenida Ricardo Cumming,primary,30,True,124.943,"LINESTRING (-70.66885449999999 -33.4349228, -70.6689686 -33.4338032)",,,
254346570,264248193,0,447780991,2,Avenida Ricardo Cumming,primary,30,True,40.476,"LINESTRING (-70.6691946 -33.4313953, -70.66923300000001 -33.4310327)",,,
254346572,4448304861,0,447780985,2,Avenida Ricardo Cumming,primary,30,True,31.588,"LINESTRING (-70.6693341 -33.4299937, -70.66936370000001 -33.4297107)",,,
254346688,254346565,0,447780991,2,Avenida Ricardo Cumming,primary,30,True,110.658,"LINESTRING (-70.66861160000001 -33.4376382, -70.6686972 -33.4366456)",,,
254346739,264246765,0,447780991,2,Avenida Ricardo Cumming,primary,30,True,47.926,"LINESTRING (-70.6691208 -33.4321334, -70.66916809999999 -33.4317042)",,,
254346794,605145758,0,447780991,2,Avenida Ricardo Cumming,primary,30,True,29.182,"LINESTRING (-70.6689686 -33.4338032, -70.6689937 -33.4335416)",,,
264246765,254346570,0,447780991,2,Avenida Ricardo Cumming,primary,30,True,34.436,"LINESTRING (-70.66916809999999 -33.4317042, -70.6691946 -33.4313953)",,,
264248193,264248197,0,447780985,2,Avenida Ricardo Cumming,primary,30,True,40.256,"LINESTRING (-70.66923300000001 -33.4310327, -70.6692657 -33.4306717)",,,
264248197,264248234,0,447780985,2,Avenida Ricardo Cumming,primary,30,True,35.104,"LINESTRING (-70.6692657 -33.4306717, -70.6692958 -33.430357)",,,
264248234,254346572,0,447780985,2,Avenida Ricardo Cumming,primary,30,True,40.553,"LINESTRING (-70.6692958 -33.430357, -70.6693341 -33.4299937)",,,
265665161,2162934189,0,399499076,2,Lord Cochrane,tertiary,30,True,62.426,"LINESTRING (-70.6521766 -33.4701705, -70.65223349999999 -33.4696111)",,,
265668129,5131081529,0,399499076,2,Lord Cochrane,tertiary,30,True,133.087,"LINESTRING (-70.6528843 -33.464201, -70.6530334 -33.4630106)",,,
265668365,5785170568,0,399499076,2,Lord Cochrane,tertiary,30,True,253.014,"LINESTRING (-70.6525876 -33.4665245, -70.65287549999999 -33.4642618)",,,
265679605,663087894,0,399499076,2,Lord Cochrane,tertiary,30,True,51.88,"LINESTRING (-70.6522916 -33.4690434, -70.652349 -33.4685793)",,,
265688239,253282023,0,726515491,2,Avenida Ricardo Cumming,primary,30,True,79.359,"LINESTRING (-70.6677519 -33.4444882, -70.66779459999999 -33.4437754)",,,
265688323,5268807080,0,23406233,2,Avenida Ricardo Cumming,primary,30,True,18.696,"LINESTRING (-70.66797 -33.448066, -70.6678004 -33.4479752)",,,
457453515,6215412778,0,13858321,2,José Victorino Lastarria,residential,30,True,5.417,"LINESTRING (-70.6411954 -33.4397761, -70.6412054 -33.4397281)",,,
457453516,1841288596,0,13858321,2,José Victorino Lastarria,residential,30,True,21.172,"LINESTRING (-70.6412038 -33.4396789, -70.6411816 -33.4394894)",,,
512785100,2296016646,0,399499076,2,Lord Cochrane,tertiary,30,True,25.732,"LINESTRING (-70.6543822 -33.4519714, -70.6544178 -33.4517419)",,,
512785188,512785100,0,399499076,2,Lord Cochrane,tertiary,30,True,30.422,"LINESTRING (-70.6543417 -33.4522429, -70.6543822 -33.4519714)",,,
512785349,512785188,0,399499076,2,Lord Cochrane,tertiary,30,True,36.515,"LINESTRING (-70.6542974 -33.4525692, -70.6543417 -33.4522429)",,,
560073671,6071898825,0,44061474,4,Nueva Centenario,tertiary,30,False,6.61,"LINESTRING (-70.6552167 -33.4761737, -70.65526920000001 -33.4762139)",,,
560073671,6071898826,0,44061474,4,Nueva Centenario,tertiary,30,False,3.625,"LINESTRING (-70.6552167 -33.4761737, -70.65518899999999 -33.4761507)",,,
560073672,6071898822,0,44061474,4,Nueva Centenario,tertiary,30,False,7.712,"LINESTRING (-70.6554641 -33.4762871, -70.6555465 -33.4762964)",,,
560073672,4389876462,0,44061474,4,Nueva Centenario,tertiary,30,False,5.598,"LINESTRING (-70.6554641 -33.4762871, -70.6554052 -33.4762761)",,,
560073673,560073675,0,44061474,4,Nueva Centenario,tertiary,30,False,58.115,"LINESTRING (-70.65594520000001 -33.4762719, -70.6565636 -33.4761877)",,,
560073673,6071898828,0,44061474,4,Nueva Centenario,tertiary,30,False,23.764,"LINESTRING (-70.65594520000001 -33.4762719, -70.6556902 -33.4762927)",,,
560073675,6071898821,0,44061474,4,Nueva Centenario,tertiary,30,False,36.066,"LINESTRING (-70.6565636 -33.4761877, -70.6569494 -33.4761471)",,,
560073675,560073673,0,44061474,4,Nueva Centenario,tertiary,30,False,58.115,"LINESTRING (-70.6565636 -33.4761877, -70.65594520000001 -33.4762719)",,,
560073677,4389876459,0,44061474,4,Nueva Centenario,tertiary,30,False,161.822,"LINESTRING (-70.65927979999999 -33.4759243, -70.6610135 -33.475761)",,,
560073677,4504697056,0,44061474,4,Nueva Centenario,tertiary,30,False,156.969,"LINESTRING (-70.65927979999999 -33.4759243, -70.65759850000001 -33.4760857)",,,
560073678,560073680,0,44061474,4,Nueva Centenario,tertiary,30,False,16.261,"LINESTRING (-70.6616691 -33.4757148, -70.6618443 -33.4757093)",,,
560073678,6071898829,0,44061474,4,Nueva Centenario,tertiary,30,False,12.919,"LINESTRING (-70.6616691 -33.4757148, -70.66153 -33.4757209)",,,
560073680,6071898830,0,44061474,4,Nueva Centenario,tertiary,30,False,31.479,"LINESTRING (-70.6618443 -33.4757093, -70.6621837 -33.4757087)",,,
560073680,560073678,0,44061474,4,Nueva Centenario,tertiary,30,False,16.261,"LINESTRING (-70.6618443 -33.4757093, -70.6616691 -33.4757148)",,,
560073681,2294204128,0,44061474,4,Nueva Centenario,tertiary,30,False,98.371,"LINESTRING (-70.6636651 -33.4757378, -70.66472570000001 -33.4757398)",,,
560073681,6071898830,0,44061474,4,Nueva Centenario,tertiary,30,False,137.438,"LINESTRING (-70.6636651 -33.4757378, -70.6621837 -33.4757087)",,,
605144029,253282017,0,726515491,2,Avenida Ricardo Cumming,primary,30,True,39.955,"LINESTRING (-70.66766079999999 -33.4455414, -70.66769480000001 -33.4451832)",,,
605145758,4448461355,0,447780991,2,Avenida Ricardo Cumming,primary,30,True,58.452,"LINESTRING (-70.6689937 -33.4335416, -70.6690424 -33.4330175)",,,
609286193,609286195,0,47545277,2,San Emilio,residential,15,False,67.648,"LINESTRING (-70.66428790000001 -33.4543316, -70.6650157 -33.454369)",,,
609286195,609286193,0,47545277,2,San Emilio,residential,15,False,67.648,"LINESTRING (-70.6650157 -33.454369, -70.66428790000001 -33.4543316)",,,
609286248,4455574703,0,47545275,2,Pasaje Nueva 1,residential,15,False,12.413,"LINESTRING (-70.6656278 -33.4571772, -70.66565559999999 -33.457068)",,,
609286250,6014182429,0,14421616,2,Domeyko,residential,30,False,18.604,"LINESTRING (-70.66577599999999 -33.4565641, -70.66557950000001 -33.4565307)",,,
609286250,6014182427,0,14421616,2,Domeyko,residential,30,False,19.553,"LINESTRING (-70.66577599999999 -33.4565641, -70.6659813 -33.4566039)",,,
609286250,4455574703,0,47545275,2,Pasaje Nueva 1,residential,15,False,57.134,"LINESTRING (-70.66577599999999 -33.4565641, -70.66565559999999 -33.457068)",,,
609286270,4455574704,0,47545274,2,Pasaje Nueva 2,residential,15,False,10.382,"LINESTRING (-70.6652911 -33.4571152, -70.6653156 -33.4570241)",,,
609286319,141061381,0,14421616,2,Domeyko,residential,30,False,43.384,"LINESTRING (-70.66542629999999 -33.4564993, -70.66496770000001 -33.4564229)",,,
609286319,6014182429,0,14421616,2,Domeyko,residential,30,False,14.635,"LINESTRING (-70.66542629999999 -33.4564993, -70.66557950000001 -33.4565307)",,,
609286319,4455574704,0,47545274,2,Pasaje Nueva 2,residential,15,False,59.252,"LINESTRING (-70.66542629999999 -33.4564993, -70.6653156 -33.4570241)",,,
609289215,3331853462,0,675481988,,,secondary,20,True,2.963,"LINESTRING (-70.66385630000001 -33.4585436, -70.6638638 -33.4585177)",roundabout,,
609289233,609289235,0,675481988,,,secondary,20,True,3.049,"LINESTRING (-70.6638808 -33.458495, -70.6639064 -33.4584778)",roundabout,,
609289235,7671726653,0,675481988,,,secondary,20,True,3.288,"LINESTRING (-70.6639064 -33.4584778, -70.66393909999999 -33.4584664)",roundabout,,
609289244,3331853470,0,675481988,,,secondary,20,True,2.469,"LINESTRING (-70.66404559999999 -33.458516, -70.6640531 -33.4585373)",roundabout,,
609289246,3331853450,0,675481988,,,secondary,20,True,2.468,"LINESTRING (-70.66405349999999 -33.4585595, -70.6640469 -33.458581)",roundabout,,
612588146,130019129,0,13858321,2,José Victorino Lastarria,residential,30,True,40.554,"LINESTRING (-70.64117039999999 -33.4393839, -70.6411379 -33.4390202)",,,
663087894,5785170581,0,399499076,2,Lord Cochrane,tertiary,30,True,215.761,"LINESTRING (-70.652349 -33.4685793, -70.65257130000001 -33.4666478)",,,
663092761,149809200,0,399499076,2,Lord Cochrane,tertiary,30,True,42.396,"LINESTRING (-70.65403910000001 -33.454813, -70.6540844 -33.4544336)",,,
663092766,663092761,0,399499076,2,Lord Cochrane,tertiary,30,True,50.229,"LINESTRING (-70.653988 -33.4552627, -70.65403910000001 -33.454813)",,,
1071220646,5027727663,0,629534342,2,Lord Cochrane,tertiary,30,True,15.5,"LINESTRING (-70.6556101 -33.4449464, -70.655619 -33.4448072)",,,
1279505078,130334912,0,367876780,,Mosqueto,residential,20,True,137.317,"LINESTRING (-70.64437049999999 -33.4365955, -70.644221 -33.4378241)",,,
1390397208,6708913966,0,158577338,,Cerro Santa Lucía,service,30,False,3.692,"LINESTRING (-70.64320789999999 -33.4388109, -70.6431765 -33.4388313)",,private,
1390397208,5264788843,0,158577338,,Cerro Santa Lucía,service,30,False,4.2,"LINESTRING (-70.64320789999999 -33.4388109, -70.6432475 -33.4387926)",,private,
1390397213,6708913968,0,158577338,,Cerro Santa Lucía,service,30,False,3.465,"LINESTRING (-70.6432325 -33.439002, -70.6432698 -33.4390006)",,private,
1390397213,6708878881,0,158577338,,Cerro Santa Lucía,service,30,False,3.048,"LINESTRING (-70.6432325 -33.439002, -70.6432009 -33.4390095)",,private,
1390397215,6708878875,0,158577338,,Cerro Santa Lucía,service,30,False,10.792,"LINESTRING (-70.6429997 -33.4409199, -70.643049 -33.4410078)",,private,
1390397215,6708878874,0,158577338,,Cerro Santa Lucía,service,30,False,15.266,"LINESTRING (-70.6429997 -33.4409199, -70.64293929999999 -33.4407922)",,private,
1390397216,6708913978,0,158577338,,Cerro Santa Lucía,service,30,False,7.488,"LINESTRING (-70.6445181 -33.4410081, -70.6445358 -33.4409424)",,private,
1390397216,1390397246,0,158577338,,Cerro Santa Lucía,service,30,False,10.584,"LINESTRING (-70.6445181 -33.4410081, -70.6444884 -33.4411)",,private,
1390397219,6708878874,0,158577338,,Cerro Santa Lucía,service,30,False,14.355,"LINESTRING (-70.6428844 -33.4406715, -70.64293929999999 -33.4407922)",,private,
1390397219,5272846296,0,158577338,,Cerro Santa Lucía,service,30,False,16.014,"LINESTRING (-70.6428844 -33.4406715, -70.64282830000001 -33.4405353)",,private,
1390397220,6708913970,0,158577338,,Cerro Santa Lucía,service,30,False,6.395,"LINESTRING (-70.6427099 -33.4399083, -70.64270399999999 -33.4399656)",,private,
1390397220,6708913969,0,158577338,,Cerro Santa Lucía,service,30,False,5.765,"LINESTRING (-70.6427099 -33.4399083, -70.6427159 -33.4398567)",,private,
1390397222,6325454308,0,158577338,,Cerro Santa Lucía,service,30,False,4.321,"LINESTRING (-70.6433756 -33.4387878, -70.64333000000001 -33.4387799)",,private,
1390397222,6708878879,0,158577338,,Cerro Santa Lucía,service,30,False,3.879,"LINESTRING (-70.6433756 -33.4387878, -70.6434101 -33.4388075)",,private,
1390397223,5272846302,0,158577338,,Cerro Santa Lucía,service,30,False,17.637,"LINESTRING (-70.6429225 -33.4393544, -70.6428471 -33.4395)",,private,
1390397223,1390397253,0,158577338,,Cerro Santa Lucía,service,30,False,35.708,"LINESTRING (-70.6429225 -33.4393544, -70.64305299999999 -33.4390523)",,private,
1390397230,6708878882,0,158577338,,Cerro Santa Lucía,service,30,False,2.759,"LINESTRING (-70.64316839999999 -33.4390415, -70.6431826 -33.4390197)",,private,
1390397230,6708901490,0,158577338,,Cerro Santa Lucía,service,30,False,56.918,"LINESTRING (-70.64316839999999 -33.4390415, -70.6430415 -33.4395423)",,private,
1390397236,5873610985,0,158577338,,Cerro Santa Lucía,service,30,False,12.907,"LINESTRING (-70.6444875 -33.4402932, -70.64458689999999 -33.440212)",,private,
1390397236,6708913984,0,158577338,,Cerro Santa Lucía,service,30,False,4.17,"LINESTRING (-70.6444875 -33.4402932, -70.644459 -33.4403222)",,private,
1390397238,5272846297,0,158577338,,Cerro Santa Lucía,service,30,False,7.289,"LINESTRING (-70.6445535 -33.4408683, -70.64456370000001 -33.4408033)",,private,
1390397238,6708913978,0,158577338,,Cerro Santa Lucía,service,30,False,8.402,"LINESTRING (-70.6445535 -33.4408683, -70.6445358 -33.4409424)",,private,
1390397240,6708878805,0,158577338,,Cerro Santa Lucía,service,30,False,13.012,"LINESTRING (-70.6439798 -33.4415078, -70.64412 -33.4415051)",,private,
1390397240,6708917888,0,158577338,,Cerro Santa Lucía,service,30,False,6.514,"LINESTRING (-70.6439798 -33.4415078, -70.6439096 -33.4415081)",,private,
1390397245,5272846301,0,158577338,,Cerro Santa Lucía,service,30,False,15.233,"LINESTRING (-70.64280220000001 -33.4396217, -70.64276049999999 -33.4397542)",,private,
1390397245,5272846302,0,158577338,,Cerro Santa Lucía,service,30,False,14.159,"LINESTRING (-70.64280220000001 -33.4396217, -70.6428471 -33.4395)",,private,
1390397246,1390397216,0,158577338,,Cerro Santa Lucía,service,30,False,10.584,"LINESTRING (-70.6444884 -33.4411, -70.6445181 -33.4410081)",,private,
1390397246,1390397248,0,158577338,,Cerro Santa Lucía,service,30,False,23.38,"LINESTRING (-70.6444884 -33.4411, -70.64442409999999 -33.4413033)",,private,
1390397247,6325454314,0,158577338,,Cerro Santa Lucía,service,30,False,8.617,"LINESTRING (-70.6427154 -33.440151, -70.6427302 -33.4402275)",,private,
1390397247,6708913971,0,158577338,,Cerro Santa Lucía,service,30,False,6.825,"LINESTRING (-70.6427154 -33.440151, -70.6427072 -33.44009)",,private,
1390397248,1390397246,0,158577338,,Cerro Santa Lucía,service,30,False,23.38,"LINESTRING (-70.64442409999999 -33.4413033, -70.6444884 -33.4411)",,private,
1390397248,5264788842,0,158577338,,Cerro Santa Lucía,service,30,False,8.604,"LINESTRING (-70.64442409999999 -33.4413033, -70.6443951 -33.4413768)",,private,
1390397250,6708878869,0,158577338,,Cerro Santa Lucía,service,30,False,6.807,"LINESTRING (-70.6432547 -33.4412276, -70.6433062 -33.4412712)",,private,
1390397250,6708878872,0,158577338,,Cerro Santa Lucía,service,30,False,5.783,"LINESTRING (-70.6432547 -33.4412276, -70.6432136 -33.4411885)",,private,
1390397253,1390397223,0,158577338,,Cerro Santa Lucía,service,30,False,35.708,"LINESTRING (-70.64305299999999 -33.4390523, -70.6429225 -33.4393544)",,private,
1390397253,6708913965,0,158577338,,Cerro Santa Lucía,service,30,False,17.374,"LINESTRING (-70.64305299999999 -33.4390523, -70.6431197 -33.4389063)",,private,
1390397256,6708878878,0,158577338,,Cerro Santa Lucía,service,30,False,4.636,"LINESTRING (-70.6433794 -33.4389817, -70.6434136 -33.4389513)",,private,
1390397256,6708901492,0,158577338,,Cerro Santa Lucía,service,30,False,2.793,"LINESTRING (-70.6433794 -33.4389817, -70.6433535 -33.4389945)",,private,
1390397258,1390397259,0,158577338,,Cerro Santa Lucía,service,30,False,4.37,"LINESTRING (-70.6434387 -33.4389119, -70.6434435 -33.4388728)",,private,
1390397258,6708878878,0,158577338,,Cerro Santa Lucía,service,30,False,4.962,"LINESTRING (-70.6434387 -33.4389119, -70.6434136 -33.4389513)",,private,
1390397259,6708901493,0,158577338,,Cerro Santa Lucía,service,30,False,4.658,"LINESTRING (-70.6434435 -33.4388728, -70.6434332 -33.4388318)",,private,
1390397259,1390397258,0,158577338,,Cerro Santa Lucía,service,30,False,4.37,"LINESTRING (-70.6434435 -33.4388728, -70.6434387 -33.4389119)",,private,
1390397262,1390398612,0,158577338,,Cerro Santa Lucía,service,30,False,8.489,"LINESTRING (-70.64451579999999 -33.4405327, -70.6444915 -33.4404591)",,private,
1390397262,6708913980,0,158577338,,Cerro Santa Lucía,service,30,False,8.132,"LINESTRING (-70.64451579999999 -33.4405327, -70.6445363 -33.4406038)",,private,
1390397264,6708878866,0,158577338,,Cerro Santa Lucía,service,30,False,5.889,"LINESTRING (-70.6435194 -33.4414227, -70.6435735 -33.4414504)",,private,
1390397264,6708878868,0,158577338,,Cerro Santa Lucía,service,30,False,5.659,"LINESTRING (-70.6435194 -33.4414227, -70.6434697 -33.4413932)",,private,
1390397265,6708913973,0,158577338,,Cerro Santa Lucía,service,30,False,5.485,"LINESTRING (-70.64367110000001 -33.4414877, -70.6437287 -33.4414988)",,private,
1390397265,5264788839,0,158577338,,Cerro Santa Lucía,service,30,False,4.763,"LINESTRING (-70.64367110000001 -33.4414877, -70.64362319999999 -33.4414723)",,private,
1390397267,5272846296,0,158577338,,Cerro Santa Lucía,service,30,False,13.139,"LINESTRING (-70.64278729999999 -33.4404222, -70.64282830000001 -33.4405353)",,private,
1390397267,5272846300,0,158577338,,Cerro Santa Lucía,service,30,False,13.683,"LINESTRING (-70.64278729999999 -33.4404222, -70.6427521 -33.4403027)",,private,
1390397268,5264788842,0,158577338,,Cerro Santa Lucía,service,30,False,5.014,"LINESTRING (-70.6443711 -33.4414172, -70.6443951 -33.4413768)",,private,
1390397268,6708913975,0,158577338,,Cerro Santa Lucía,service,30,False,5.066,"LINESTRING (-70.6443711 -33.4414172, -70.6443381 -33.4414535)",,private,
1390398612,6708917886,0,158577338,,Cerro Santa Lucía,service,30,False,4.02,"LINESTRING (-70.6444915 -33.4404591, -70.6444778 -33.4404248)",,private,
1390398612,1390397262,0,158577338,,Cerro Santa Lucía,service,30,False,8.489,"LINESTRING (-70.6444915 -33.4404591, -70.64451579999999 -33.4405327)",,private,
1609778077,6071898827,0,44061474,4,Nueva Centenario,tertiary,30,False,15.701,"LINESTRING (-70.6550484 -33.4759034, -70.6551039 -33.4760368)",,,
1609778077,4389876458,0,44061474,4,Nueva Centenario,tertiary,30,False,21.737,"LINESTRING (-70.6550484 -33.4759034, -70.6549881 -33.4757145)",,,
1841288591,1841288598,0,518061195,2,José Victorino Lastarria,residential,30,True,18.886,"LINESTRING (-70.6411342 -33.4388867, -70.64112129999999 -33.4387172)",,,
1841288596,612588146,0,13858321,2,José Victorino Lastarria,residential,30,True,11.777,"LINESTRING (-70.6411816 -33.4394894, -70.64117039999999 -33.4393839)",,,
1841288598,130019545,0,518061195,2,José Victorino Lastarria,residential,30,True,55.814,"LINESTRING (-70.64112129999999 -33.4387172, -70.64108640000001 -33.4382161)",,,
2018986953,6708913977,0,158577338,,Cerro Santa Lucía,service,30,False,3.878,"LINESTRING (-70.64421609999999 -33.4415028, -70.6442576 -33.4414987)",,private,
2018986953,6708913974,0,158577338,,Cerro Santa Lucía,service,30,False,4.041,"LINESTRING (-70.64421609999999 -33.4415028, -70.6441726 -33.4415046)",,private,
2162934189,265679605,0,399499076,2,Lord Cochrane,tertiary,30,True,63.355,"LINESTRING (-70.65223349999999 -33.4696111, -70.6522916 -33.4690434)",,,
2294204128,560073681,0,44061474,4,Nueva Centenario,tertiary,30,False,98.371,"LINESTRING (-70.66472570000001 -33.4757398, -70.6636651 -33.4757378)",,,
2296016646,5300204161,0,399499076,2,Lord Cochrane,tertiary,30,True,10.945,"LINESTRING (-70.6544178 -33.4517419, -70.65443 -33.451644)",,,
2426354303,2426354341,0,234379841,,,service,20,False,3.189,"LINESTRING (-70.6510006 -33.4535608, -70.6509762 -33.453581)",,private,
2426354303,2426354345,0,234379841,,,service,20,False,2.815,"LINESTRING (-70.6510006 -33.4535608, -70.65102450000001 -33.4535452)",,private,
2426354311,2426354400,0,234379841,,,service,20,False,1.817,"LINESTRING (-70.6509655 -33.4536011, -70.6509593 -33.4536166)",,private,
2426354311,2426354341,0,234379841,,,service,20,False,2.446,"LINESTRING (-70.6509655 -33.4536011, -70.6509762 -33.453581)",,private,
2426354335,2426354355,0,234379840,,Condominio Parque Almagro,service,20,True,78.275,"LINESTRING (-70.6507735 -33.452881, -70.6506737 -33.45358)",,private,driveway
2426354341,2426354311,0,234379841,,,service,20,False,2.446,"LINESTRING (-70.6509762 -33.453581, -70.6509655 -33.4536011)",,private,
2426354341,2426354303,0,234379841,,,service,20,False,3.189,"LINESTRING (-70.6509762 -33.453581, -70.6510006 -33.4535608)",,private,
2426354345,2426354303,0,234379841,,,service,20,False,2.815,"LINESTRING (-70.65102450000001 -33.4535452, -70.6510006 -33.4535608)",,private,
2426354345,2426354436,0,234379841,,,service,20,False,3.496,"LINESTRING (-70.65102450000001 -33.4535452, -70.6510617 -33.4535402)",,private,
2426354349,2426354494,0,234379841,,,service,20,False,2.723,"LINESTRING (-70.65095890000001 -33.453645, -70.65096339999999 -33.4536692)",,private,
2426354349,2426354400,0,234379841,,,service,20,False,3.158,"LINESTRING (-70.65095890000001 -33.453645, -70.6509593 -33.4536166)",,private,
2426354355,4464079198,0,234379840,,Condominio Parque Almagro,service,20,True,61.208,"LINESTRING (-70.6506737 -33.45358, -70.65058449999999 -33.4541254)",,private,driveway
2426354374,2426354436,0,234379841,,,service,20,False,47.065,"LINESTRING (-70.65156159999999 -33.4536123, -70.6510617 -33.4535402)",,private,
2426354388,2426354440,0,234379841,,,service,20,False,47.263,"LINESTRING (-70.6510224 -33.4537194, -70.6515244 -33.4537918)",,private,
2426354388,2426354480,0,234379841,,,service,20,False,2.906,"LINESTRING (-70.6510224 -33.4537194, -70.65099530000001 -33.4537063)",,private,
2426354400,2426354349,0,234379841,,,service,20,False,3.158,"LINESTRING (-70.6509593 -33.4536166, -70.65095890000001 -33.453645)",,private,
2426354400,2426354311,0,234379841,,,service,20,False,1.817,"LINESTRING (-70.6509593 -33.4536166, -70.6509655 -33.4536011)",,private,
2426354432,2426354480,0,234379841,,,service,20,False,1.941,"LINESTRING (-70.6509819 -33.4536929, -70.65099530000001 -33.4537063)",,private,
2426354432,2426354494,0,234379841,,,service,20,False,3.145,"LINESTRING (-70.6509819 -33.4536929, -70.65096339999999 -33.4536692)",,private,
2426354436,2426354345,0,234379841,,,service,20,False,3.496,"LINESTRING (-70.6510617 -33.4535402, -70.65102450000001 -33.4535452)",,private,
2426354436,2426354374,0,234379841,,,service,20,False,47.065,"LINESTRING (-70.6510617 -33.4535402, -70.65156159999999 -33.4536123)",,private,
2426354440,2426354388,0,234379841,,,service,20,False,47.263,"LINESTRING (-70.6515244 -33.4537918, -70.6510224 -33.4537194)",,private,
2426354480,2426354388,0,234379841,,,service,20,False,2.906,"LINESTRING (-70.65099530000001 -33.4537063, -70.6510224 -33.4537194)",,private,
2426354480,2426354432,0,234379841,,,service,20,False,1.941,"LINESTRING (-70.65099530000001 -33.4537063, -70.6509819 -33.4536929)",,private,
2426354494,2426354432,0,234379841,,,service,20,False,3.145,"LINESTRING (-70.65096339999999 -33.4536692, -70.6509819 -33.4536929)",,private,
2426354494,2426354349,0,234379841,,,service,20,False,2.723,"LINESTRING (-70.65096339999999 -33.4536692, -70.65095890000001 -33.453645)",,private,
2792557261,6100847003,0,274554349,1,,motorway_link,30,True,79.078,"LINESTRING (-70.6598742 -33.4396034, -70.66002659999999 -33.4403031)",,,
3331853450,3331853453,0,675481988,,,secondary,20,True,2.066,"LINESTRING (-70.6640469 -33.458581, -70.6640362 -33.4585973)",roundabout,,
3331853451,3331853468,0,675481988,,,secondary,20,True,3.006,"LINESTRING (-70.6639729 -33.4586311, -70.6639405 -33.4586315)",roundabout,,
3331853453,6231484045,0,675481988,,,secondary,20,True,2.067,"LINESTRING (-70.6640362 -33.4585973, -70.6640214 -33.4586112)",roundabout,,
3331853454,3331853451,0,675481988,,,secondary,20,True,2.996,"LINESTRING (-70.6640033 -33.458622, -70.6639729 -33.4586311)",roundabout,,
3331853462,609289233,0,675481988,,,secondary,20,True,2.976,"LINESTRING (-70.6638638 -33.4585177, -70.6638808 -33.458495)",roundabout,,
3331853468,6231484047,0,675481988,,,secondary,20,True,3.003,"LINESTRING (-70.6639405 -33.4586315, -70.6639097 -33.4586232)",roundabout,,
3331853470,609289246,0,675481988,,,secondary,20,True,2.469,"LINESTRING (-70.6640531 -33.4585373, -70.66405349999999 -33.4585595)",roundabout,,
3402877558,6708901490,0,158577338,,Cerro Santa Lucía,service,30,False,11.221,"LINESTRING (-70.6430282 -33.4396426, -70.6430415 -33.4395423)",,private,
3402877558,6708901491,0,158577338,,Cerro Santa Lucía,service,30,False,9.319,"LINESTRING (-70.6430282 -33.4396426, -70.64302309999999 -33.4397263)",,private,
3402877559,6708901488,0,158577338,,Cerro Santa Lucía,service,30,False,14.531,"LINESTRING (-70.64303 -33.4400087, -70.64302170000001 -33.4398782)",,private,
3402877559,3402877562,0,158577338,,Cerro Santa Lucía,service,30,False,12.686,"LINESTRING (-70.64303 -33.4400087, -70.6430488 -33.4401217)",,private,
3402877562,3402877559,0,158577338,,Cerro Santa Lucía,service,30,False,12.686,"LINESTRING (-70.6430488 -33.4401217, -70.64303 -33.4400087)",,private,
3402877562,6708878883,0,158577338,,Cerro Santa Lucía,service,30,False,11.969,"LINESTRING (-70.6430488 -33.4401217, -70.64305539999999 -33.4402292)",,private,
3402877573,6708917896,0,158577338,,Cerro Santa Lucía,service,30,False,5.041,"LINESTRING (-70.64313110000001 -33.4404788, -70.6431331 -33.4404335)",,private,
3402877573,6708917894,0,158577338,,Cerro Santa Lucía,service,30,False,5.194,"LINESTRING (-70.64313110000001 -33.4404788, -70.6431324 -33.4405255)",,private,
3901844305,3901844306,0,386824712,,Teresa Clark,residential,15,False,60.234,"LINESTRING (-70.66505340000001 -33.4504044, -70.66502300000001 -33.4509455)",,,
3901844306,3901844305,0,386824712,,Teresa Clark,residential,15,False,60.234,"LINESTRING (-70.66502300000001 -33.4509455, -70.66505340000001 -33.4504044)",,,
4388237574,4388237575,0,274554349,1,,motorway_link,30,True,19.675,"LINESTRING (-70.6602202 -33.4408327, -70.66028489999999 -33.4410012)",,,
4388237575,2792557264,0,274554349,1,,motorway_link,30,True,11.537,"LINESTRING (-70.66028489999999 -33.4410012, -70.66034550000001 -33.4410918)",,,
4389876458,1609778077,0,44061474,4,Nueva Centenario,tertiary,30,False,21.737,"LINESTRING (-70.6549881 -33.4757145, -70.6550484 -33.4759034)",,,
4389876459,6071898820,0,44061474,4,Nueva Centenario,tertiary,30,False,36.792,"LINESTRING (-70.6610135 -33.475761, -70.6614082 -33.475728)",,,
4389876459,560073677,0,44061474,4,Nueva Centenario,tertiary,30,False,161.822,"LINESTRING (-70.6610135 -33.475761, -70.65927979999999 -33.4759243)",,,
4389876461,6071898826,0,44061474,4,Nueva Centenario,tertiary,30,False,6.162,"LINESTRING (-70.65514829999999 -33.4761069, -70.65518899999999 -33.4761507)",,,
4389876461,6071898827,0,44061474,4,Nueva Centenario,tertiary,30,False,8.816,"LINESTRING (-70.65514829999999 -33.4761069, -70.6551039 -33.4760368)",,,
4389876462,560073672,0,44061474,4,Nueva Centenario,tertiary,30,False,5.598,"LINESTRING (-70.6554052 -33.4762761, -70.6554641 -33.4762871)",,,
4389876462,6071898824,0,44061474,4,Nueva Centenario,tertiary,30,False,7.263,"LINESTRING (-70.6554052 -33.4762761, -70.6553339 -33.4762491)",,,
4399956355,6872170748,0,733752407,1,Salida y entrada de vehiculos/peatones Universidad Bernardo O'Higgins,unclassified,20,False,9.148,"LINESTRING (-70.65878530000001 -33.4668574, -70.658725 -33.4669225)",,permit,
4401437045,254346560,0,448540429,2,Avenida Ricardo Cumming,primary,30,True,127.042,"LINESTRING (-70.66839419999999 -33.4402977, -70.66847129999999 -33.439157)",,,
4401471293,6014038167,0,726515492,2,Avenida Ricardo Cumming,primary,30,True,57.107,"LINESTRING (-70.6675216 -33.4472886, -70.6675554 -33.4467758)",,,
4401471297,4401471293,0,726515492,2,Avenida Ricardo Cumming,primary,30,True,8.812,"LINESTRING (-70.6675158 -33.4473677, -70.6675216 -33.4472886)",,,
4401471303,6809871681,0,726515492,2,Avenida Ricardo Cumming,primary,30,True,9.44,"LINESTRING (-70.6674859 -33.4474921, -70.6675099 -33.4474096)",,,
4401471306,6809871680,0,726515492,2,Avenida Ricardo Cumming,primary,30,True,4.891,"LINESTRING (-70.66745349999999 -33.4475689, -70.6674732 -33.4475281)",,,
4401492510,6809871672,0,23406233,2,Avenida Ricardo Cumming,primary,30,True,6.773,"LINESTRING (-70.6673572 -33.4477218, -70.66739579999999 -33.4476701)",,,
4401492511,6809887235,0,23406233,2,Avenida Ricardo Cumming,primary,30,True,1.825,"LINESTRING (-70.6673333 -33.4477632, -70.6673418 -33.4477484)",,,
4401492512,6809871677,0,23406233,2,Avenida Ricardo Cumming,primary,30,True,1.046,"LINESTRING (-70.66732450000001 -33.4478027, -70.6673248 -33.4477933)",,,
4401492515,6809887226,0,23406233,2,Avenida Ricardo Cumming,primary,30,True,0.921,"LINESTRING (-70.6673409 -33.4478412, -70.6673346 -33.4478348)",,,
4401492516,6809871679,0,23406233,2,Avenida Ricardo Cumming,primary,30,True,3.513,"LINESTRING (-70.66740969999999 -33.4478679, -70.6673739 -33.4478576)",,,
4448304861,6809887192,0,447780985,2,Avenida Ricardo Cumming,primary,30,True,56.093,"LINESTRING (-70.66936370000001 -33.4297107, -70.6694279 -33.4292091)",,,
4448461355,254346739,0,447780991,2,Avenida Ricardo Cumming,primary,30,True,98.576,"LINESTRING (-70.6690424 -33.4330175, -70.6691208 -33.4321334)",,,
4448461358,253282032,0,726515491,2,Avenida Ricardo Cumming,primary,30,True,30.334,"LINESTRING (-70.6675618 -33.4466299, -70.6675852 -33.4463578)",,,
4455192257,7009079451,0,448540429,2,Avenida Ricardo Cumming,primary,30,True,61.118,"LINESTRING (-70.6682416 -33.4409231, -70.668373 -33.4403845)",,,
4455574703,609286250,0,47545275,2,Pasaje Nueva 1,residential,15,False,57.134,"LINESTRING (-70.66565559999999 -33.457068, -70.66577599999999 -33.4565641)",,,
4455574703,609286248,0,47545275,2,Pasaje Nueva 1,residential,15,False,12.413,"LINESTRING (-70.66565559999999 -33.457068, -70.6656278 -33.4571772)",,,
4455574704,609286270,0,47545274,2,Pasaje Nueva 2,residential,15,False,10.382,"LINESTRING (-70.6653156 -33.4570241, -70.6652911 -33.4571152)",,,
4455574704,609286319,0,47545274,2,Pasaje Nueva 2,residential,15,False,59.252,"LINESTRING (-70.6653156 -33.4570241, -70.66542629999999 -33.4564993)",,,
4458314595,253359492,0,399499076,2,Lord Cochrane,tertiary,30,True,59.294,"LINESTRING (-70.653184 -33.4618449, -70.6532533 -33.4613148)",,,
4464079198,2426354426,0,234379840,,Condominio Parque Almagro,service,20,True,12.996,"LINESTRING (-70.65058449999999 -33.4541254, -70.65055820000001 -33.4542402)",,private,driveway
4473692856,253348628,0,399499076,2,Lord Cochrane,tertiary,30,True,90.285,"LINESTRING (-70.65379969999999 -33.4567685, -70.653907 -33.4559615)",,,
4504697056,560073677,0,44061474,4,Nueva Centenario,tertiary,30,False,156.969,"LINESTRING (-70.65759850000001 -33.4760857, -70.65927979999999 -33.4759243)",,,
4504697056,6071898821,0,44061474,4,Nueva Centenario,tertiary,30,False,60.59,"LINESTRING (-70.65759850000001 -33.4760857, -70.6569494 -33.4761471)",,,
4749864394,6014182427,0,14421616,2,Domeyko,residential,30,False,3.161,"LINESTRING (-70.666014 -33.4566119, -70.6659813 -33.4566039)",,,
4749864394,5523273653,0,14421616,2,Domeyko,residential,30,False,2.809,"LINESTRING (-70.666014 -33.4566119, -70.66603499999999 -33.4566301)",,,
5054377948,6215412776,0,13858321,2,José Victorino Lastarria,residential,30,True,8.999,"LINESTRING (-70.640716 -33.4402341, -70.6407779 -33.4401718)",,,
5131081529,253359495,0,399499076,2,Lord Cochrane,tertiary,30,True,45.078,"LINESTRING (-70.6530334 -33.4630106, -70.6531006 -33.4626091)",,,
5264788839,1390397265,0,158577338,,Cerro Santa Lucía,service,30,False,4.763,"LINESTRING (-70.64362319999999 -33.4414723, -70.64367110000001 -33.4414877)",,private,
5264788839,6708878866,0,158577338,,Cerro Santa Lucía,service,30,False,5.215,"LINESTRING (-70.64362319999999 -33.4414723, -70.6435735 -33.4414504)",,private,
5264788840,6708917888,0,158577338,,Cerro Santa Lucía,service,30,False,7.074,"LINESTRING (-70.64383340000001 -33.441506, -70.6439096 -33.4415081)",,private,
5264788840,6708917889,0,158577338,,Cerro Santa Lucía,service,30,False,5.518,"LINESTRING (-70.64383340000001 -33.441506, -70.64377399999999 -33.4415036)",,private,
5264788841,6708878867,0,158577338,,Cerro Santa Lucía,service,30,False,6.14,"LINESTRING (-70.6433612 -33.4413164, -70.6434101 -33.4413536)",,private,
5264788841,6708878869,0,158577338,,Cerro Santa Lucía,service,30,False,7.163,"LINESTRING (-70.6433612 -33.4413164, -70.6433062 -33.4412712)",,private,
5264788842,1390397248,0,158577338,,Cerro Santa Lucía,service,30,False,8.604,"LINESTRING (-70.6443951 -33.4413768, -70.64442409999999 -33.4413033)",,private,
5264788842,1390397268,0,158577338,,Cerro Santa Lucía,service,30,False,5.014,"LINESTRING (-70.6443951 -33.4413768, -70.6443711 -33.4414172)",,private,
5264788843,1390397208,0,158577338,,Cerro Santa Lucía,service,30,False,4.2,"LINESTRING (-70.6432475 -33.4387926, -70.64320789999999 -33.4388109)",,private,
5264788843,6708913967,0,158577338,,Cerro Santa Lucía,service,30,False,3.218,"LINESTRING (-70.6432475 -33.4387926, -70.643281 -33.4387851)",,private,
5268807079,4401492512,0,23406233,2,Avenida Ricardo Cumming,primary,30,True,1.425,"LINESTRING (-70.6673253 -33.4478155, -70.66732450000001 -33.4478027)",,,
5268807080,4401492516,0,23406233,2,Avenida Ricardo Cumming,primary,30,True,38.162,"LINESTRING (-70.6678004 -33.4479752, -70.66740969999999 -33.4478679)",,,
5272846295,6708913971,0,158577338,,Cerro Santa Lucía,service,30,False,6.798,"LINESTRING (-70.6427047 -33.4400289, -70.6427072 -33.44009)",,private,
5272846295,6708913970,0,158577338,,Cerro Santa Lucía,service,30,False,7.039,"LINESTRING (-70.6427047 -33.4400289, -70.64270399999999 -33.4399656)",,private,
5272846296,1390397219,0,158577338,,Cerro Santa Lucía,service,30,False,16.014,"LINESTRING (-70.64282830000001 -33.4405353, -70.6428844 -33.4406715)",,private,
5272846296,1390397267,0,158577338,,Cerro Santa Lucía,service,30,False,13.139,"LINESTRING (-70.64282830000001 -33.4405353, -70.64278729999999 -33.4404222)",,private,
5272846297,6708913979,0,158577338,,Cerro Santa Lucía,service,30,False,8.006,"LINESTRING (-70.64456370000001 -33.4408033, -70.6445633 -33.4407313)",,private,
5272846297,1390397238,0,158577338,,Cerro Santa Lucía,service,30,False,7.289,"LINESTRING (-70.64456370000001 -33.4408033, -70.6445535 -33.4408683)",,private,
5272846299,6708917885,0,158577338,,Cerro Santa Lucía,service,30,False,2.583,"LINESTRING (-70.6444534 -33.4403709, -70.644452 -33.4403477)",,private,
5272846299,6708913981,0,158577338,,Cerro Santa Lucía,service,30,False,3.128,"LINESTRING (-70.6444534 -33.4403709, -70.644464 -33.4403976)",,private,
5272846300,1390397267,0,158577338,,Cerro Santa Lucía,service,30,False,13.683,"LINESTRING (-70.6427521 -33.4403027, -70.64278729999999 -33.4404222)",,private,
5272846300,6325454314,0,158577338,,Cerro Santa Lucía,service,30,False,8.605,"LINESTRING (-70.6427521 -33.4403027, -70.6427302 -33.4402275)",,private,
5272846301,6708913969,0,158577338,,Cerro Santa Lucía,service,30,False,12.126,"LINESTRING (-70.64276049999999 -33.4397542, -70.6427159 -33.4398567)",,private,
5272846301,1390397245,0,158577338,,Cerro Santa Lucía,service,30,False,15.233,"LINESTRING (-70.64276049999999 -33.4397542, -70.64280220000001 -33.4396217)",,private,
5272846302,1390397245,0,158577338,,Cerro Santa Lucía,service,30,False,14.159,"LINESTRING (-70.6428471 -33.4395, -70.64280220000001 -33.4396217)",,private,
5272846302,1390397223,0,158577338,,Cerro Santa Lucía,service,30,False,17.637,"LINESTRING (-70.6428471 -33.4395, -70.6429225 -33.4393544)",,private,
5300155267,6231377173,0,399499076,2,Lord Cochrane,tertiary,30,True,7.574,"LINESTRING (-70.655485 -33.4453032, -70.6555116 -33.4452388)",,,
5300204161,5419412022,0,399499076,2,Lord Cochrane,tertiary,30,True,2.394,"LINESTRING (-70.65443 -33.451644, -70.6544328 -33.4516226)",,,
5357794637,6231484046,0,675481988,,,secondary,20,True,2.353,"LINESTRING (-70.6638837 -33.458607, -70.6638686 -33.45859)",roundabout,,
5419412022,253348624,0,399499076,2,Lord Cochrane,tertiary,30,True,54.447,"LINESTRING (-70.6544328 -33.4516226, -70.6545053 -33.4511367)",,,
5523273652,6274442261,0,8000969,2,Echaurren,residential,30,False,2.821,"LINESTRING (-70.6660502 -33.4566785, -70.666048 -33.4566532)",,,
5523273652,15092712,0,8000969,2,Echaurren,residential,30,False,63.419,"LINESTRING (-70.6660502 -33.4566785, -70.66600889999999 -33.4572478)",,,
5523273653,6274442261,0,8000969,2,Echaurren,residential,30,False,2.838,"LINESTRING (-70.66603499999999 -33.4566301, -70.666048 -33.4566532)",,,
5523273653,4749864394,0,14421616,2,Domeyko,residential,30,False,2.809,"LINESTRING (-70.66603499999999 -33.4566301, -70.666014 -33.4566119)",,,
5785170568,265668129,0,399499076,2,Lord Cochrane,tertiary,30,True,6.81,"LINESTRING (-70.65287549999999 -33.4642618, -70.6528843 -33.464201)",,,
5785170581,5785170583,0,399499076,2,Lord Cochrane,tertiary,30,True,5.76,"LINESTRING (-70.65257130000001 -33.4666478, -70.65257680000001 -33.4665962)",,,
5785170583,265668365,0,399499076,2,Lord Cochrane,tertiary,30,True,8.035,"LINESTRING (-70.65257680000001 -33.4665962, -70.6525876 -33.4665245)",,,
5873610985,1390397236,0,158577338,,Cerro Santa Lucía,service,30,False,12.907,"LINESTRING (-70.64458689999999 -33.440212, -70.6444875 -33.4402932)",,private,
6014038167,4448461358,0,726515491,2,Avenida Ricardo Cumming,primary,30,True,16.234,"LINESTRING (-70.6675554 -33.4467758, -70.6675618 -33.4466299)",,,
6014182427,609286250,0,14421616,2,Domeyko,residential,30,False,19.553,"LINESTRING (-70.6659813 -33.4566039, -70.66577599999999 -33.4565641)",,,
6014182427,4749864394,0,14421616,2,Domeyko,residential,30,False,3.161,"LINESTRING (-70.6659813 -33.4566039, -70.666014 -33.4566119)",,,
6014182429,609286319,0,14421616,2,Domeyko,residential,30,False,14.635,"LINESTRING (-70.66557950000001 -33.4565307, -70.66542629999999 -33.4564993)",,,
6014182429,609286250,0,14421616,2,Domeyko,residential,30,False,18.604,"LINESTRING (-70.66557950000001 -33.4565307, -70.66577599999999 -33.4565641)",,,
6040575536,663092766,0,399499076,2,Lord Cochrane,tertiary,30,True,13.455,"LINESTRING (-70.6539748 -33.4553832, -70.653988 -33.4552627)",,,
6071898820,6071898829,0,44061474,4,Nueva Centenario,tertiary,30,False,11.325,"LINESTRING (-70.6614082 -33.475728, -70.66153 -33.4757209)",,,
6071898820,4389876459,0,44061474,4,Nueva Centenario,tertiary,30,False,36.792,"LINESTRING (-70.6614082 -33.475728, -70.6610135 -33.475761)",,,
6071898821,4504697056,0,44061474,4,Nueva Centenario,tertiary,30,False,60.59,"LINESTRING (-70.6569494 -33.4761471, -70.65759850000001 -33.4760857)",,,
6071898821,560073675,0,44061474,4,Nueva Centenario,tertiary,30,False,36.066,"LINESTRING (-70.6569494 -33.4761471, -70.6565636 -33.4761877)",,,
6071898822,6071898823,0,44061474,4,Nueva Centenario,tertiary,30,False,7.364,"LINESTRING (-70.6555465 -33.4762964, -70.6556259 -33.4762963)",,,
6071898822,560073672,0,44061474,4,Nueva Centenario,tertiary,30,False,7.712,"LINESTRING (-70.6555465 -33.4762964, -70.6554641 -33.4762871)",,,
6071898823,6071898828,0,44061474,4,Nueva Centenario,tertiary,30,False,5.977,"LINESTRING (-70.6556259 -33.4762963, -70.6556902 -33.4762927)",,,
6071898823,6071898822,0,44061474,4,Nueva Centenario,tertiary,30,False,7.364,"LINESTRING (-70.6556259 -33.4762963, -70.6555465 -33.4762964)",,,
6071898824,4389876462,0,44061474,4,Nueva Centenario,tertiary,30,False,7.263,"LINESTRING (-70.6553339 -33.4762491, -70.6554052 -33.4762761)",,,
6071898824,6071898825,0,44061474,4,Nueva Centenario,tertiary,30,False,7.165,"LINESTRING (-70.6553339 -33.4762491, -70.65526920000001 -33.4762139)",,,
6071898825,6071898824,0,44061474,4,Nueva Centenario,tertiary,30,False,7.165,"LINESTRING (-70.65526920000001 -33.4762139, -70.6553339 -33.4762491)",,,
6071898825,560073671,0,44061474,4,Nueva Centenario,tertiary,30,False,6.61,"LINESTRING (-70.65526920000001 -33.4762139, -70.6552167 -33.4761737)",,,
6071898826,560073671,0,44061474,4,Nueva Centenario,tertiary,30,False,3.625,"LINESTRING (-70.65518899999999 -33.4761507, -70.6552167 -33.4761737)",,,
6071898826,4389876461,0,44061474,4,Nueva Centenario,tertiary,30,False,6.162,"LINESTRING (-70.65518899999999 -33.4761507, -70.65514829999999 -33.4761069)",,,
6071898827,4389876461,0,44061474,4,Nueva Centenario,tertiary,30,False,8.816,"LINESTRING (-70.6551039 -33.4760368, -70.65514829999999 -33.4761069)",,,
6071898827,1609778077,0,44061474,4,Nueva Centenario,tertiary,30,False,15.701,"LINESTRING (-70.6551039 -33.4760368, -70.6550484 -33.4759034)",,,
6071898828,560073673,0,44061474,4,Nueva Centenario,tertiary,30,False,23.764,"LINESTRING (-70.6556902 -33.4762927, -70.65594520000001 -33.4762719)",,,
6071898828,6071898823,0,44061474,4,Nueva Centenario,tertiary,30,False,5.977,"LINESTRING (-70.6556902 -33.4762927, -70.6556259 -33.4762963)",,,
6071898829,560073678,0,44061474,4,Nueva Centenario,tertiary,30,False,12.919,"LINESTRING (-70.66153 -33.4757209, -70.6616691 -33.4757148)",,,
6071898829,6071898820,0,44061474,4,Nueva Centenario,tertiary,30,False,11.325,"LINESTRING (-70.66153 -33.4757209, -70.6614082 -33.475728)",,,
6071898830,560073681,0,44061474,4,Nueva Centenario,tertiary,30,False,137.438,"LINESTRING (-70.6621837 -33.4757087, -70.6636651 -33.4757378)",,,
6071898830,560073680,0,44061474,4,Nueva Centenario,tertiary,30,False,31.479,"LINESTRING (-70.6621837 -33.4757087, -70.6618443 -33.4757093)",,,
6097109338,253348627,0,399499076,2,Lord Cochrane,tertiary,30,True,67.398,"LINESTRING (-70.6541206 -33.4541538, -70.6541907 -33.4535505)",,,
6100847003,4388237574,0,274554349,1,,motorway_link,30,True,61.568,"LINESTRING (-70.66002659999999 -33.4403031, -70.6602202 -33.4408327)",,,
6214699479,5300155267,0,399499076,2,Lord Cochrane,tertiary,30,True,8.748,"LINESTRING (-70.65545849999999 -33.4453787, -70.655485 -33.4453032)",,,
6215412776,6215412777,0,13858321,2,José Victorino Lastarria,residential,30,True,51.444,"LINESTRING (-70.6407779 -33.4401718, -70.6411435 -33.439824)",,,
6215412777,457453515,0,13858321,2,José Victorino Lastarria,residential,30,True,7.181,"LINESTRING (-70.6411435 -33.439824, -70.6411954 -33.4397761)",,,
6215412778,457453516,0,13858321,2,José Victorino Lastarria,residential,30,True,5.473,"LINESTRING (-70.6412054 -33.4397281, -70.6412038 -33.4396789)",,,
6231377173,1071220646,0,399499076,2,Lord Cochrane,tertiary,30,True,33.773,"LINESTRING (-70.6555116 -33.4452388, -70.6556101 -33.4449464)",,,
6231484045,3331853454,0,675481988,,,secondary,20,True,2.064,"LINESTRING (-70.6640214 -33.4586112, -70.6640033 -33.458622)",roundabout,,
6231484046,6577679510,0,675481988,,,secondary,20,True,2.361,"LINESTRING (-70.6638686 -33.45859, -70.6638591 -33.4585703)",roundabout,,
6231484047,5357794637,0,675481988,,,secondary,20,True,3.01,"LINESTRING (-70.6639097 -33.4586232, -70.6638837 -33.458607)",roundabout,,
6274442261,5523273653,0,8000969,2,Echaurren,residential,30,False,2.838,"LINESTRING (-70.666048 -33.4566532, -70.66603499999999 -33.4566301)",,,
6274442261,5523273652,0,8000969,2,Echaurren,residential,30,False,2.821,"LINESTRING (-70.666048 -33.4566532, -70.6660502 -33.4566785)",,,
6325454295,6708917890,0,158577338,,Cerro Santa Lucía,service,30,False,15.742,"LINESTRING (-70.6432843 -33.440827, -70.6432131 -33.4406985)",,private,
6325454301,6708913980,0,158577338,,Cerro Santa Lucía,service,30,False,7.008,"LINESTRING (-70.6445511 -33.4406656, -70.6445363 -33.4406038)",,private,
6325454301,6708913979,0,158577338,,Cerro Santa Lucía,service,30,False,7.393,"LINESTRING (-70.6445511 -33.4406656, -70.6445633 -33.4407313)",,private,
6325454308,6708913967,0,158577338,,Cerro Santa Lucía,service,30,False,4.583,"LINESTRING (-70.64333000000001 -33.4387799, -70.643281 -33.4387851)",,private,
6325454308,1390397222,0,158577338,,Cerro Santa Lucía,service,30,False,4.321,"LINESTRING (-70.64333000000001 -33.4387799, -70.6433756 -33.4387878)",,private,
6325454314,5272846300,0,158577338,,Cerro Santa Lucía,service,30,False,8.605,"LINESTRING (-70.6427302 -33.4402275, -70.6427521 -33.4403027)",,private,
6325454314,1390397247,0,158577338,,Cerro Santa Lucía,service,30,False,8.617,"LINESTRING (-70.6427302 -33.4402275, -70.6427154 -33.440151)",,private,
6577679507,6577679508,0,675481988,,,secondary,20,True,3.048,"LINESTRING (-70.6639701 -33.458468, -70.6640013 -33.4584766)",roundabout,,
6577679508,6577679509,0,675481988,,,secondary,20,True,3.052,"LINESTRING (-70.6640013 -33.4584766, -70.6640275 -33.4584932)",roundabout,,
6577679509,609289244,0,675481988,,,secondary,20,True,3.041,"LINESTRING (-70.6640275 -33.4584932, -70.66404559999999 -33.458516)",roundabout,,
6577679510,609289215,0,675481988,,,secondary,20,True,2.98,"LINESTRING (-70.6638591 -33.4585703, -70.66385630000001 -33.4585436)",roundabout,,
6708878805,6708913974,0,158577338,,Cerro Santa Lucía,service,30,False,4.881,"LINESTRING (-70.64412 -33.4415051, -70.6441726 -33.4415046)",,private,
6708878805,1390397240,0,158577338,,Cerro Santa Lucía,service,30,False,13.012,"LINESTRING (-70.64412 -33.4415051, -70.6439798 -33.4415078)",,private,
6708878866,5264788839,0,158577338,,Cerro Santa Lucía,service,30,False,5.215,"LINESTRING (-70.6435735 -33.4414504, -70.64362319999999 -33.4414723)",,private,
6708878866,1390397264,0,158577338,,Cerro Santa Lucía,service,30,False,5.889,"LINESTRING (-70.6435735 -33.4414504, -70.6435194 -33.4414227)",,private,
6708878867,6708878868,0,158577338,,Cerro Santa Lucía,service,30,False,7.069,"LINESTRING (-70.6434101 -33.4413536, -70.6434697 -33.4413932)",,private,
6708878867,5264788841,0,158577338,,Cerro Santa Lucía,service,30,False,6.14,"LINESTRING (-70.6434101 -33.4413536, -70.6433612 -33.4413164)",,private,
6708878868,1390397264,0,158577338,,Cerro Santa Lucía,service,30,False,5.659,"LINESTRING (-70.6434697 -33.4413932, -70.6435194 -33.4414227)",,private,
6708878868,6708878867,0,158577338,,Cerro Santa Lucía,service,30,False,7.069,"LINESTRING (-70.6434697 -33.4413932, -70.6434101 -33.4413536)",,private,
6708878869,5264788841,0,158577338,,Cerro Santa Lucía,service,30,False,7.163,"LINESTRING (-70.6433062 -33.4412712, -70.6433612 -33.4413164)",,private,
6708878869,1390397250,0,158577338,,Cerro Santa Lucía,service,30,False,6.807,"LINESTRING (-70.6433062 -33.4412712, -70.6432547 -33.4412276)",,private,
6708878870,6708878872,0,158577338,,Cerro Santa Lucía,service,30,False,5.467,"LINESTRING (-70.6431748 -33.4411515, -70.6432136 -33.4411885)",,private,
6708878870,6708878871,0,158577338,,Cerro Santa Lucía,service,30,False,6.294,"LINESTRING (-70.6431748 -33.4411515, -70.6431314 -33.441108)",,private,
6708878871,6708878870,0,158577338,,Cerro Santa Lucía,service,30,False,6.294,"LINESTRING (-70.6431314 -33.441108, -70.6431748 -33.4411515)",,private,
6708878871,6708878873,0,158577338,,Cerro Santa Lucía,service,30,False,5.703,"LINESTRING (-70.6431314 -33.441108, -70.643094 -33.4410673)",,private,
6708878872,1390397250,0,158577338,,Cerro Santa Lucía,service,30,False,5.783,"LINESTRING (-70.6432136 -33.4411885, -70.6432547 -33.4412276)",,private,
6708878872,6708878870,0,158577338,,Cerro Santa Lucía,service,30,False,5.467,"LINESTRING (-70.6432136 -33.4411885, -70.6431748 -33.4411515)",,private,
6708878873,6708878871,0,158577338,,Cerro Santa Lucía,service,30,False,5.703,"LINESTRING (-70.643094 -33.4410673, -70.6431314 -33.441108)",,private,
6708878873,6708913972,0,158577338,,Cerro Santa Lucía,service,30,False,4.013,"LINESTRING (-70.643094 -33.4410673, -70.6430707 -33.4410369)",,private,
6708878874,1390397215,0,158577338,,Cerro Santa Lucía,service,30,False,15.266,"LINESTRING (-70.64293929999999 -33.4407922, -70.6429997 -33.4409199)",,private,
6708878874,1390397219,0,158577338,,Cerro Santa Lucía,service,30,False,14.355,"LINESTRING (-70.64293929999999 -33.4407922, -70.6428844 -33.4406715)",,private,
6708878875,6708913972,0,158577338,,Cerro Santa Lucía,service,30,False,3.811,"LINESTRING (-70.643049 -33.4410078, -70.6430707 -33.4410369)",,private,
6708878875,1390397215,0,158577338,,Cerro Santa Lucía,service,30,False,10.792,"LINESTRING (-70.643049 -33.4410078, -70.6429997 -33.4409199)",,private,
6708878877,6708901492,0,158577338,,Cerro Santa Lucía,service,30,False,3.478,"LINESTRING (-70.643317 -33.4390016, -70.6433535 -33.4389945)",,private,
6708878877,6708913968,0,158577338,,Cerro Santa Lucía,service,30,False,4.381,"LINESTRING (-70.643317 -33.4390016, -70.6432698 -33.4390006)",,private,
6708878878,1390397258,0,158577338,,Cerro Santa Lucía,service,30,False,4.962,"LINESTRING (-70.6434136 -33.4389513, -70.6434387 -33.4389119)",,private,
6708878878,1390397256,0,158577338,,Cerro Santa Lucía,service,30,False,4.636,"LINESTRING (-70.6434136 -33.4389513, -70.6433794 -33.4389817)",,private,
6708878879,1390397222,0,158577338,,Cerro Santa Lucía,service,30,False,3.879,"LINESTRING (-70.6434101 -33.4388075, -70.6433756 -33.4387878)",,private,
6708878879,6708901493,0,158577338,,Cerro Santa Lucía,service,30,False,3.449,"LINESTRING (-70.6434101 -33.4388075, -70.6434332 -33.4388318)",,private,
6708878880,6708913965,0,158577338,,Cerro Santa Lucía,service,30,False,4.677,"LINESTRING (-70.6431408 -33.4388681, -70.6431197 -33.4389063)",,private,
6708878880,6708913966,0,158577338,,Cerro Santa Lucía,service,30,False,5.265,"LINESTRING (-70.6431408 -33.4388681, -70.6431765 -33.4388313)",,private,
6708878881,1390397213,0,158577338,,Cerro Santa Lucía,service,30,False,3.048,"LINESTRING (-70.6432009 -33.4390095, -70.6432325 -33.439002)",,private,
6708878881,6708878882,0,158577338,,Cerro Santa Lucía,service,30,False,2.042,"LINESTRING (-70.6432009 -33.4390095, -70.6431826 -33.4390197)",,private,
6708878882,6708878881,0,158577338,,Cerro Santa Lucía,service,30,False,2.042,"LINESTRING (-70.6431826 -33.4390197, -70.6432009 -33.4390095)",,private,
6708878882,1390397230,0,158577338,,Cerro Santa Lucía,service,30,False,2.759,"LINESTRING (-70.6431826 -33.4390197, -70.64316839999999 -33.4390415)",,private,
6708878883,3402877562,0,158577338,,Cerro Santa Lucía,service,30,False,11.969,"LINESTRING (-70.64305539999999 -33.4402292, -70.6430488 -33.4401217)",,private,
6708878883,6708917898,0,158577338,,Cerro Santa Lucía,service,30,False,8.677,"LINESTRING (-70.64305539999999 -33.4402292, -70.6430771 -33.4403051)",,private,
6708878884,6708917898,0,158577338,,Cerro Santa Lucía,service,30,False,7.441,"LINESTRING (-70.6431048 -33.4403679, -70.6430771 -33.4403051)",,private,
6708878884,6708917896,0,158577338,,Cerro Santa Lucía,service,30,False,7.753,"LINESTRING (-70.6431048 -33.4403679, -70.6431331 -33.4404335)",,private,
6708901488,6708901491,0,158577338,,Cerro Santa Lucía,service,30,False,16.891,"LINESTRING (-70.64302170000001 -33.4398782, -70.64302309999999 -33.4397263)",,private,
6708901488,3402877559,0,158577338,,Cerro Santa Lucía,service,30,False,14.531,"LINESTRING (-70.64302170000001 -33.4398782, -70.64303 -33.4400087)",,private,
6708901490,1390397230,0,158577338,,Cerro Santa Lucía,service,30,False,56.918,"LINESTRING (-70.6430415 -33.4395423, -70.64316839999999 -33.4390415)",,private,
6708901490,3402877558,0,158577338,,Cerro Santa Lucía,service,30,False,11.221,"LINESTRING (-70.6430415 -33.4395423, -70.6430282 -33.4396426)",,private,
6708901491,3402877558,0,158577338,,Cerro Santa Lucía,service,30,False,9.319,"LINESTRING (-70.64302309999999 -33.4397263, -70.6430282 -33.4396426)",,private,
6708901491,6708901488,0,158577338,,Cerro Santa Lucía,service,30,False,16.891,"LINESTRING (-70.64302309999999 -33.4397263, -70.64302170000001 -33.4398782)",,private,
6708901492,1390397256,0,158577338,,Cerro Santa Lucía,service,30,False,2.793,"LINESTRING (-70.6433535 -33.4389945, -70.6433794 -33.4389817)",,private,
6708901492,6708878877,0,158577338,,Cerro Santa Lucía,service,30,False,3.478,"LINESTRING (-70.6433535 -33.4389945, -70.643317 -33.4390016)",,private,
6708901493,6708878879,0,158577338,,Cerro Santa Lucía,service,30,False,3.449,"LINESTRING (-70.6434332 -33.4388318, -70.6434101 -33.4388075)",,private,
6708901493,1390397259,0,158577338,,Cerro Santa Lucía,service,30,False,4.658,"LINESTRING (-70.6434332 -33.4388318, -70.6434435 -33.4388728)",,private,
6708913965,1390397253,0,158577338,,Cerro Santa Lucía,service,30,False,17.374,"LINESTRING (-70.6431197 -33.4389063, -70.64305299999999 -33.4390523)",,private,
6708913965,6708878880,0,158577338,,Cerro Santa Lucía,service,30,False,4.677,"LINESTRING (-70.6431197 -33.4389063, -70.6431408 -33.4388681)",,private,
6708913966,6708878880,0,158577338,,Cerro Santa Lucía,service,30,False,5.265,"LINESTRING (-70.6431765 -33.4388313, -70.6431408 -33.4388681)",,private,
6708913966,1390397208,0,158577338,,Cerro Santa Lucía,service,30,False,3.692,"LINESTRING (-70.6431765 -33.4388313, -70.64320789999999 -33.4388109)",,private,
6708913967,5264788843,0,158577338,,Cerro Santa Lucía,service,30,False,3.218,"LINESTRING (-70.643281 -33.4387851, -70.6432475 -33.4387926)",,private,
6708913967,6325454308,0,158577338,,Cerro Santa Lucía,service,30,False,4.583,"LINESTRING (-70.643281 -33.4387851, -70.64333000000001 -33.4387799)",,private,
6708913968,6708878877,0,158577338,,Cerro Santa Lucía,service,30,False,4.381,"LINESTRING (-70.6432698 -33.4390006, -70.643317 -33.4390016)",,private,
6708913968,1390397213,0,158577338,,Cerro Santa Lucía,service,30,False,3.465,"LINESTRING (-70.6432698 -33.4390006, -70.6432325 -33.439002)",,private,
6708913969,1390397220,0,158577338,,Cerro Santa Lucía,service,30,False,5.765,"LINESTRING (-70.6427159 -33.4398567, -70.6427099 -33.4399083)",,private,
6708913969,5272846301,0,158577338,,Cerro Santa Lucía,service,30,False,12.126,"LINESTRING (-70.6427159 -33.4398567, -70.64276049999999 -33.4397542)",,private,
6708913970,5272846295,0,158577338,,Cerro Santa Lucía,service,30,False,7.039,"LINESTRING (-70.64270399999999 -33.4399656, -70.6427047 -33.4400289)",,private,
6708913970,1390397220,0,158577338,,Cerro Santa Lucía,service,30,False,6.395,"LINESTRING (-70.64270399999999 -33.4399656, -70.6427099 -33.4399083)",,private,
6708913971,1390397247,0,158577338,,Cerro Santa Lucía,service,30,False,6.825,"LINESTRING (-70.6427072 -33.44009, -70.6427154 -33.440151)",,private,
6708913971,5272846295,0,158577338,,Cerro Santa Lucía,service,30,False,6.798,"LINESTRING (-70.6427072 -33.44009, -70.6427047 -33.4400289)",,private,
6708913972,6708878873,0,158577338,,Cerro Santa Lucía,service,30,False,4.013,"LINESTRING (-70.6430707 -33.4410369, -70.643094 -33.4410673)",,private,
6708913972,6708878875,0,158577338,,Cerro Santa Lucía,service,30,False,3.811,"LINESTRING (-70.6430707 -33.4410369, -70.643049 -33.4410078)",,private,
6708913973,6708917889,0,158577338,,Cerro Santa Lucía,service,30,False,4.237,"LINESTRING (-70.6437287 -33.4414988, -70.64377399999999 -33.4415036)",,private,
6708913973,1390397265,0,158577338,,Cerro Santa Lucía,service,30,False,5.485,"LINESTRING (-70.6437287 -33.4414988, -70.64367110000001 -33.4414877)",,private,
6708913974,2018986953,0,158577338,,Cerro Santa Lucía,service,30,False,4.041,"LINESTRING (-70.6441726 -33.4415046, -70.64421609999999 -33.4415028)",,private,
6708913974,6708878805,0,158577338,,Cerro Santa Lucía,service,30,False,4.881,"LINESTRING (-70.6441726 -33.4415046, -70.64412 -33.4415051)",,private,
6708913975,1390397268,0,158577338,,Cerro Santa Lucía,service,30,False,5.066,"LINESTRING (-70.6443381 -33.4414535, -70.6443711 -33.4414172)",,private,
6708913975,6708917887,0,158577338,,Cerro Santa Lucía,service,30,False,3.291,"LINESTRING (-70.6443381 -33.4414535, -70.64431310000001 -33.4414745)",,private,
6708913976,6708917887,0,158577338,,Cerro Santa Lucía,service,30,False,2.743,"LINESTRING (-70.6442904 -33.4414903, -70.64431310000001 -33.4414745)",,private,
6708913976,6708913977,0,158577338,,Cerro Santa Lucía,service,30,False,3.184,"LINESTRING (-70.6442904 -33.4414903, -70.6442576 -33.4414987)",,private,
6708913977,6708913976,0,158577338,,Cerro Santa Lucía,service,30,False,3.184,"LINESTRING (-70.6442576 -33.4414987, -70.6442904 -33.4414903)",,private,
6708913977,2018986953,0,158577338,,Cerro Santa Lucía,service,30,False,3.878,"LINESTRING (-70.6442576 -33.4414987, -70.64421609999999 -33.4415028)",,private,
6708913978,1390397238,0,158577338,,Cerro Santa Lucía,service,30,False,8.402,"LINESTRING (-70.6445358 -33.4409424, -70.6445535 -33.4408683)",,private,
6708913978,1390397216,0,158577338,,Cerro Santa Lucía,service,30,False,7.488,"LINESTRING (-70.6445358 -33.4409424, -70.6445181 -33.4410081)",,private,
6708913979,6325454301,0,158577338,,Cerro Santa Lucía,service,30,False,7.393,"LINESTRING (-70.6445633 -33.4407313, -70.6445511 -33.4406656)",,private,
6708913979,5272846297,0,158577338,,Cerro Santa Lucía,service,30,False,8.006,"LINESTRING (-70.6445633 -33.4407313, -70.64456370000001 -33.4408033)",,private,
6708913980,1390397262,0,158577338,,Cerro Santa Lucía,service,30,False,8.132,"LINESTRING (-70.6445363 -33.4406038, -70.64451579999999 -33.4405327)",,private,
6708913980,6325454301,0,158577338,,Cerro Santa Lucía,service,30,False,7.008,"LINESTRING (-70.6445363 -33.4406038, -70.6445511 -33.4406656)",,private,
6708913981,5272846299,0,158577338,,Cerro Santa Lucía,service,30,False,3.128,"LINESTRING (-70.644464 -33.4403976, -70.6444534 -33.4403709)",,private,
6708913981,6708917886,0,158577338,,Cerro Santa Lucía,service,30,False,3.284,"LINESTRING (-70.644464 -33.4403976, -70.6444778 -33.4404248)",,private,
6708913984,1390397236,0,158577338,,Cerro Santa Lucía,service,30,False,4.17,"LINESTRING (-70.644459 -33.4403222, -70.6444875 -33.4402932)",,private,
6708913984,6708917885,0,158577338,,Cerro Santa Lucía,service,30,False,2.909,"LINESTRING (-70.644459 -33.4403222, -70.644452 -33.4403477)",,private,
6708917885,6708913984,0,158577338,,Cerro Santa Lucía,service,30,False,2.909,"LINESTRING (-70.644452 -33.4403477, -70.644459 -33.4403222)",,private,
6708917885,5272846299,0,158577338,,Cerro Santa Lucía,service,30,False,2.583,"LINESTRING (-70.644452 -33.4403477, -70.6444534 -33.4403709)",,private,
6708917886,6708913981,0,158577338,,Cerro Santa Lucía,service,30,False,3.284,"LINESTRING (-70.6444778 -33.4404248, -70.644464 -33.4403976)",,private,
6708917886,1390398612,0,158577338,,Cerro Santa Lucía,service,30,False,4.02,"LINESTRING (-70.6444778 -33.4404248, -70.6444915 -33.4404591)",,private,
6708917887,6708913975,0,158577338,,Cerro Santa Lucía,service,30,False,3.291,"LINESTRING (-70.64431310000001 -33.4414745, -70.6443381 -33.4414535)",,private,
6708917887,6708913976,0,158577338,,Cerro Santa Lucía,service,30,False,2.743,"LINESTRING (-70.64431310000001 -33.4414745, -70.6442904 -33.4414903)",,private,
6708917888,1390397240,0,158577338,,Cerro Santa Lucía,service,30,False,6.514,"LINESTRING (-70.6439096 -33.4415081, -70.6439798 -33.4415078)",,private,
6708917888,5264788840,0,158577338,,Cerro Santa Lucía,service,30,False,7.074,"LINESTRING (-70.6439096 -33.4415081, -70.64383340000001 -33.441506)",,private,
6708917889,5264788840,0,158577338,,Cerro Santa Lucía,service,30,False,5.518,"LINESTRING (-70.64377399999999 -33.4415036, -70.64383340000001 -33.441506)",,private,
6708917889,6708913973,0,158577338,,Cerro Santa Lucía,service,30,False,4.237,"LINESTRING (-70.64377399999999 -33.4415036, -70.6437287 -33.4414988)",,private,
6708917890,6708917894,0,158577338,,Cerro Santa Lucía,service,30,False,20.643,"LINESTRING (-70.6432131 -33.4406985, -70.6431324 -33.4405255)",,private,
6708917890,6325454295,0,158577338,,Cerro Santa Lucía,service,30,False,15.742,"LINESTRING (-70.6432131 -33.4406985, -70.6432843 -33.440827)",,private,
6708917894,3402877573,0,158577338,,Cerro Santa Lucía,service,30,False,5.194,"LINESTRING (-70.6431324 -33.4405255, -70.64313110000001 -33.4404788)",,private,
6708917894,6708917890,0,158577338,,Cerro Santa Lucía,service,30,False,20.643,"LINESTRING (-70.6431324 -33.4405255, -70.6432131 -33.4406985)",,private,
6708917896,6708878884,0,158577338,,Cerro Santa Lucía,service,30,False,7.753,"LINESTRING (-70.6431331 -33.4404335, -70.6431048 -33.4403679)",,private,
6708917896,3402877573,0,158577338,,Cerro Santa Lucía,service,30,False,5.041,"LINESTRING (-70.6431331 -33.4404335, -70.64313110000001 -33.4404788)",,private,
6708917898,6708878883,0,158577338,,Cerro Santa Lucía,service,30,False,8.677,"LINESTRING (-70.6430771 -33.4403051, -70.64305539999999 -33.4402292)",,private,
6708917898,6708878884,0,158577338,,Cerro Santa Lucía,service,30,False,7.441,"LINESTRING (-70.6430771 -33.4403051, -70.6431048 -33.4403679)",,private,
6809871672,4401471306,0,726515492,2,Avenida Ricardo Cumming,primary,30,True,12.461,"LINESTRING (-70.66739579999999 -33.4476701, -70.66745349999999 -33.4475689)",,,
6809871675,6809871676,0,23406233,2,Avenida Ricardo Cumming,primary,30,True,0.825,"LINESTRING (-70.66732570000001 -33.4477847, -70.6673273 -33.4477774)",,,
6809871676,4401492511,0,23406233,2,Avenida Ricardo Cumming,primary,30,True,1.674,"LINESTRING (-70.6673273 -33.4477774, -70.6673333 -33.4477632)",,,
6809871677,6809871675,0,23406233,2,Avenida Ricardo Cumming,primary,30,True,0.96,"LINESTRING (-70.6673248 -33.4477933, -70.66732570000001 -33.4477847)",,,
6809871678,5268807079,0,23406233,2,Avenida Ricardo Cumming,primary,30,True,1.252,"LINESTRING (-70.66732949999999 -33.4478262, -70.6673253 -33.4478155)",,,
6809871679,6809887227,0,23406233,2,Avenida Ricardo Cumming,primary,30,True,2.169,"LINESTRING (-70.6673739 -33.4478576, -70.6673531 -33.4478487)",,,
6809871680,4401471303,0,726515492,2,Avenida Ricardo Cumming,primary,30,True,4.173,"LINESTRING (-70.6674732 -33.4475281, -70.6674859 -33.4474921)",,,
6809871681,4401471297,0,726515492,2,Avenida Ricardo Cumming,primary,30,True,4.691,"LINESTRING (-70.6675099 -33.4474096, -70.6675158 -33.4473677)",,,
6809887189,253411536,0,726515491,2,Avenida Ricardo Cumming,primary,30,True,3.552,"LINESTRING (-70.6678879 -33.4425943, -70.6678926 -33.4425626)",,,
6809887192,264246720,0,447780985,2,Avenida Ricardo Cumming,primary,30,True,8.798,"LINESTRING (-70.6694279 -33.4292091, -70.6694445 -33.4291312)",,,
6809887226,6809871678,0,23406233,2,Avenida Ricardo Cumming,primary,30,True,1.067,"LINESTRING (-70.6673346 -33.4478348, -70.66732949999999 -33.4478262)",,,
6809887227,4401492515,0,23406233,2,Avenida Ricardo Cumming,primary,30,True,1.406,"LINESTRING (-70.6673531 -33.4478487, -70.6673409 -33.4478412)",,,
6809887235,4401492510,0,23406233,2,Avenida Ricardo Cumming,primary,30,True,3.285,"LINESTRING (-70.6673418 -33.4477484, -70.6673572 -33.4477218)",,,
6872170744,6872170751,0,733752407,1,Salida y entrada de vehiculos/peatones Universidad Bernardo O'Higgins,unclassified,20,False,4.588,"LINESTRING (-70.6582782 -33.467089, -70.65832709999999 -33.4670828)",,permit,
6872170745,6872170749,0,733752407,1,Salida y entrada de vehiculos/peatones Universidad Bernardo O'Higgins,unclassified,20,False,8.08,"LINESTRING (-70.65851670000001 -33.4670234, -70.6585956 -33.4669926)",,permit,
6872170745,6872170750,0,733752407,1,Salida y entrada de vehiculos/peatones Universidad Bernardo O'Higgins,unclassified,20,False,7.317,"LINESTRING (-70.65851670000001 -33.4670234, -70.6584433 -33.4670475)",,permit,
6872170746,6872170750,0,733752407,1,Salida y entrada de vehiculos/peatones Universidad Bernardo O'Higgins,unclassified,20,False,6.578,"LINESTRING (-70.6583761 -33.4670664, -70.6584433 -33.4670475)",,permit,
6872170746,6872170751,0,733752407,1,Salida y entrada de vehiculos/peatones Universidad Bernardo O'Higgins,unclassified,20,False,4.897,"LINESTRING (-70.6583761 -33.4670664, -70.65832709999999 -33.4670828)",,permit,
6872170747,6872170748,0,733752407,1,Salida y entrada de vehiculos/peatones Universidad Bernardo O'Higgins,unclassified,20,False,7.653,"LINESTRING (-70.65866029999999 -33.4669652, -70.658725 -33.4669225)",,permit,
6872170747,6872170749,0,733752407,1,Salida y entrada de vehiculos/peatones Universidad Bernardo O'Higgins,unclassified,20,False,6.731,"LINESTRING (-70.65866029999999 -33.4669652, -70.6585956 -33.4669926)",,permit,
6872170748,4399956355,0,733752407,1,Salida y entrada de vehiculos/peatones Universidad Bernardo O'Higgins,unclassified,20,False,9.148,"LINESTRING (-70.658725 -33.4669225, -70.65878530000001 -33.4668574)",,permit,
6872170748,6872170747,0,733752407,1,Salida y entrada de vehiculos/peatones Universidad Bernardo O'Higgins,unclassified,20,False,7.653,"LINESTRING (-70.658725 -33.4669225, -70.65866029999999 -33.4669652)",,permit,
6872170749,6872170747,0,733752407,1,Salida y entrada de vehiculos/peatones Universidad Bernardo O'Higgins,unclassified,20,False,6.731,"LINESTRING (-70.6585956 -33.4669926, -70.65866029999999 -33.4669652)",,permit,
6872170749,6872170745,0,733752407,1,Salida y entrada de vehiculos/peatones Universidad Bernardo O'Higgins,unclassified,20,False,8.08,"LINESTRING (-70.6585956 -33.4669926, -70.65851670000001 -33.4670234)",,permit,
6872170750,6872170745,0,733752407,1,Salida y entrada de vehiculos/peatones Universidad Bernardo O'Higgins,unclassified,20,False,7.317,"LINESTRING (-70.6584433 -33.4670475, -70.65851670000001 -33.4670234)",,permit,
6872170750,6872170746,0,733752407,1,Salida y entrada de vehiculos/peatones Universidad Bernardo O'Higgins,unclassified,20,False,6.578,"LINESTRING (-70.6584433 -33.4670475, -70.6583761 -33.4670664)",,permit,
6872170751,6872170746,0,733752407,1,Salida y entrada de vehiculos/peatones Universidad Bernardo O'Higgins,unclassified,20,False,4.897,"LINESTRING (-70.65832709999999 -33.4670828, -70.6583761 -33.4670664)",,permit,
6872170751,6872170744,0,733752407,1,Salida y entrada de vehiculos/peatones Universidad Bernardo O'Higgins,unclassified,20,False,4.588,"LINESTRING (-70.65832709999999 -33.4670828, -70.6582782 -33.467089)",,permit,
7009079451,7009079455,0,448540429,2,Avenida Ricardo Cumming,primary,30,True,2.326,"LINESTRING (-70.668373 -33.4403845, -70.668378 -33.440364)",,,
7009079455,4401437045,0,448540429,2,Avenida Ricardo Cumming,primary,30,True,7.524,"LINESTRING (-70.668378 -33.440364, -70.66839419999999 -33.4402977)",,,
7671726653,6577679507,0,675481988,,,secondary,20,True,2.881,"LINESTRING (-70.66393909999999 -33.4584664, -70.6639701 -33.458468)",roundabout,,
