u,v,key,osmid,oneway,lanes,name,highway,length,geometry,maxspeed,access,bridge,width,junction,service
386248,7622691300,0,92361438,True,4,Curicó,primary,559.273,"LINESTRING (-70.63692829999999 -33.4445652, -70.6370232 -33.4446036, -70.6370478 -33.4446155, -70.6376635 -33.4447382, -70.63904700000001 -33.4450173, -70.6394227 -33.4450928, -70.64030529999999 -33.4452702, -70.64040249999999 -33.4452892, -70.6404553 -33.445304, -70.6405331 -33.4453298, -70.6406176 -33.4453645, -70.64070479999999 -33.4454092, -70.6411212 -33.4456243, -70.6415075 -33.4458363, -70.6416409 -33.4458949, -70.6418395 -33.4459754, -70.6419885 -33.4460287, -70.642016 -33.4460355, -70.6421488 -33.4460681, -70.6423369 -33.4461053, -70.6425916 -33.4461538)",,,,,,
386248,5664289140,0,448515627,False,4,Avenida Portugal,secondary,588.901,"LINESTRING (-70.63692829999999 -33.4445652, -70.6373947 -33.4437798, -70.6375407 -33.4435479, -70.6377165 -33.4431573, -70.6378211 -33.4430267, -70.63790830000001 -33.4429241, -70.6388962 -33.4419105, -70.6389465 -33.441858, -70.6390141 -33.4417899, -70.6398403 -33.4409108, -70.6403138 -33.4403789, -70.6405518 -33.440295)",,,,,,
386248,130334653,0,448515627,False,4,Avenida Portugal,secondary,196.379,"LINESTRING (-70.63692829999999 -33.4445652, -70.6365639 -33.4451907, -70.63599139999999 -33.4461488)",,,,,,
15092712,15092707,0,"[106288154, 596638044, 448570631, 646132799]",True,3,Avenida Almirante Blanco Encalada,primary,837.7420000000002,"LINESTRING (-70.66600889999999 -33.4572478, -70.66638380000001 -33.4573095, -70.6664389 -33.4573217, -70.6665406 -33.4573392, -70.66835140000001 -33.4576606, -70.670282 -33.4580025, -70.67066389999999 -33.4580675, -70.6720261 -33.4583034, -70.67212290000001 -33.4583133, -70.67221050000001 -33.4583226, -70.67365479999999 -33.458398, -70.6748989 -33.4584857)",60,,,,,
15092712,609286250,0,"[14421616, 8000969]",False,2,"['Domeyko', 'Echaurren']",residential,94.60099999999998,"LINESTRING (-70.66600889999999 -33.4572478, -70.6660502 -33.4566785, -70.666048 -33.4566532, -70.66603499999999 -33.4566301, -70.666014 -33.4566119, -70.6659813 -33.4566039, -70.66577599999999 -33.4565641)",30,,,,,
130334544,386248,0,92361438,True,4,Curicó,primary,340.813,"LINESTRING (-70.6335661 -33.4433323, -70.63435459999999 -33.4436064, -70.6354947 -33.4440362, -70.6357785 -33.444128, -70.63605560000001 -33.4442306, -70.63692829999999 -33.4445652)",,,,,,
130334653,7086673173,0,366862512,True,2,Marín,tertiary,606.8340000000001,"LINESTRING (-70.63599139999999 -33.4461488, -70.6374837 -33.4464772, -70.6380923 -33.4466368, -70.6384858 -33.4467284, -70.6385859 -33.4467509, -70.6398003 -33.4470318, -70.6399869 -33.4470739, -70.64012870000001 -33.4471067, -70.6405481 -33.4472035, -70.64106700000001 -33.4473159, -70.64231169999999 -33.447547)",,,,,,
130334653,388715,0,41764798,False,4,Avenida Portugal,secondary,236.66899999999998,"LINESTRING (-70.63599139999999 -33.4461488, -70.63559650000001 -33.4472039, -70.63540450000001 -33.447912, -70.6353257 -33.4482017)",,,,,,
130334653,386248,0,448515627,False,4,Avenida Portugal,secondary,196.379,"LINESTRING (-70.63599139999999 -33.4461488, -70.6365639 -33.4451907, -70.63692829999999 -33.4445652)",,,,,,
227925875,253281806,0,92360510,True,2,Avenida Brasil,secondary,179.126,"LINESTRING (-70.66492239999999 -33.4347701, -70.6648448 -33.4360532, -70.664793 -33.4360823, -70.66475010000001 -33.4361067, -70.6647151 -33.4361302, -70.6646841 -33.4361509, -70.6646631 -33.4361658, -70.6646375 -33.4361866, -70.6646049 -33.4362128, -70.6645568 -33.4362696)",,,,,,
252524630,253348623,0,477783978,True,2,Eleuterio Ramírez,tertiary,510.46299999999997,"LINESTRING (-70.6493768 -33.4490102, -70.6507878 -33.4493522, -70.6514765 -33.4495139, -70.65190010000001 -33.4496146, -70.65213730000001 -33.4496735, -70.65230510000001 -33.4497135, -70.6525563 -33.4497783, -70.65324099999999 -33.4499577, -70.6546397 -33.4503462)",,,,,,
252524630,253351461,0,518091963,True,2,Arturo Prat,residential,282.381,"LINESTRING (-70.6493768 -33.4490102, -70.6491146 -33.4502614, -70.6488648 -33.4515135)",,,,,,
253281806,4978288358,0,92360510,True,2,Avenida Brasil,secondary,398.398,"LINESTRING (-70.6645568 -33.4362696, -70.6645461 -33.4363407, -70.66453799999999 -33.4364264, -70.664402 -33.43761, -70.66440420000001 -33.437647, -70.66442549999999 -33.4377427, -70.66461580000001 -33.4387707, -70.6647344 -33.4393304, -70.6648297 -33.4397883, -70.6648356 -33.4398164)",,,,,,
253281806,254346565,0,262442723,True,,Rosas,residential,386.505,"LINESTRING (-70.6645568 -33.4362696, -70.6648692 -33.4363108, -70.666214 -33.4364344, -70.66720599999999 -33.4365157, -70.6686972 -33.4366456)",,,,,,
253348600,5292080454,0,"[482134480, 519185503]",True,2,Dieciocho,tertiary,565.013,"LINESTRING (-70.6575041 -33.4506189, -70.6576472 -33.4498624, -70.6577431 -33.4493169, -70.65794270000001 -33.4483334, -70.6581194 -33.4474147, -70.65815739999999 -33.4472171, -70.65820189999999 -33.4470204, -70.6582806 -33.4466897, -70.6584264 -33.4460939, -70.6584527 -33.4460314, -70.65850519999999 -33.4458725, -70.6585924 -33.4456234)",,,,,,
253348601,253354815,0,482780287,True,2,Dieciocho,secondary,29.71,"LINESTRING (-70.6569271 -33.453202, -70.65695150000001 -33.4530909, -70.65698620000001 -33.4529394)",60,,,,,
253348601,253348626,0,"[156898441, 338566197]",True,3,Santa Isabel,secondary,250.01100000000002,"LINESTRING (-70.6569271 -33.453202, -70.6559219 -33.4531203, -70.65559399999999 -33.4530884, -70.6553838 -33.4530661, -70.6552425 -33.4530494, -70.655113 -33.4530318, -70.6547321 -33.4529633, -70.6542695 -33.4528587)",60,,,,,
253348621,14760678,0,23400434,True,3,Vidaurre,secondary,177.358,"LINESTRING (-70.6550144 -33.4479721, -70.6562366 -33.4481334, -70.65690379999999 -33.4482143)",,,,,,
253348621,1071220646,0,399499076,True,2,Lord Cochrane,tertiary,341.41200000000003,"LINESTRING (-70.6550144 -33.4479721, -70.65518849999999 -33.4468621, -70.65545849999999 -33.4453787, -70.655485 -33.4453032, -70.6555116 -33.4452388, -70.6556101 -33.4449464)",30,,,,,
253348623,253348600,0,"[23400632, 477783978]",True,2,"['Rosales', 'Eleuterio Ramírez']",tertiary,269.379,"LINESTRING (-70.6546397 -33.4503462, -70.6564997 -33.4506268, -70.65662570000001 -33.4506207, -70.656909 -33.4505871, -70.65700560000001 -33.4505752, -70.657098 -33.4505706, -70.6571794 -33.450573, -70.65725519999999 -33.450584, -70.6575041 -33.4506189)",,,,,,
253348623,253348621,0,399499076,True,2,Lord Cochrane,tertiary,266.26800000000003,"LINESTRING (-70.6546397 -33.4503462, -70.6548597 -33.4489752, -70.6550144 -33.4479721)",30,,,,,
253351461,1070152542,0,"[653482738, 518091963]",True,2,Arturo Prat,residential,861.722,"LINESTRING (-70.6488648 -33.4515135, -70.648667 -33.4524665, -70.64835549999999 -33.4539739, -70.6483432 -33.4540641, -70.64811210000001 -33.4552275, -70.6478144 -33.4566279, -70.6475717 -33.4577804, -70.6473149 -33.4590661, -70.64729749999999 -33.4591518)",60,,,,,
253351461,7086673171,0,"[242669435, 448217172, 448217173, 627916822]",True,3,Santa Isabel,secondary,705.183,"LINESTRING (-70.6488648 -33.4515135, -70.64810629999999 -33.4512839, -70.647468 -33.4510823, -70.6468765 -33.4509141, -70.6467257 -33.450885, -70.64527940000001 -33.4506545, -70.6444381 -33.4505204, -70.6439505 -33.4504505, -70.64298839999999 -33.4503022, -70.6415889 -33.4498818, -70.64154859999999 -33.4498712)",,,,,,
253354815,13884915,0,"[8000329, 447770575]",True,,Santa Isabel,secondary,152.29999999999998,"LINESTRING (-70.65698620000001 -33.4529394, -70.65702589999999 -33.4528799, -70.65706040000001 -33.4528505, -70.6570986 -33.4528186, -70.6571818 -33.452752, -70.6573784 -33.4526146, -70.65745699999999 -33.4525621, -70.657537 -33.4525179, -70.6576034 -33.4524882, -70.6576702 -33.452464, -70.65774399999999 -33.452437, -70.657803 -33.4524193, -70.6578895 -33.452402, -70.6579327 -33.4523966, -70.65798890000001 -33.4523924, -70.6580503 -33.4523909, -70.65810140000001 -33.4523934, -70.6581851 -33.4523992, -70.6582607 -33.4524085, -70.65831780000001 -33.4524184, -70.65839099999999 -33.4524366)",,,,,,
253354815,253348600,0,769739557,True,2,Dieciocho,tertiary,262.465,"LINESTRING (-70.65698620000001 -33.4529394, -70.6570478 -33.4526704, -70.6575041 -33.4506189)",60,,,,,
254343740,7787943387,0,223877454,True,2,General Bulnes,tertiary,318.395,"LINESTRING (-70.6706925 -33.4367815, -70.6709455 -33.4349731, -70.67108380000001 -33.4339368)",,,,,,
254343740,254344556,0,"[293796405, 238513077]",True,,Rosas,residential,879.586,"LINESTRING (-70.6706925 -33.4367815, -70.6718584 -33.436863, -70.67273520000001 -33.4369227, -70.67362180000001 -33.4369835, -70.6745025 -33.4370436, -70.675929 -33.4371333, -70.67660530000001 -33.4371676, -70.6769232 -33.4371851, -70.6780004 -33.4372469, -70.6790156 -33.4373421, -70.68014030000001 -33.4374167)",,,,,,
254344556,254346783,0,675481989,False,3,Matucana,primary,319.26300000000003,"LINESTRING (-70.68014030000001 -33.4374167, -70.68015130000001 -33.4373025, -70.68018480000001 -33.4369869, -70.6802634 -33.4358475, -70.68040000000001 -33.434554)",,,,,,
254346565,254346567,0,447780991,True,2,Avenida Ricardo Cumming,primary,192.122,"LINESTRING (-70.6686972 -33.4366456, -70.66885449999999 -33.4349228)",30,,,,,
254346565,254343740,0,"[262442723, 238513077]",True,,Rosas,residential,185.763,"LINESTRING (-70.6686972 -33.4366456, -70.6688248 -33.4366544, -70.6698762 -33.4367265, -70.6706925 -33.4367815)",,,,,,
254346739,4831739242,0,"[39505780, 144917235, 671178316, 508533723]",True,"['3', '2']","['Mapocho', 'Avenida Brasil']",secondary,540.807,"LINESTRING (-70.6691208 -33.4321334, -70.6680453 -33.4321034, -70.66765239999999 -33.4320974, -70.66691179999999 -33.4320848, -70.666433 -33.4320695, -70.66507900000001 -33.4320566, -70.66503659999999 -33.4327632, -70.6649936 -33.4334004, -70.6649725 -33.4335431)",,,,,,
254346739,264246720,0,"[447780985, 447780991]",True,2,Avenida Ricardo Cumming,primary,335.23,"LINESTRING (-70.6691208 -33.4321334, -70.66916809999999 -33.4317042, -70.6691946 -33.4313953, -70.66923300000001 -33.4310327, -70.6692657 -33.4306717, -70.6692958 -33.430357, -70.6693341 -33.4299937, -70.66936370000001 -33.4297107, -70.6694279 -33.4292091, -70.6694445 -33.4291312)",30,,,,,
254346783,254344556,0,675481989,False,3,Matucana,primary,319.263,"LINESTRING (-70.68040000000001 -33.434554, -70.6802634 -33.4358475, -70.68018480000001 -33.4369869, -70.68015130000001 -33.4373025, -70.68014030000001 -33.4374167)",,,,,,
254346794,7787943387,0,238513527,True,2,Martínez de Rozas,tertiary,196.841,"LINESTRING (-70.6689686 -33.4338032, -70.6690955 -33.4338112, -70.67012440000001 -33.4338787, -70.67108380000001 -33.4339368)",,,,,,
254346794,254346739,0,447780991,True,2,Avenida Ricardo Cumming,primary,186.20999999999998,"LINESTRING (-70.6689686 -33.4338032, -70.6689937 -33.4335416, -70.6690424 -33.4330175, -70.6691208 -33.4321334)",30,,,,,
264246077,254346739,0,"[27989202, 144917235]",True,2,Mapocho,secondary,203.535,"LINESTRING (-70.67130899999999 -33.4322502, -70.67023639999999 -33.4321702, -70.6692544 -33.4321372, -70.6691208 -33.4321334)",,,,,,
264246077,264246080,0,223877454,True,2,General Bulnes,tertiary,438.023,"LINESTRING (-70.67130899999999 -33.4322502, -70.6713482 -33.4319216, -70.6713779 -33.4317171, -70.67141239999999 -33.4314787, -70.67142370000001 -33.4314007, -70.671435 -33.4313226, -70.6715411 -33.4306414, -70.6715628 -33.4304403, -70.67163789999999 -33.4297444, -70.67172170000001 -33.4291109, -70.67178319999999 -33.4284446, -70.67179779999999 -33.4283328)",,,,,,
264246080,6700679092,0,323913765,False,,Ciclovia General Bulnes,cycleway,15.953,"LINESTRING (-70.67179779999999 -33.4283328, -70.6719001 -33.4282175)",,,,,,
285738744,6214791292,0,277736617,True,,Esmeralda,unclassified,78.515,"LINESTRING (-70.6494148 -33.434605, -70.6501576 -33.4345881, -70.650193 -33.4345942, -70.6502174 -33.4346086, -70.6502356 -33.4346355)",,,,,,
609286248,15092712,0,106288154,True,3,Avenida Almirante Blanco Encalada,primary,36.216,"LINESTRING (-70.6656278 -33.4571772, -70.66600889999999 -33.4572478)",60,,,,,
609286248,609286250,0,47545275,False,2,Pasaje Nueva 1,residential,69.547,"LINESTRING (-70.6656278 -33.4571772, -70.66565559999999 -33.457068, -70.66577599999999 -33.4565641)",15,,,,,
609286270,609286248,0,106288154,True,3,Avenida Almirante Blanco Encalada,primary,31.987,"LINESTRING (-70.6652911 -33.4571152, -70.6656278 -33.4571772)",60,,,,,
609286270,609286319,0,47545274,False,2,Pasaje Nueva 2,residential,69.634,"LINESTRING (-70.6652911 -33.4571152, -70.6653156 -33.4570241, -70.66542629999999 -33.4564993)",15,,,,,
612756370,254343740,0,"[23406232, 443094737, 447766844, 223877454]",True,2,General Bulnes,tertiary,1269.7699999999998,"LINESTRING (-70.6690746 -33.4481198, -70.6690844 -33.4480511, -70.6692692 -33.4467991, -70.669505 -33.4453943, -70.66960419999999 -33.4447656, -70.6696974 -33.444132, -70.66987520000001 -33.4428963, -70.6700329 -33.4416877, -70.670102 -33.4411013, -70.6701796 -33.4405017, -70.67031249999999 -33.4393547, -70.6705451 -33.4377942, -70.67062079999999 -33.437298, -70.6706925 -33.4367815)",,,,,,
1070152542,1070152543,0,92188031,False,,Ciclovía Matta,cycleway,179.695,"LINESTRING (-70.64729749999999 -33.4591518, -70.6491712 -33.4595617)",,yes,,,,
1070152542,265667610,0,"[293727760, 653482738, 46889269, 518091967]",True,,Arturo Prat,"['tertiary', 'residential']",1826.2879999999998,"LINESTRING (-70.64729749999999 -33.4591518, -70.6472694 -33.4592977, -70.6472572 -33.4593842, -70.6472162 -33.460401, -70.64719289999999 -33.460972, -70.64719119999999 -33.4610513, -70.6471384 -33.4623446, -70.6470916 -33.4634948, -70.6470894 -33.4635676, -70.64707420000001 -33.4639142, -70.6470666 -33.4640895, -70.64703710000001 -33.4647638, -70.6470063 -33.4654113, -70.64698079999999 -33.4659941, -70.6469542 -33.466662, -70.6469286 -33.467181, -70.6468699 -33.4684555, -70.6468242 -33.4695982, -70.64674840000001 -33.470862, -70.64671559999999 -33.4720322, -70.6466933 -33.4723991, -70.6466607 -33.4731905, -70.646631 -33.4738119, -70.6466164 -33.4741186, -70.6466029 -33.4744009, -70.6465484 -33.4755624)",60,,,,,
1070152542,7086673115,0,92188031,False,,Ciclovía Matta,cycleway,749.211,"LINESTRING (-70.64729749999999 -33.4591518, -70.6462597 -33.458947, -70.6461132 -33.4589256, -70.6454116 -33.4587776, -70.64531839999999 -33.4587544, -70.64521379999999 -33.4587296, -70.6443161 -33.4585093, -70.64375029999999 -33.458415, -70.64326610000001 -33.4583224, -70.6421222 -33.4580884, -70.6409242 -33.4578335, -70.6405647 -33.4577747, -70.6404833 -33.4577335, -70.6404428 -33.4577251, -70.6403273 -33.4577274, -70.6401161 -33.4576823, -70.640033 -33.4576449, -70.6398942 -33.4576435, -70.63953480000001 -33.4575514, -70.639475 -33.4575389)",,yes,,,,
1335409588,3458712206,0,"[7981160, 262442964]",True,1,Rosas,"['residential', 'unclassified']",527.709,"LINESTRING (-70.6502 -33.434893, -70.6502756 -33.4349019, -70.6515279 -33.4350313, -70.65160950000001 -33.4350397, -70.6517277 -33.4350549, -70.65297219999999 -33.4352154, -70.653434 -33.4353143, -70.65436010000001 -33.4354253, -70.65582070000001 -33.4355984)",,,,,,
1857514346,3891166960,0,208159321,True,2,Gorbea,secondary,225.345,"LINESTRING (-70.6649826 -33.4528804, -70.6662587 -33.4531646, -70.6672197 -33.4533802, -70.6673285 -33.4534058)",,,,,,
1857514346,609286195,0,441510939,True,2,Club Hípico,secondary,165.94,"LINESTRING (-70.6649826 -33.4528804, -70.6650027 -33.4529353, -70.6650155 -33.4529849, -70.6650178 -33.4530448, -70.66502010000001 -33.4531306, -70.6650133 -33.4536662, -70.6650133 -33.4541102, -70.6650157 -33.454369)",60,,,,,
2195161754,3458712206,0,"[679123025, 447275473, 679123026, 448373171]",True,2,Teatinos,secondary,354.875,"LINESTRING (-70.6558448 -33.4324422, -70.6558709 -33.4324603, -70.6558969 -33.4324919, -70.6559125 -33.4325247, -70.6559221 -33.4325663, -70.6559261 -33.4326042, -70.6559247 -33.4327909, -70.6559573 -33.4330912, -70.6559845 -33.4332081, -70.65600329999999 -33.4332886, -70.65599589999999 -33.4342079, -70.6559748 -33.4343217, -70.6559374 -33.4344265, -70.65582070000001 -33.4355984)",,,,,,
2389929659,13877024,0,208159321,True,2,Gorbea,secondary,7.088,"LINESTRING (-70.6780546 -33.4555393, -70.67813099999999 -33.4555401)",,,,,,
2389929659,5917118231,0,"[758761050, 156723523]",False,,Ciclovía Exposición,cycleway,1515.991,"LINESTRING (-70.6780546 -33.4555393, -70.6781479 -33.4567007, -70.6782405 -33.4581485, -70.6782999 -33.4589174, -70.6784064 -33.4601876, -70.6784814 -33.4613789, -70.6784791 -33.4614148, -70.6785307 -33.4614772, -70.6786031 -33.4624141, -70.6786099 -33.4624868, -70.6786568 -33.4629888, -70.6786905 -33.4634005, -70.6787198 -33.4637582, -70.6787805 -33.4644809, -70.67880150000001 -33.4649056, -70.6788038 -33.4649608, -70.6788249 -33.4654724, -70.67887159999999 -33.4663684, -70.67890060000001 -33.466679, -70.678916 -33.4668437, -70.67892310000001 -33.4670551, -70.6789253 -33.4671184, -70.6789393 -33.4678098, -70.6790565 -33.4691344)",,yes,,,,
2389929659,2389929661,0,156723523,False,,Ciclovía Exposición,cycleway,351.66600000000005,"LINESTRING (-70.6780546 -33.4555393, -70.6779756 -33.454596, -70.67797210000001 -33.4545307, -70.67792679999999 -33.4534505, -70.677869 -33.4523808)",,yes,,,,
3301484072,609286270,0,106288154,True,3,Avenida Almirante Blanco Encalada,primary,33.494,"LINESTRING (-70.66493819999999 -33.4570516, -70.6652911 -33.4571152)",60,,,,,
3301484072,3331853471,0,23402152,True,3,Club Hípico,secondary,170.52300000000002,"LINESTRING (-70.66493819999999 -33.4570516, -70.66493629999999 -33.4572289, -70.6649367 -33.4572486, -70.66498970000001 -33.4585844)",60,,,,,
3458712206,626082080,0,"[664052973, 448373171, 447593876, 448518900, 443083832]",True,2,Teatinos,"['primary', 'secondary']",1024.353,"LINESTRING (-70.65582070000001 -33.4355984, -70.6556913 -33.4366845, -70.65552460000001 -33.4378127, -70.65537569999999 -33.4389078, -70.6553049 -33.439451, -70.6552576 -33.4397275, -70.6552167 -33.4399649, -70.6552137 -33.4399787, -70.6551955 -33.4400617, -70.6551807 -33.4401292, -70.6551753 -33.4401538, -70.65491609999999 -33.4411707, -70.6548913 -33.4412558, -70.6547843 -33.4416944, -70.6546396 -33.4422139, -70.6546276 -33.4422649, -70.6546211 -33.4422876, -70.65442 -33.4433688, -70.6543434 -33.4438707, -70.65423610000001 -33.4444842, -70.65417119999999 -33.4446982)",,,,,,
3458712206,253281806,0,"[92360514, 23393704, 679131338, 33648939, 448544761, 448544764]",True,1,"['Rosas', 'Mario Kreutzberger']","['residential', 'unclassified']",814.135,"LINESTRING (-70.65582070000001 -33.4355984, -70.6572024 -33.4357152, -70.6578708 -33.4357659, -70.6585843 -33.43582, -70.6598841 -33.4358919, -70.66056260000001 -33.4359483, -70.66133929999999 -33.4360014, -70.66223189999999 -33.4360714, -70.6626634 -33.436109, -70.6644223 -33.4362571, -70.6645568 -33.4362696)",,,yes,,,
3891166960,2389929659,0,208159321,True,2,Gorbea,secondary,1023.8489999999999,"LINESTRING (-70.6673285 -33.4534058, -70.66860370000001 -33.4536769, -70.6692499 -33.4538087, -70.67075850000001 -33.4541264, -70.67241079999999 -33.454481, -70.6730767 -33.4546111, -70.6744822 -33.4548622, -70.67563130000001 -33.4551213, -70.6756915 -33.4551467, -70.6769233 -33.4553823, -70.6774838 -33.4554967, -70.6780546 -33.4555393)",,,,,,
4480062182,264246077,0,27989202,True,2,Mapocho,secondary,833.726,"LINESTRING (-70.68024490000001 -33.4330151, -70.6793969 -33.4329257, -70.67835890000001 -33.4328156, -70.6773401 -33.4327046, -70.676374 -33.4326153, -70.674926 -33.4325045, -70.6740331 -33.4324445, -70.6731589 -33.4323876, -70.6722815 -33.432323, -70.67130899999999 -33.4322502)",,,,,,
4831739242,227925875,0,39505780,True,2,Avenida Brasil,secondary,136.536,"LINESTRING (-70.6649725 -33.4335431, -70.66493939999999 -33.4340677, -70.6649302 -33.4343118, -70.66492239999999 -33.4347701)",,,,,,
4831739242,254346794,0,"[24358742, 238513527]",True,2,Martínez de Rozas,tertiary,371.95000000000005,"LINESTRING (-70.6649725 -33.4335431, -70.6663508 -33.4336328, -70.6667621 -33.4336543, -70.6674878 -33.4337018, -70.6683768 -33.433762, -70.6689686 -33.4338032)",,,,,,
4978288358,612756395,0,"[508533725, 92360510]",True,2,Avenida Brasil,secondary,142.635,"LINESTRING (-70.6648356 -33.4398164, -70.66490039999999 -33.4399257, -70.664918 -33.4399596, -70.6649274 -33.4399917, -70.66499760000001 -33.4402315, -70.6650382 -33.4404315, -70.6650618 -33.4406264, -70.665088 -33.4409864, -70.66508880000001 -33.4409979, -70.66509000000001 -33.4410137, -70.6650941 -33.4410708)",,,,,,
5054602487,253348621,0,"[13858411, 370353651]",True,3,Tarapacá,"['primary', 'secondary']",494.758,"LINESTRING (-70.64975870000001 -33.4472338, -70.6510863 -33.4474829, -70.652232 -33.4476395, -70.6523564 -33.4476553, -70.6529457 -33.4477271, -70.6535954 -33.4478048, -70.6543054 -33.4478834, -70.6550144 -33.4479721)",,,,,,
5054602487,252524630,0,518091963,True,2,Arturo Prat,residential,200.681,"LINESTRING (-70.64975870000001 -33.4472338, -70.6495303 -33.4482783, -70.6493768 -33.4490102)",,,,,,
5292080454,386344,0,"[562109577, 519185503]",True,2,"['Tucapel Jiménez', 'Dieciocho']",tertiary,453.707,"LINESTRING (-70.6585924 -33.4456234, -70.6586386 -33.4455181, -70.658672 -33.4454373, -70.65878840000001 -33.4449439, -70.65889060000001 -33.4442665, -70.658959 -33.443751, -70.65903040000001 -33.443104, -70.6590302 -33.4430608, -70.65902819999999 -33.4430358, -70.6590226 -33.4430088, -70.659012 -33.4429768, -70.6589913 -33.4429306, -70.6589737 -33.442892, -70.6589608 -33.4428556, -70.6589561 -33.4428327, -70.65895380000001 -33.4428138, -70.65895449999999 -33.4427631, -70.6591324 -33.4415942)",,,,,,
5292080454,1857514321,0,"[353008506, 547718580, 547718581, 547718582]",False,,Ciclovía Alameda,cycleway,711.926,"LINESTRING (-70.6585924 -33.4456234, -70.65874119999999 -33.4456553, -70.65942200000001 -33.4458238, -70.659486 -33.4459482, -70.6600096 -33.4460777, -70.6601167 -33.4459625, -70.6603448 -33.4459876, -70.6605763 -33.4460403, -70.6605359 -33.4464004, -70.6606013 -33.4464178, -70.66070790000001 -33.4464427, -70.6607951 -33.4464642, -70.6608133 -33.4463726, -70.6608269 -33.4463066, -70.6608722 -33.4463177, -70.6615453 -33.4464822, -70.661556 -33.4464898, -70.66156839999999 -33.4465009, -70.6615778 -33.4465163, -70.6615796 -33.4465305, -70.6615815 -33.4465456, -70.6615638 -33.4465927, -70.6615542 -33.4466145, -70.6615473 -33.4466313, -70.6616523 -33.4466566, -70.6617552 -33.4466786, -70.6618263 -33.4466096, -70.6619938 -33.4465938, -70.66240740000001 -33.446684, -70.6625172 -33.4465302, -70.6626061 -33.4465476, -70.6627589 -33.4465804, -70.66283230000001 -33.4467112, -70.663073 -33.44677, -70.6632073 -33.4468029, -70.6632288 -33.4468984, -70.66327080000001 -33.446942, -70.6635192 -33.4470061, -70.66363269999999 -33.4469727, -70.6642109 -33.4471061, -70.6645547 -33.4471814, -70.66458419999999 -33.4472571, -70.6646351 -33.4472699)",,,,,,
5292080454,1071220646,0,"[547718574, 547718582, 547718575]",False,,Ciclovía Alameda,cycleway,322.286,"LINESTRING (-70.6585924 -33.4456234, -70.6584799 -33.4455995, -70.65837670000001 -33.4457081, -70.6575385 -33.4455279, -70.6574736 -33.4456306, -70.6572984 -33.4455913, -70.6572469 -33.4455796, -70.65724659999999 -33.445507, -70.6571563 -33.4454302, -70.6565978 -33.4452354, -70.6564503 -33.44519, -70.656291 -33.4451374, -70.6562203 -33.4451802, -70.6557942 -33.4450816, -70.65572210000001 -33.4449637, -70.6556101 -33.4449464)",,,,,,
6273398601,1857514346,0,"[483731558, 669870425, 32840233, 208159321, 669870426]",True,"['3', '2']","['Gorbea', 'Puente Toesca']",secondary,675.8829999999999,"LINESTRING (-70.6584785 -33.4524563, -70.65899810000001 -33.4525643, -70.6590508 -33.4525734, -70.6591462 -33.4525951, -70.6592562 -33.4526127, -70.6593226 -33.4526202, -70.6593977 -33.4526146, -70.6594262 -33.4526102, -70.6594875 -33.4525954, -70.6595313 -33.4525781, -70.6595868 -33.4525507, -70.65963189999999 -33.4525171, -70.6596673 -33.4524851, -70.6596989 -33.452451, -70.6597209 -33.4524215, -70.6597453 -33.4523747, -70.65975709999999 -33.4523485, -70.6597823 -33.4522542, -70.6598154 -33.4521033, -70.65984760000001 -33.4519662, -70.65985860000001 -33.4519388, -70.6598745 -33.4519133, -70.6598927 -33.451892, -70.65991409999999 -33.4518732, -70.6599348 -33.4518594, -70.6599659 -33.4518452, -70.66005869999999 -33.4518336, -70.6605459 -33.4519295, -70.6617086 -33.4521582, -70.6630845 -33.4524517, -70.6644297 -33.452762, -70.6649826 -33.4528804)",60,,yes,,,
7086673173,252524630,0,"[366862512, 23404793]",True,2,"['Marín', 'Eleuterio Ramírez']",tertiary,675.587,"LINESTRING (-70.64231169999999 -33.447547, -70.64233609999999 -33.4475484, -70.6436374 -33.4477919, -70.64372059999999 -33.4478218, -70.644876 -33.4480743, -70.6470427 -33.4485221, -70.6485733 -33.4488314, -70.6493768 -33.4490102)",,,,,,
7086673173,7086673171,0,758763544,False,,,cycleway,268.048,"LINESTRING (-70.64231169999999 -33.447547, -70.6422948 -33.4476177, -70.6419514 -33.4487311, -70.6419435 -33.4487517, -70.6417905 -33.4491463, -70.6415598 -33.4498378, -70.64154859999999 -33.4498712)",,,,,,
7086673173,7622691300,0,758763544,False,,,cycleway,157.129,"LINESTRING (-70.64231169999999 -33.447547, -70.6423333 -33.4474701, -70.64244530000001 -33.4469635, -70.64250130000001 -33.4466263, -70.6425287 -33.4465006, -70.6425362 -33.4464663, -70.6425916 -33.4461538)",,,,,,
7622691300,5054602487,0,"[13858411, 92361438]",True,"['4', '3']","['Curicó', 'Tarapacá']",primary,683.2719999999999,"LINESTRING (-70.6425916 -33.4461538, -70.6426357 -33.4461641, -70.64279209999999 -33.4461467, -70.6432238 -33.4462208, -70.6439917 -33.4462948, -70.6440652 -33.4462865, -70.6441549 -33.4462763, -70.64428770000001 -33.4462397, -70.6444865 -33.4461917, -70.6445492 -33.4461801, -70.6445837 -33.4461781, -70.6447012 -33.4461923, -70.6451457 -33.4462547, -70.64529690000001 -33.446326, -70.64605950000001 -33.4465011, -70.647076 -33.4467262, -70.64810850000001 -33.4469258, -70.64892829999999 -33.4470847, -70.64975870000001 -33.4472338)",,,,,,
7622691300,7086673173,0,758763544,False,,,cycleway,157.129,"LINESTRING (-70.6425916 -33.4461538, -70.6425362 -33.4464663, -70.6425287 -33.4465006, -70.64250130000001 -33.4466263, -70.64244530000001 -33.4469635, -70.6423333 -33.4474701, -70.64231169999999 -33.447547)",,,,,,
7787943387,264246077,0,223877454,True,2,General Bulnes,tertiary,188.702,"LINESTRING (-70.67108380000001 -33.4339368, -70.6711877 -33.4331592, -70.67130899999999 -33.4322502)",,,,,,
7787943387,254346783,0,238513527,True,2,Martínez de Rozas,tertiary,867.2379999999999,"LINESTRING (-70.67108380000001 -33.4339368, -70.6721464 -33.4340075, -70.6730014 -33.4340741, -70.6738921 -33.4341316, -70.67431329999999 -33.4341582, -70.6744327 -33.4341627, -70.6747678 -33.4341822, -70.6761927 -33.4342776, -70.6771431 -33.4343477, -70.678214 -33.4344121, -70.6792652 -33.4344854, -70.68040000000001 -33.434554)",,,,,,
388715,130334653,0,41764798,False,4,Avenida Portugal,secondary,236.66899999999998,"LINESTRING (-70.6353257 -33.4482017, -70.63540450000001 -33.447912, -70.63559650000001 -33.4472039, -70.63599139999999 -33.4461488)",,,,,,
388715,476178254,0,41764798,False,4,Avenida Portugal,secondary,387.543,"LINESTRING (-70.6353257 -33.4482017, -70.6349831 -33.4495544, -70.63475459999999 -33.450447, -70.6347299 -33.4505359, -70.6344608 -33.4516114)",,,,,,
388715,710722679,0,242669436,True,3,Santa Isabel,secondary,300.458,"LINESTRING (-70.6353257 -33.4482017, -70.63446639999999 -33.4479658, -70.6342106 -33.4478956, -70.633695 -33.447754, -70.632465 -33.4474362, -70.6323611 -33.4474173, -70.6322368 -33.4474418)",,,,,,
253281656,1857514325,0,196772150,True,2,Avenida Brasil,secondary,571.6359999999999,"LINESTRING (-70.6651265 -33.4421791, -70.6651018 -33.4433681, -70.6649726 -33.4442865, -70.6649077 -33.4448416, -70.6648613 -33.4452581, -70.6646559 -33.4466846, -70.6646527 -33.4467546, -70.6646648 -33.4469228, -70.6647423 -33.4472928)",,,,,,
254346567,254346794,0,447780991,True,2,Avenida Ricardo Cumming,primary,124.943,"LINESTRING (-70.66885449999999 -33.4349228, -70.6689686 -33.4338032)",30,,,,,
254346567,227925875,0,"[92360512, 448177167]",True,2,"['San Pablo', 'Avenida San Pablo']",primary,365.271,"LINESTRING (-70.66885449999999 -33.4349228, -70.6683364 -33.4348997, -70.6673665 -33.4348654, -70.66628059999999 -33.4348213, -70.66492239999999 -33.4347701)",50,,,,,
254346870,254346567,0,92360512,True,2,Avenida San Pablo,primary,111.27199999999999,"LINESTRING (-70.6700524 -33.4349672, -70.6700218 -33.4349645, -70.66984669999999 -33.4349583, -70.6689722 -33.4349273, -70.66885449999999 -33.4349228)",50,,,,,
285738885,1691362559,0,814502479,False,6,Puente Loreto,primary,11.704,"LINESTRING (-70.6428001 -33.4347007, -70.6427778 -33.4345971)",,,,,,
285738885,6358908269,0,"[679088072, 444825661]",True,3,José Miguel de la Barra,primary,153.737,"LINESTRING (-70.6428001 -33.4347007, -70.64287520000001 -33.4347813, -70.6429053 -33.4348889, -70.64315670000001 -33.4355955, -70.6433425 -33.4359997)",,,,,,
476178254,1070152557,0,13858323,True,2,Portugal,secondary,526.2059999999999,"LINESTRING (-70.6344608 -33.4516114, -70.6342265 -33.4526261, -70.63420929999999 -33.4526922, -70.63419089999999 -33.4527631, -70.6339249 -33.4537887, -70.63390080000001 -33.4538818, -70.6338817 -33.4539554, -70.6335545 -33.4552167, -70.6333415 -33.4560378, -70.63333369999999 -33.4561342, -70.6333236 -33.4562455)",,,,,,
476178254,388715,0,41764798,False,4,Avenida Portugal,secondary,387.543,"LINESTRING (-70.6344608 -33.4516114, -70.6347299 -33.4505359, -70.63475459999999 -33.450447, -70.6349831 -33.4495544, -70.6353257 -33.4482017)",,,,,,
1070152557,265664853,0,13858323,True,2,Portugal,secondary,9.358,"LINESTRING (-70.6333236 -33.4562455, -70.6333049 -33.4563282)",,,,,,
1070152557,1262182617,0,92188031,False,,Ciclovía Matta,cycleway,326.059,"LINESTRING (-70.6333236 -33.4562455, -70.6331258 -33.4562159, -70.6330562 -33.4561657, -70.6329295 -33.4561663, -70.6325775 -33.4560938, -70.6324762 -33.4560361, -70.632154 -33.4559792, -70.6318912 -33.4559289, -70.63129410000001 -33.4558073, -70.6307582 -33.4557045, -70.63061190000001 -33.4556777, -70.62993729999999 -33.4555331)",,yes,,,,
1070152557,7086673115,0,92188031,False,,Ciclovía Matta,cycleway,593.111,"LINESTRING (-70.6333236 -33.4562455, -70.6342808 -33.4564522, -70.6343308 -33.4564648, -70.6344673 -33.4564747, -70.6357726 -33.4567527, -70.6358065 -33.4567294, -70.635848 -33.456755, -70.63596579999999 -33.4567658, -70.6359908 -33.4567823, -70.6360617 -33.4568306, -70.6361624 -33.4568377, -70.63628610000001 -33.4568659, -70.63681819999999 -33.4569632, -70.636938 -33.456996, -70.6377334 -33.4571701, -70.638141 -33.4572565, -70.63820680000001 -33.4572968, -70.6382667 -33.4573095, -70.6383538 -33.4573016, -70.6394145 -33.4575263, -70.639475 -33.4575389)",,yes,,,,
1691362559,285738885,0,814502479,False,6,Puente Loreto,primary,11.704,"LINESTRING (-70.6427778 -33.4345971, -70.6428001 -33.4347007)",,,,,,
1691362559,5262599268,0,"[456672273, 675433822]",False,,Ciclovía Parque Forestal,"['cycleway', 'path']",732.1609999999998,"LINESTRING (-70.6427778 -33.4345971, -70.64262479999999 -33.434627, -70.6389947 -33.4354328, -70.63888350000001 -33.4354613, -70.636899 -33.4359101, -70.63553899999999 -33.4362231, -70.6355394 -33.4363015, -70.6355459 -33.4363736, -70.6355654 -33.4365506)",,,,1,,
1691362559,6700679120,0,"[323913760, 323913763, 532827076, 532827077, 532827078, 321238223, 321238224, 456672273, 562615861]",False,,"['Mapocho 42K', 'Ciclovía Parque Forestal']",cycleway,2829.493000000001,"LINESTRING (-70.6427778 -33.4345971, -70.6429399 -33.4345571, -70.64296160000001 -33.4345523, -70.64544429999999 -33.4339781, -70.6478552 -33.4333805, -70.6480493 -33.4333464, -70.6485479 -33.4332314, -70.6485979 -33.4332132, -70.6487479 -33.4331708, -70.6488798 -33.4330939, -70.65039659999999 -33.4327396, -70.651672 -33.4324318, -70.6529377 -33.4321534, -70.6530815 -33.4321196, -70.6536385 -33.4319882, -70.6553572 -33.4315932, -70.657195 -33.4311712, -70.65946169999999 -33.4306535, -70.6595185 -33.4307084, -70.6595378 -33.4307227, -70.6595552 -33.4307356, -70.65957710000001 -33.430749, -70.6596023 -33.430763, -70.6596311 -33.4307768, -70.6596639 -33.4307906, -70.65970110000001 -33.4308054, -70.6597347 -33.4308183, -70.65976240000001 -33.4308273, -70.659791 -33.4308363, -70.6598094 -33.4308442, -70.65982959999999 -33.4308587, -70.6598565 -33.4308817, -70.65992970000001 -33.4308535, -70.659994 -33.4308268, -70.6600297 -33.4308134, -70.660048 -33.4308078, -70.6600744 -33.4308043, -70.66010230000001 -33.430805, -70.6601381 -33.4308074, -70.6601845 -33.430811, -70.66026359999999 -33.4308124, -70.6603025 -33.4308111, -70.660346 -33.4308059, -70.6604451 -33.4307859, -70.66059300000001 -33.4307336, -70.6611924 -33.4305358, -70.6613821 -33.4304401, -70.6614675 -33.4303982, -70.66152049999999 -33.4303461, -70.6615382 -33.4302738, -70.66213860000001 -33.430113, -70.66383449999999 -33.4295588, -70.6646647 -33.4292868, -70.6654929 -33.4290166, -70.66817399999999 -33.428154, -70.67111370000001 -33.4271232, -70.67114719999999 -33.4271248, -70.6711698 -33.4271364, -70.6711988 -33.427148, -70.671267 -33.4271455, -70.67133509999999 -33.4271539, -70.6715487 -33.4271116)",,,yes,1,,
1857514321,1857514325,0,353008506,False,,Ciclovía Alameda,cycleway,10.267,"LINESTRING (-70.6646351 -33.4472699, -70.6647423 -33.4472928)",,,,,,
1857514321,4978288358,0,"[43704635, 445511083, 447781291]",True,2,"['Almirante Latorre', 'Avenida Brasil']",secondary,833.4879999999999,"LINESTRING (-70.6646351 -33.4472699, -70.6645572 -33.4470108, -70.66453540000001 -33.4468925, -70.6645163 -33.4467389, -70.66475629999999 -33.4448238, -70.6648282 -33.4442749, -70.66495740000001 -33.4433541, -70.6649839 -33.4421651, -70.66498900000001 -33.4420911, -70.6649678 -33.44112, -70.6649675 -33.4411085, -70.6649659 -33.4410712, -70.6649637 -33.4409977, -70.6649537 -33.4406592, -70.6649134 -33.4402476, -70.6648445 -33.4400057, -70.66484060000001 -33.4399922, -70.6648198 -33.4399191, -70.6648356 -33.4398164)",,,,,,
1857514321,5292080454,0,"[353008506, 547718580, 547718581, 547718582]",False,,Ciclovía Alameda,cycleway,711.9259999999999,"LINESTRING (-70.6646351 -33.4472699, -70.66458419999999 -33.4472571, -70.6645547 -33.4471814, -70.6642109 -33.4471061, -70.66363269999999 -33.4469727, -70.6635192 -33.4470061, -70.66327080000001 -33.446942, -70.6632288 -33.4468984, -70.6632073 -33.4468029, -70.663073 -33.44677, -70.66283230000001 -33.4467112, -70.6627589 -33.4465804, -70.6626061 -33.4465476, -70.6625172 -33.4465302, -70.66240740000001 -33.446684, -70.6619938 -33.4465938, -70.6618263 -33.4466096, -70.6617552 -33.4466786, -70.6616523 -33.4466566, -70.6615473 -33.4466313, -70.6615542 -33.4466145, -70.6615638 -33.4465927, -70.6615815 -33.4465456, -70.6615796 -33.4465305, -70.6615778 -33.4465163, -70.66156839999999 -33.4465009, -70.661556 -33.4464898, -70.6615453 -33.4464822, -70.6608722 -33.4463177, -70.6608269 -33.4463066, -70.6608133 -33.4463726, -70.6607951 -33.4464642, -70.66070790000001 -33.4464427, -70.6606013 -33.4464178, -70.6605359 -33.4464004, -70.6605763 -33.4460403, -70.6603448 -33.4459876, -70.6601167 -33.4459625, -70.6600096 -33.4460777, -70.659486 -33.4459482, -70.65942200000001 -33.4458238, -70.65874119999999 -33.4456553, -70.6585924 -33.4456234)",,,,,,
1857514325,1857514321,0,353008506,False,,Ciclovía Alameda,cycleway,10.267,"LINESTRING (-70.6647423 -33.4472928, -70.6646351 -33.4472699)",,,,,,
1857514325,4765531800,0,557381884,True,2,Almirante Latorre,secondary,13.969000000000001,"LINESTRING (-70.6647423 -33.4472928, -70.6647552 -33.4473588, -70.6647372 -33.4474156)",,,,,,
1857514325,6809887235,0,353008506,False,,Ciclovía Alameda,cycleway,261.20899999999995,"LINESTRING (-70.6647423 -33.4472928, -70.66491809999999 -33.4473266, -70.6650023 -33.4472297, -70.6657311 -33.4474053, -70.6658614 -33.4474899, -70.6663344 -33.4476198, -70.666408 -33.4476373, -70.6664675 -33.4476514, -70.6664834 -33.4476494, -70.666496 -33.4476459, -70.66650869999999 -33.4476374, -70.6665213 -33.4476314, -70.6665344 -33.4476292, -70.66655710000001 -33.4476308, -70.66699680000001 -33.4477228, -70.6670122 -33.4477237, -70.6670244 -33.4477221, -70.6670328 -33.4477182, -70.6671073 -33.4476742, -70.6671211 -33.4476743, -70.667266 -33.4477113, -70.6673418 -33.4477484)",,,,,,
3891166962,3891166960,0,179551969,True,1,República,residential,125.795,"LINESTRING (-70.6670946 -33.4545201, -70.6671092 -33.4544429, -70.6672049 -33.4539848, -70.6673121 -33.4534713, -70.6673285 -33.4534058)",60,,,,,
4399529555,4765531800,0,"[646137971, 445511085]",False,4,Almirante Latorre,secondary,426.484,"LINESTRING (-70.6645896 -33.4512454, -70.66467710000001 -33.4502992, -70.66471559999999 -33.4491676, -70.6647585 -33.4481581, -70.6647645 -33.4476738, -70.6647634 -33.4475601, -70.66475250000001 -33.4474838, -70.6647372 -33.4474156)",60,,,,,
4399529555,1857514346,0,"[448560506, 441510939]",True,2,"['Almirante Latorre', 'Club Hípico']",secondary,189.822,"LINESTRING (-70.6645896 -33.4512454, -70.6645992 -33.4513257, -70.6646085 -33.4513651, -70.66462110000001 -33.4514092, -70.6646413 -33.4514556, -70.66466389999999 -33.451498, -70.6646812 -33.4515293, -70.66471629999999 -33.4515702, -70.6648182 -33.4516336, -70.6649826 -33.4528804)",60,,,,,
4765531800,1857514321,0,445511083,True,,Almirante Latorre,secondary,19.563000000000002,"LINESTRING (-70.6647372 -33.4474156, -70.6646526 -33.4473435, -70.6646351 -33.4472699)",,,,,,
4765531800,4399529555,0,"[646137971, 445511085]",False,4,Almirante Latorre,secondary,426.48400000000004,"LINESTRING (-70.6647372 -33.4474156, -70.66475250000001 -33.4474838, -70.6647634 -33.4475601, -70.6647645 -33.4476738, -70.6647585 -33.4481581, -70.66471559999999 -33.4491676, -70.66467710000001 -33.4502992, -70.6645896 -33.4512454)",60,,,,,
5664289140,130019135,0,"[60442721, 518061195, 13858321]",True,2,"['Portugal', 'José Victorino Lastarria']","['residential', 'secondary']",294.234,"LINESTRING (-70.6405518 -33.440295, -70.640716 -33.4402341, -70.6407779 -33.4401718, -70.6411435 -33.439824, -70.6411954 -33.4397761, -70.6412054 -33.4397281, -70.6412038 -33.4396789, -70.6411816 -33.4394894, -70.64117039999999 -33.4393839, -70.6411379 -33.4390202, -70.6411342 -33.4388867, -70.64112129999999 -33.4387172, -70.64108640000001 -33.4382161, -70.6410558 -33.4378934)",30,,,,,
5664289140,386248,0,448515627,False,4,Avenida Portugal,secondary,588.901,"LINESTRING (-70.6405518 -33.440295, -70.6403138 -33.4403789, -70.6398403 -33.4409108, -70.6390141 -33.4417899, -70.6389465 -33.441858, -70.6388962 -33.4419105, -70.63790830000001 -33.4429241, -70.6378211 -33.4430267, -70.6377165 -33.4431573, -70.6375407 -33.4435479, -70.6373947 -33.4437798, -70.63692829999999 -33.4445652)",,,,,,
512785038,2296016646,0,220490164,False,,,cycleway,133.607,"LINESTRING (-70.6529915 -33.4515759, -70.6537041 -33.4516584, -70.6544178 -33.4517419)",,,,,,
626082058,6809887235,0,353008506,False,,Ciclovía Alameda,cycleway,1034.1549999999995,"LINESTRING (-70.6778463 -33.4506348, -70.6777945 -33.4506098, -70.6776551 -33.4505375, -70.6766354 -33.4503164, -70.6764926 -33.4502691, -70.6764125 -33.4502039, -70.6755769 -33.4499663, -70.67456369999999 -33.4497024, -70.6744563 -33.4497305, -70.67423909999999 -33.4496732, -70.67414309999999 -33.449644, -70.6741179 -33.4496194, -70.674098 -33.4496031, -70.6740082 -33.449563, -70.6739669 -33.4495508, -70.67295369999999 -33.4492649, -70.6729182 -33.4492425, -70.67285630000001 -33.4492244, -70.6727388 -33.4491899, -70.67250730000001 -33.4491233, -70.67245459999999 -33.4491497, -70.6720492 -33.4490628, -70.670422 -33.4486344, -70.67034750000001 -33.4486163, -70.6702396 -33.4485543, -70.6687697 -33.4481542, -70.66854669999999 -33.4481021, -70.6685039 -33.4481011, -70.6684498 -33.4480911, -70.66831620000001 -33.4480598, -70.6681999 -33.4480337, -70.66758590000001 -33.44783, -70.6674165 -33.4477849, -70.6673418 -33.4477484)",,,,,,
626082080,1071220646,0,"[547718576, 547718578, 547718579]",False,,Ciclovía Alameda,cycleway,151.19199999999998,"LINESTRING (-70.65417119999999 -33.4446982, -70.655483 -33.4450486, -70.6555012 -33.4449313, -70.6556101 -33.4449464)",,,,,,
1070152543,1070152542,0,92188031,False,,Ciclovía Matta,cycleway,179.695,"LINESTRING (-70.6491712 -33.4595617, -70.64729749999999 -33.4591518)",,yes,,,,
1071220646,5027727663,0,629534342,True,2,Lord Cochrane,tertiary,15.5,"LINESTRING (-70.6556101 -33.4449464, -70.655619 -33.4448072)",30,,,,,
1071220646,5292080454,0,"[547718582, 547718574, 547718575]",False,,Ciclovía Alameda,cycleway,322.286,"LINESTRING (-70.6556101 -33.4449464, -70.65572210000001 -33.4449637, -70.6557942 -33.4450816, -70.6562203 -33.4451802, -70.656291 -33.4451374, -70.6564503 -33.44519, -70.6565978 -33.4452354, -70.6571563 -33.4454302, -70.65724659999999 -33.445507, -70.6572469 -33.4455796, -70.6572984 -33.4455913, -70.6574736 -33.4456306, -70.6575385 -33.4455279, -70.65837670000001 -33.4457081, -70.6584799 -33.4455995, -70.6585924 -33.4456234)",,,,,,
1071220646,626082080,0,"[547718576, 547718578, 547718579]",False,,Ciclovía Alameda,cycleway,151.192,"LINESTRING (-70.6556101 -33.4449464, -70.6555012 -33.4449313, -70.655483 -33.4450486, -70.65417119999999 -33.4446982)",,,,,,
1262182617,1070152557,0,92188031,False,,Ciclovía Matta,cycleway,326.0590000000001,"LINESTRING (-70.62993729999999 -33.4555331, -70.63061190000001 -33.4556777, -70.6307582 -33.4557045, -70.63129410000001 -33.4558073, -70.6318912 -33.4559289, -70.632154 -33.4559792, -70.6324762 -33.4560361, -70.6325775 -33.4560938, -70.6329295 -33.4561663, -70.6330562 -33.4561657, -70.6331258 -33.4562159, -70.6333236 -33.4562455)",,yes,,,,
2296016642,2296016646,0,220490164,False,,,cycleway,155.811,"LINESTRING (-70.6560801 -33.4519412, -70.6554455 -33.4518595, -70.6549978 -33.4518074, -70.6544178 -33.4517419)",,,,,,
2296016646,512785038,0,220490164,False,,,cycleway,133.607,"LINESTRING (-70.6544178 -33.4517419, -70.6537041 -33.4516584, -70.6529915 -33.4515759)",,,,,,
2296016646,2296016642,0,220490164,False,,,cycleway,155.811,"LINESTRING (-70.6544178 -33.4517419, -70.6549978 -33.4518074, -70.6554455 -33.4518595, -70.6560801 -33.4519412)",,,,,,
2296016646,253348623,0,399499076,True,2,Lord Cochrane,tertiary,156.566,"LINESTRING (-70.6544178 -33.4517419, -70.65443 -33.451644, -70.6544328 -33.4516226, -70.6545053 -33.4511367, -70.6546397 -33.4503462)",30,,,,,
2389929661,2389929659,0,156723523,False,,Ciclovía Exposición,cycleway,351.666,"LINESTRING (-70.677869 -33.4523808, -70.67792679999999 -33.4534505, -70.67797210000001 -33.4545307, -70.6779756 -33.454596, -70.6780546 -33.4555393)",,yes,,,,
3791788997,6833352795,0,729398121,False,,,cycleway,626.229,"LINESTRING (-70.6716023 -33.4760362, -70.6712962 -33.4760233, -70.6712328 -33.4760198, -70.66997859999999 -33.4759995, -70.6681918 -33.4759588, -70.66629330000001 -33.4759181, -70.6652972 -33.4759045, -70.66485280000001 -33.475896)",,,,,,
5917118231,2389929659,0,"[758761050, 156723523]",False,,Ciclovía Exposición,cycleway,1515.991,"LINESTRING (-70.6790565 -33.4691344, -70.6789393 -33.4678098, -70.6789253 -33.4671184, -70.67892310000001 -33.4670551, -70.678916 -33.4668437, -70.67890060000001 -33.466679, -70.67887159999999 -33.4663684, -70.6788249 -33.4654724, -70.6788038 -33.4649608, -70.67880150000001 -33.4649056, -70.6787805 -33.4644809, -70.6787198 -33.4637582, -70.6786905 -33.4634005, -70.6786568 -33.4629888, -70.6786099 -33.4624868, -70.6786031 -33.4624141, -70.6785307 -33.4614772, -70.6784791 -33.4614148, -70.6784814 -33.4613789, -70.6784064 -33.4601876, -70.6782999 -33.4589174, -70.6782405 -33.4581485, -70.6781479 -33.4567007, -70.6780546 -33.4555393)",,yes,,,,
6700679092,264246080,0,323913765,False,,Ciclovia General Bulnes,cycleway,15.953,"LINESTRING (-70.6719001 -33.4282175, -70.67179779999999 -33.4283328)",,,,,,
6700679120,1691362559,0,"[323913760, 323913763, 532827076, 532827077, 532827078, 321238223, 321238224, 456672273, 562615861]",False,,"['Mapocho 42K', 'Ciclovía Parque Forestal']",cycleway,2829.4930000000004,"LINESTRING (-70.6715487 -33.4271116, -70.67133509999999 -33.4271539, -70.671267 -33.4271455, -70.6711988 -33.427148, -70.6711698 -33.4271364, -70.67114719999999 -33.4271248, -70.67111370000001 -33.4271232, -70.66817399999999 -33.428154, -70.6654929 -33.4290166, -70.6646647 -33.4292868, -70.66383449999999 -33.4295588, -70.66213860000001 -33.430113, -70.6615382 -33.4302738, -70.66152049999999 -33.4303461, -70.6614675 -33.4303982, -70.6613821 -33.4304401, -70.6611924 -33.4305358, -70.66059300000001 -33.4307336, -70.6604451 -33.4307859, -70.660346 -33.4308059, -70.6603025 -33.4308111, -70.66026359999999 -33.4308124, -70.6601845 -33.430811, -70.6601381 -33.4308074, -70.66010230000001 -33.430805, -70.6600744 -33.4308043, -70.660048 -33.4308078, -70.6600297 -33.4308134, -70.659994 -33.4308268, -70.65992970000001 -33.4308535, -70.6598565 -33.4308817, -70.65982959999999 -33.4308587, -70.6598094 -33.4308442, -70.659791 -33.4308363, -70.65976240000001 -33.4308273, -70.6597347 -33.4308183, -70.65970110000001 -33.4308054, -70.6596639 -33.4307906, -70.6596311 -33.4307768, -70.6596023 -33.430763, -70.65957710000001 -33.430749, -70.6595552 -33.4307356, -70.6595378 -33.4307227, -70.6595185 -33.4307084, -70.65946169999999 -33.4306535, -70.657195 -33.4311712, -70.6553572 -33.4315932, -70.6536385 -33.4319882, -70.6530815 -33.4321196, -70.6529377 -33.4321534, -70.651672 -33.4324318, -70.65039659999999 -33.4327396, -70.6488798 -33.4330939, -70.6487479 -33.4331708, -70.6485979 -33.4332132, -70.6485479 -33.4332314, -70.6480493 -33.4333464, -70.6478552 -33.4333805, -70.64544429999999 -33.4339781, -70.64296160000001 -33.4345523, -70.6429399 -33.4345571, -70.6427778 -33.4345971)",,,yes,1,,
6809887235,626082058,0,353008506,False,,Ciclovía Alameda,cycleway,1034.155,"LINESTRING (-70.6673418 -33.4477484, -70.6674165 -33.4477849, -70.66758590000001 -33.44783, -70.6681999 -33.4480337, -70.66831620000001 -33.4480598, -70.6684498 -33.4480911, -70.6685039 -33.4481011, -70.66854669999999 -33.4481021, -70.6687697 -33.4481542, -70.6702396 -33.4485543, -70.67034750000001 -33.4486163, -70.670422 -33.4486344, -70.6720492 -33.4490628, -70.67245459999999 -33.4491497, -70.67250730000001 -33.4491233, -70.6727388 -33.4491899, -70.67285630000001 -33.4492244, -70.6729182 -33.4492425, -70.67295369999999 -33.4492649, -70.6739669 -33.4495508, -70.6740082 -33.449563, -70.674098 -33.4496031, -70.6741179 -33.4496194, -70.67414309999999 -33.449644, -70.67423909999999 -33.4496732, -70.6744563 -33.4497305, -70.67456369999999 -33.4497024, -70.6755769 -33.4499663, -70.6764125 -33.4502039, -70.6764926 -33.4502691, -70.6766354 -33.4503164, -70.6776551 -33.4505375, -70.6777945 -33.4506098, -70.6778463 -33.4506348)",,,,,,
6809887235,1857514325,0,353008506,False,,Ciclovía Alameda,cycleway,261.209,"LINESTRING (-70.6673418 -33.4477484, -70.667266 -33.4477113, -70.6671211 -33.4476743, -70.6671073 -33.4476742, -70.6670328 -33.4477182, -70.6670244 -33.4477221, -70.6670122 -33.4477237, -70.66699680000001 -33.4477228, -70.66655710000001 -33.4476308, -70.6665344 -33.4476292, -70.6665213 -33.4476314, -70.66650869999999 -33.4476374, -70.666496 -33.4476459, -70.6664834 -33.4476494, -70.6664675 -33.4476514, -70.666408 -33.4476373, -70.6663344 -33.4476198, -70.6658614 -33.4474899, -70.6657311 -33.4474053, -70.6650023 -33.4472297, -70.66491809999999 -33.4473266, -70.6647423 -33.4472928)",,,,,,
6809887235,254346565,0,"[726515491, 726515492, 448540429, 23406233, 447780991]",True,2,Avenida Ricardo Cumming,primary,1244.4130000000002,"LINESTRING (-70.6673418 -33.4477484, -70.6673572 -33.4477218, -70.66739579999999 -33.4476701, -70.66745349999999 -33.4475689, -70.6674732 -33.4475281, -70.6674859 -33.4474921, -70.6675099 -33.4474096, -70.6675158 -33.4473677, -70.6675216 -33.4472886, -70.6675554 -33.4467758, -70.6675618 -33.4466299, -70.6675852 -33.4463578, -70.66766079999999 -33.4455414, -70.66769480000001 -33.4451832, -70.6677519 -33.4444882, -70.66779459999999 -33.4437754, -70.6678879 -33.4425943, -70.6678926 -33.4425626, -70.6681349 -33.4414455, -70.6682416 -33.4409231, -70.668373 -33.4403845, -70.668378 -33.440364, -70.66839419999999 -33.4402977, -70.66847129999999 -33.439157, -70.66857109999999 -33.4380209, -70.66861160000001 -33.4376382, -70.6686972 -33.4366456)",30,,,,,
6833352795,3791788997,0,729398121,False,,,cycleway,626.2290000000002,"LINESTRING (-70.66485280000001 -33.475896, -70.6652972 -33.4759045, -70.66629330000001 -33.4759181, -70.6681918 -33.4759588, -70.66997859999999 -33.4759995, -70.6712328 -33.4760198, -70.6712962 -33.4760233, -70.6716023 -33.4760362)",,,,,,
7086672681,7622691303,0,"[758764851, 758764853]",False,,,cycleway,590.736,"LINESTRING (-70.648636 -33.4525004, -70.6486486 -33.4524214, -70.6486536 -33.45239, -70.6487808 -33.4517701, -70.6488571 -33.4514111, -70.6489509 -33.4508943, -70.64905880000001 -33.4503583, -70.6490836 -33.4501797, -70.64919860000001 -33.4496673, -70.6496729 -33.4474378, -70.6496487 -33.4472629)",,,yes,,,
7086673115,1070152557,0,92188031,False,,Ciclovía Matta,cycleway,593.1110000000001,"LINESTRING (-70.639475 -33.4575389, -70.6394145 -33.4575263, -70.6383538 -33.4573016, -70.6382667 -33.4573095, -70.63820680000001 -33.4572968, -70.638141 -33.4572565, -70.6377334 -33.4571701, -70.636938 -33.456996, -70.63681819999999 -33.4569632, -70.63628610000001 -33.4568659, -70.6361624 -33.4568377, -70.6360617 -33.4568306, -70.6359908 -33.4567823, -70.63596579999999 -33.4567658, -70.635848 -33.456755, -70.6358065 -33.4567294, -70.6357726 -33.4567527, -70.6344673 -33.4564747, -70.6343308 -33.4564648, -70.6342808 -33.4564522, -70.6333236 -33.4562455)",,yes,,,,
7086673115,1070152542,0,92188031,False,,Ciclovía Matta,cycleway,749.2110000000001,"LINESTRING (-70.639475 -33.4575389, -70.63953480000001 -33.4575514, -70.6398942 -33.4576435, -70.640033 -33.4576449, -70.6401161 -33.4576823, -70.6403273 -33.4577274, -70.6404428 -33.4577251, -70.6404833 -33.4577335, -70.6405647 -33.4577747, -70.6409242 -33.4578335, -70.6421222 -33.4580884, -70.64326610000001 -33.4583224, -70.64375029999999 -33.458415, -70.6443161 -33.4585093, -70.64521379999999 -33.4587296, -70.64531839999999 -33.4587544, -70.6454116 -33.4587776, -70.6461132 -33.4589256, -70.6462597 -33.458947, -70.64729749999999 -33.4591518)",,yes,,,,
7086673115,7086673139,0,758763544,False,,,cycleway,1946.1440000000005,"LINESTRING (-70.639475 -33.4575389, -70.6394562 -33.4576395, -70.6394098 -33.4578871, -70.6391623 -33.4588884, -70.6390967 -33.4590861, -70.6389988 -33.4593812, -70.63869529999999 -33.4605948, -70.6386771 -33.4606581, -70.6384268 -33.4615279, -70.6384164 -33.4615752, -70.6382306 -33.4624201, -70.63820699999999 -33.4625104, -70.63807420000001 -33.4630181, -70.6379177 -33.4635402, -70.63789920000001 -33.4636111, -70.6376539 -33.4645492, -70.6376394 -33.4645966, -70.6375091 -33.4650245, -70.6372756 -33.4658134, -70.6372192 -33.4661149, -70.63718919999999 -33.466275, -70.636944 -33.4671652, -70.63691300000001 -33.4672738, -70.6367315 -33.4679093, -70.6366101 -33.4684411, -70.63659060000001 -33.4685215, -70.6365354 -33.4687488, -70.6362529 -33.4698006, -70.6362228 -33.4699095, -70.6361641 -33.470122, -70.635954 -33.4708933, -70.63583490000001 -33.4713218, -70.63582479999999 -33.471362, -70.635571 -33.4723717, -70.6355449 -33.4724643, -70.6354123 -33.4729346, -70.6353148 -33.4733068, -70.6350924 -33.4741558, -70.6350272 -33.4744505, -70.63498730000001 -33.474631)",,,,,,
7086673115,7086673171,0,758763544,False,,,cycleway,874.4840000000002,"LINESTRING (-70.639475 -33.4575389, -70.6395002 -33.4574721, -70.63951489999999 -33.4574332, -70.6397901 -33.4564982, -70.63980669999999 -33.4564416, -70.6398744 -33.4561357, -70.64013439999999 -33.4551273, -70.64014760000001 -33.4550759, -70.6403858 -33.4542441, -70.64049900000001 -33.453846, -70.6405166 -33.4537843, -70.640715 -33.4528901, -70.6407488 -33.4527237, -70.6407664 -33.4526369, -70.64099520000001 -33.451727, -70.6410511 -33.4514876, -70.641098 -33.4512867, -70.64118910000001 -33.4509478, -70.6412048 -33.4508926, -70.6412124 -33.4508659, -70.64135330000001 -33.4504857, -70.64154859999999 -33.4498712)",,,,,,
7086673139,7086673115,0,758763544,False,,,cycleway,1946.1440000000005,"LINESTRING (-70.63498730000001 -33.474631, -70.6350272 -33.4744505, -70.6350924 -33.4741558, -70.6353148 -33.4733068, -70.6354123 -33.4729346, -70.6355449 -33.4724643, -70.635571 -33.4723717, -70.63582479999999 -33.471362, -70.63583490000001 -33.4713218, -70.635954 -33.4708933, -70.6361641 -33.470122, -70.6362228 -33.4699095, -70.6362529 -33.4698006, -70.6365354 -33.4687488, -70.63659060000001 -33.4685215, -70.6366101 -33.4684411, -70.6367315 -33.4679093, -70.63691300000001 -33.4672738, -70.636944 -33.4671652, -70.63718919999999 -33.466275, -70.6372192 -33.4661149, -70.6372756 -33.4658134, -70.6375091 -33.4650245, -70.6376394 -33.4645966, -70.6376539 -33.4645492, -70.63789920000001 -33.4636111, -70.6379177 -33.4635402, -70.63807420000001 -33.4630181, -70.63820699999999 -33.4625104, -70.6382306 -33.4624201, -70.6384164 -33.4615752, -70.6384268 -33.4615279, -70.6386771 -33.4606581, -70.63869529999999 -33.4605948, -70.6389988 -33.4593812, -70.6390967 -33.4590861, -70.6391623 -33.4588884, -70.6394098 -33.4578871, -70.6394562 -33.4576395, -70.639475 -33.4575389)",,,,,,
7086673171,7086673115,0,758763544,False,,,cycleway,874.4840000000002,"LINESTRING (-70.64154859999999 -33.4498712, -70.64135330000001 -33.4504857, -70.6412124 -33.4508659, -70.6412048 -33.4508926, -70.64118910000001 -33.4509478, -70.641098 -33.4512867, -70.6410511 -33.4514876, -70.64099520000001 -33.451727, -70.6407664 -33.4526369, -70.6407488 -33.4527237, -70.640715 -33.4528901, -70.6405166 -33.4537843, -70.64049900000001 -33.453846, -70.6403858 -33.4542441, -70.64014760000001 -33.4550759, -70.64013439999999 -33.4551273, -70.6398744 -33.4561357, -70.63980669999999 -33.4564416, -70.6397901 -33.4564982, -70.63951489999999 -33.4574332, -70.6395002 -33.4574721, -70.639475 -33.4575389)",,,,,,
7086673171,7086673173,0,758763544,False,,,cycleway,268.048,"LINESTRING (-70.64154859999999 -33.4498712, -70.6415598 -33.4498378, -70.6417905 -33.4491463, -70.6419435 -33.4487517, -70.6419514 -33.4487311, -70.6422948 -33.4476177, -70.64231169999999 -33.447547)",,,,,,
7086673171,388715,0,"[242669435, 242669436]",True,3,Santa Isabel,secondary,606.6220000000001,"LINESTRING (-70.64154859999999 -33.4498712, -70.64034820000001 -33.4495081, -70.6390688 -33.4491924, -70.63810429999999 -33.4489547, -70.6367111 -33.4485914, -70.6353257 -33.4482017)",,,,,,
7086739478,7086739479,0,758771427,False,,,cycleway,35.216,"LINESTRING (-70.6542232 -33.4443814, -70.6542012 -33.4444778, -70.6541521 -33.4446925)",,,,,,
7086739479,7086739478,0,758771427,False,,,cycleway,35.216,"LINESTRING (-70.6541521 -33.4446925, -70.6542012 -33.4444778, -70.6542232 -33.4443814)",,,,,,
7622691303,7086672681,0,"[758764851, 758764853]",False,,,cycleway,590.736,"LINESTRING (-70.6496487 -33.4472629, -70.6496729 -33.4474378, -70.64919860000001 -33.4496673, -70.6490836 -33.4501797, -70.64905880000001 -33.4503583, -70.6489509 -33.4508943, -70.6488571 -33.4514111, -70.6487808 -33.4517701, -70.6486536 -33.45239, -70.6486486 -33.4524214, -70.648636 -33.4525004)",,,yes,,,
5262599268,1691362559,0,"[456672273, 675433822]",False,,Ciclovía Parque Forestal,"['cycleway', 'path']",732.161,"LINESTRING (-70.6355654 -33.4365506, -70.6355459 -33.4363736, -70.6355394 -33.4363015, -70.63553899999999 -33.4362231, -70.636899 -33.4359101, -70.63888350000001 -33.4354613, -70.6389947 -33.4354328, -70.64262479999999 -33.434627, -70.6427778 -33.4345971)",,,,1,,
130018932,130334653,0,447075646,True,2,Marín,tertiary,293.653,"LINESTRING (-70.6329393 -33.4454499, -70.6348496 -33.4458874, -70.6350262 -33.4459265, -70.63509120000001 -33.4459427, -70.63551769999999 -33.4460403, -70.63599139999999 -33.4461488)",50,,,,,
130019110,3686116667,0,"[518061196, 518061197]",True,3,Victoria Subercaseaux,primary,225.426,"LINESTRING (-70.64237369999999 -33.4395625, -70.64238880000001 -33.4394338, -70.6424059 -33.4393184, -70.6424415 -33.4391567, -70.64248430000001 -33.43902, -70.6425256 -33.4388988, -70.6426197 -33.438544, -70.64266430000001 -33.4384235, -70.64274589999999 -33.438287, -70.6429976 -33.4380433, -70.64316030000001 -33.4378439, -70.6432375 -33.437714)",,,,,,
130020016,4449477391,0,38956363,True,2,Santo Domingo,unclassified,15.946,"LINESTRING (-70.64338669999999 -33.4365035, -70.6435027 -33.4363977)",,,,,,
130020016,130020017,0,"[448211149, 679088063]",True,3,José Miguel de la Barra,primary,55.871,"LINESTRING (-70.64338669999999 -33.4365035, -70.6433461 -33.4364024, -70.6431788 -33.436032)",,,,,,
130020017,285738885,0,"[544401977, 444825660]",True,3,José Miguel de la Barra,primary,153.17499999999998,"LINESTRING (-70.6431788 -33.436032, -70.64312459999999 -33.4359358, -70.64280599999999 -33.4349117, -70.6427849 -33.4348001, -70.6428001 -33.4347007)",,,,,,
141061381,3301484072,0,441510939,True,2,Club Hípico,secondary,69.962,"LINESTRING (-70.66496770000001 -33.4564229, -70.66493819999999 -33.4570516)",60,,,,,
141061381,609286319,0,14421616,False,2,Domeyko,residential,43.384,"LINESTRING (-70.66496770000001 -33.4564229, -70.66542629999999 -33.4564993)",30,,,,,
253348626,253351461,0,"[156898441, 108852603, 649268044, 627916822]",True,3,Santa Isabel,secondary,523.27,"LINESTRING (-70.6542695 -33.4528587, -70.6535619 -33.4526828, -70.652844 -33.4525132, -70.6515888 -33.4521947, -70.65147210000001 -33.4521659, -70.6509391 -33.4520323, -70.6505039 -33.4519213, -70.65039760000001 -33.4518944, -70.6502763 -33.4518663, -70.64986589999999 -33.4517659, -70.6488648 -33.4515135)",,,,,,
253348626,2296016646,0,399499076,True,2,Lord Cochrane,tertiary,124.964,"LINESTRING (-70.6542695 -33.4528587, -70.6542974 -33.4525692, -70.6543417 -33.4522429, -70.6543822 -33.4519714, -70.6544178 -33.4517419)",30,,,,,
609286195,609286193,0,47545277,False,2,San Emilio,residential,67.648,"LINESTRING (-70.6650157 -33.454369, -70.66428790000001 -33.4543316)",15,,,,,
609286195,141061381,0,441510939,True,2,Club Hípico,secondary,228.432,"LINESTRING (-70.6650157 -33.454369, -70.6650003 -33.4550405, -70.6649977 -33.4551646, -70.6649938 -33.4552753, -70.664995 -33.4553347, -70.66496770000001 -33.4564229)",60,,,,,
609289244,3331853471,0,326532539,True,1,Tupper,tertiary,87.912,"LINESTRING (-70.66404559999999 -33.458516, -70.66412219999999 -33.4585214, -70.66498970000001 -33.4585844)",50,,,,,
609289244,7671726653,0,675481988,True,,,secondary,45.588,"LINESTRING (-70.66404559999999 -33.458516, -70.6640531 -33.4585373, -70.66405349999999 -33.4585595, -70.6640469 -33.458581, -70.6640362 -33.4585973, -70.6640214 -33.4586112, -70.6640033 -33.458622, -70.6639729 -33.4586311, -70.6639405 -33.4586315, -70.6639097 -33.4586232, -70.6638837 -33.458607, -70.6638686 -33.45859, -70.6638591 -33.4585703, -70.66385630000001 -33.4585436, -70.6638638 -33.4585177, -70.6638808 -33.458495, -70.6639064 -33.4584778, -70.66393909999999 -33.4584664)",20,,,,roundabout,
3331853471,3332468613,0,"[482138641, 692119690, 645052891, 441510940]",True,"['3', '2']",Club Hípico,secondary,1683.7529999999997,"LINESTRING (-70.66498970000001 -33.4585844, -70.6649872 -33.4586543, -70.6649544 -33.4609963, -70.6649529 -33.4622964, -70.6649354 -33.4635275, -70.6649251 -33.4655511, -70.66492119999999 -33.4665036, -70.6649244 -33.4673183, -70.6649137 -33.4692798, -70.6649086 -33.4696525, -70.6648994 -33.4700332, -70.6648986 -33.4705128, -70.6648768 -33.4711869, -70.66487119999999 -33.4717838, -70.66486810000001 -33.4721434, -70.66484989999999 -33.473332, -70.66484730000001 -33.4735052, -70.6648831 -33.4737239)",60,,,,,
3686116667,130020016,0,13858477,True,3,José Miguel de la Barra,primary,136.313,"LINESTRING (-70.6432375 -33.437714, -70.6432951 -33.4375879, -70.6433272 -33.4374617, -70.6433596 -33.4371979, -70.64338909999999 -33.4369222, -70.6434036 -33.4367963, -70.6434024 -33.4366297, -70.64338669999999 -33.4365035)",,,,,,
4449477391,285738744,0,"[679129704, 447787593, 679129705, 38956363, 39333619, 448213368]",True,2,"['Santo Domingo', 'Esmeralda']",unclassified,606.76,"LINESTRING (-70.6435027 -33.4363977, -70.6444443 -33.4357769, -70.644913 -33.4355071, -70.64588500000001 -33.4349526, -70.6459543 -33.4349131, -70.64607599999999 -33.4348579, -70.64616479999999 -33.4348177, -70.6475197 -33.4346317, -70.64893069999999 -33.4346183, -70.6494148 -33.434605)",,,,,,
4449477391,3686116667,0,"[663964323, 679088068, 450504413]",True,"['4', '1']","['José Miguel de la Barra', 'Merced']","['tertiary', 'primary']",164.41299999999998,"LINESTRING (-70.6435027 -33.4363977, -70.64351449999999 -33.4365059, -70.6433894 -33.4377417, -70.6432375 -33.437714)",,,,,,
5262662112,6358908269,0,146983147,True,2,Ismael Valdés Vergara,secondary,271.047,"LINESTRING (-70.6459136 -33.434843, -70.6458226 -33.4348834, -70.6448142 -33.4353314, -70.6444663 -33.435486, -70.6433425 -33.4359997)",,,,,,
5927868364,285738744,0,679129706,True,2,Diagonal Cervantes,unclassified,86.132,"LINESTRING (-70.649041 -33.433896, -70.6493747 -33.4345317, -70.6494148 -33.434605)",,,,,,
6358908269,4449477391,0,444825658,True,4,José Miguel de la Barra,primary,46.686,"LINESTRING (-70.6433425 -33.4359997, -70.6435027 -33.4363977)",,,,,,
6358908269,130020017,0,444825659,True,2,Ismael Valdés Vergara,secondary,15.609,"LINESTRING (-70.6433425 -33.4359997, -70.6431788 -33.436032)",,,,,,
7671726653,13882309,0,47911677,True,2,Beauchef,secondary,146.54600000000002,"LINESTRING (-70.66393909999999 -33.4584664, -70.6639498 -33.4576965, -70.66397430000001 -33.4571717, -70.6639764 -33.457149)",50,,,,,
7671726653,609289244,0,675481988,True,,,secondary,12.022,"LINESTRING (-70.66393909999999 -33.4584664, -70.6639701 -33.458468, -70.6640013 -33.4584766, -70.6640275 -33.4584932, -70.66404559999999 -33.458516)",20,,,,roundabout,
265665161,253348626,0,399499076,True,2,Lord Cochrane,tertiary,1934.8659999999998,"LINESTRING (-70.6521766 -33.4701705, -70.65223349999999 -33.4696111, -70.6522916 -33.4690434, -70.652349 -33.4685793, -70.65257130000001 -33.4666478, -70.65257680000001 -33.4665962, -70.6525876 -33.4665245, -70.65287549999999 -33.4642618, -70.6528843 -33.464201, -70.6530334 -33.4630106, -70.6531006 -33.4626091, -70.653184 -33.4618449, -70.6532533 -33.4613148, -70.65338079999999 -33.4601773, -70.6534089 -33.4599914, -70.6535921 -33.458683, -70.65370609999999 -33.4576332, -70.65379969999999 -33.4567685, -70.653907 -33.4559615, -70.6539748 -33.4553832, -70.653988 -33.4552627, -70.65403910000001 -33.454813, -70.6540844 -33.4544336, -70.6541206 -33.4541538, -70.6541907 -33.4535505, -70.6542695 -33.4528587)",30,,,,,
265688323,6809887235,0,23406233,True,2,Avenida Ricardo Cumming,primary,74.941,"LINESTRING (-70.66797 -33.448066, -70.6678004 -33.4479752, -70.66740969999999 -33.4478679, -70.6673739 -33.4478576, -70.6673531 -33.4478487, -70.6673409 -33.4478412, -70.6673346 -33.4478348, -70.66732949999999 -33.4478262, -70.6673253 -33.4478155, -70.66732450000001 -33.4478027, -70.6673248 -33.4477933, -70.66732570000001 -33.4477847, -70.6673273 -33.4477774, -70.6673333 -33.4477632, -70.6673418 -33.4477484)",30,,,,,
609286193,609286195,0,47545277,False,2,San Emilio,residential,67.648,"LINESTRING (-70.66428790000001 -33.4543316, -70.6650157 -33.454369)",15,,,,,
609286250,609286319,0,14421616,False,2,Domeyko,residential,33.239,"LINESTRING (-70.66577599999999 -33.4565641, -70.66557950000001 -33.4565307, -70.66542629999999 -33.4564993)",30,,,,,
609286250,15092712,0,"[14421616, 8000969]",False,2,"['Domeyko', 'Echaurren']",residential,94.601,"LINESTRING (-70.66577599999999 -33.4565641, -70.6659813 -33.4566039, -70.666014 -33.4566119, -70.66603499999999 -33.4566301, -70.666048 -33.4566532, -70.6660502 -33.4566785, -70.66600889999999 -33.4572478)",30,,,,,
609286250,609286248,0,47545275,False,2,Pasaje Nueva 1,residential,69.547,"LINESTRING (-70.66577599999999 -33.4565641, -70.66565559999999 -33.457068, -70.6656278 -33.4571772)",15,,,,,
609286319,141061381,0,14421616,False,2,Domeyko,residential,43.384,"LINESTRING (-70.66542629999999 -33.4564993, -70.66496770000001 -33.4564229)",30,,,,,
609286319,609286250,0,14421616,False,2,Domeyko,residential,33.239,"LINESTRING (-70.66542629999999 -33.4564993, -70.66557950000001 -33.4565307, -70.66577599999999 -33.4565641)",30,,,,,
609286319,609286270,0,47545274,False,2,Pasaje Nueva 2,residential,69.634,"LINESTRING (-70.66542629999999 -33.4564993, -70.6653156 -33.4570241, -70.6652911 -33.4571152)",15,,,,,
1279505078,130334912,0,367876780,True,,Mosqueto,residential,137.317,"LINESTRING (-70.64437049999999 -33.4365955, -70.644221 -33.4378241)",20,,,,,
2294204128,4389876458,0,44061474,False,4,Nueva Centenario,tertiary,945.6410000000001,"LINESTRING (-70.66472570000001 -33.4757398, -70.6636651 -33.4757378, -70.6621837 -33.4757087, -70.6618443 -33.4757093, -70.6616691 -33.4757148, -70.66153 -33.4757209, -70.6614082 -33.475728, -70.6610135 -33.475761, -70.65927979999999 -33.4759243, -70.65759850000001 -33.4760857, -70.6569494 -33.4761471, -70.6565636 -33.4761877, -70.65594520000001 -33.4762719, -70.6556902 -33.4762927, -70.6556259 -33.4762963, -70.6555465 -33.4762964, -70.6554641 -33.4762871, -70.6554052 -33.4762761, -70.6553339 -33.4762491, -70.65526920000001 -33.4762139, -70.6552167 -33.4761737, -70.65518899999999 -33.4761507, -70.65514829999999 -33.4761069, -70.6551039 -33.4760368, -70.6550484 -33.4759034, -70.6549881 -33.4757145)",30,,,,,
2426354335,2426354426,0,234379840,True,,Condominio Parque Almagro,service,152.479,"LINESTRING (-70.6507735 -33.452881, -70.6506737 -33.45358, -70.65058449999999 -33.4541254, -70.65055820000001 -33.4542402)",20,private,,,,driveway
2426354374,2426354440,0,234379841,False,,,service,121.964,"LINESTRING (-70.65156159999999 -33.4536123, -70.6510617 -33.4535402, -70.65102450000001 -33.4535452, -70.6510006 -33.4535608, -70.6509762 -33.453581, -70.6509655 -33.4536011, -70.6509593 -33.4536166, -70.65095890000001 -33.453645, -70.65096339999999 -33.4536692, -70.6509819 -33.4536929, -70.65099530000001 -33.4537063, -70.6510224 -33.4537194, -70.6515244 -33.4537918)",20,private,,,,
2426354440,2426354374,0,234379841,False,,,service,121.96399999999998,"LINESTRING (-70.6515244 -33.4537918, -70.6510224 -33.4537194, -70.65099530000001 -33.4537063, -70.6509819 -33.4536929, -70.65096339999999 -33.4536692, -70.65095890000001 -33.453645, -70.6509593 -33.4536166, -70.6509655 -33.4536011, -70.6509762 -33.453581, -70.6510006 -33.4535608, -70.65102450000001 -33.4535452, -70.6510617 -33.4535402, -70.65156159999999 -33.4536123)",20,private,,,,
2792557261,2792557264,0,274554349,True,1,,motorway_link,171.85800000000003,"LINESTRING (-70.6598742 -33.4396034, -70.66002659999999 -33.4403031, -70.6602202 -33.4408327, -70.66028489999999 -33.4410012, -70.66034550000001 -33.4410918)",30,,,,,
3901844305,3901844306,0,386824712,False,,Teresa Clark,residential,60.234,"LINESTRING (-70.66505340000001 -33.4504044, -70.66502300000001 -33.4509455)",15,,,,,
3901844306,3901844305,0,386824712,False,,Teresa Clark,residential,60.234,"LINESTRING (-70.66502300000001 -33.4509455, -70.66505340000001 -33.4504044)",15,,,,,
4389876458,2294204128,0,44061474,False,4,Nueva Centenario,tertiary,945.6410000000001,"LINESTRING (-70.6549881 -33.4757145, -70.6550484 -33.4759034, -70.6551039 -33.4760368, -70.65514829999999 -33.4761069, -70.65518899999999 -33.4761507, -70.6552167 -33.4761737, -70.65526920000001 -33.4762139, -70.6553339 -33.4762491, -70.6554052 -33.4762761, -70.6554641 -33.4762871, -70.6555465 -33.4762964, -70.6556259 -33.4762963, -70.6556902 -33.4762927, -70.65594520000001 -33.4762719, -70.6565636 -33.4761877, -70.6569494 -33.4761471, -70.65759850000001 -33.4760857, -70.65927979999999 -33.4759243, -70.6610135 -33.475761, -70.6614082 -33.475728, -70.66153 -33.4757209, -70.6616691 -33.4757148, -70.6618443 -33.4757093, -70.6621837 -33.4757087, -70.6636651 -33.4757378, -70.66472570000001 -33.4757398)",30,,,,,
4399956355,6872170744,0,733752407,False,1,Salida y entrada de vehiculos/peatones Universidad Bernardo O'Higgins,unclassified,54.992,"LINESTRING (-70.65878530000001 -33.4668574, -70.658725 -33.4669225, -70.65866029999999 -33.4669652, -70.6585956 -33.4669926, -70.65851670000001 -33.4670234, -70.6584433 -33.4670475, -70.6583761 -33.4670664, -70.65832709999999 -33.4670828, -70.6582782 -33.467089)",20,permit,,,,
5873610985,6325454295,0,158577338,False,,Cerro Santa Lucía,service,818.922,"LINESTRING (-70.64458689999999 -33.440212, -70.6444875 -33.4402932, -70.644459 -33.4403222, -70.644452 -33.4403477, -70.6444534 -33.4403709, -70.644464 -33.4403976, -70.6444778 -33.4404248, -70.6444915 -33.4404591, -70.64451579999999 -33.4405327, -70.6445363 -33.4406038, -70.6445511 -33.4406656, -70.6445633 -33.4407313, -70.64456370000001 -33.4408033, -70.6445535 -33.4408683, -70.6445358 -33.4409424, -70.6445181 -33.4410081, -70.6444884 -33.4411, -70.64442409999999 -33.4413033, -70.6443951 -33.4413768, -70.6443711 -33.4414172, -70.6443381 -33.4414535, -70.64431310000001 -33.4414745, -70.6442904 -33.4414903, -70.6442576 -33.4414987, -70.64421609999999 -33.4415028, -70.6441726 -33.4415046, -70.64412 -33.4415051, -70.6439798 -33.4415078, -70.6439096 -33.4415081, -70.64383340000001 -33.441506, -70.64377399999999 -33.4415036, -70.6437287 -33.4414988, -70.64367110000001 -33.4414877, -70.64362319999999 -33.4414723, -70.6435735 -33.4414504, -70.6435194 -33.4414227, -70.6434697 -33.4413932, -70.6434101 -33.4413536, -70.6433612 -33.4413164, -70.6433062 -33.4412712, -70.6432547 -33.4412276, -70.6432136 -33.4411885, -70.6431748 -33.4411515, -70.6431314 -33.441108, -70.643094 -33.4410673, -70.6430707 -33.4410369, -70.643049 -33.4410078, -70.6429997 -33.4409199, -70.64293929999999 -33.4407922, -70.6428844 -33.4406715, -70.64282830000001 -33.4405353, -70.64278729999999 -33.4404222, -70.6427521 -33.4403027, -70.6427302 -33.4402275, -70.6427154 -33.440151, -70.6427072 -33.44009, -70.6427047 -33.4400289, -70.64270399999999 -33.4399656, -70.6427099 -33.4399083, -70.6427159 -33.4398567, -70.64276049999999 -33.4397542, -70.64280220000001 -33.4396217, -70.6428471 -33.4395, -70.6429225 -33.4393544, -70.64305299999999 -33.4390523, -70.6431197 -33.4389063, -70.6431408 -33.4388681, -70.6431765 -33.4388313, -70.64320789999999 -33.4388109, -70.6432475 -33.4387926, -70.643281 -33.4387851, -70.64333000000001 -33.4387799, -70.6433756 -33.4387878, -70.6434101 -33.4388075, -70.6434332 -33.4388318, -70.6434435 -33.4388728, -70.6434387 -33.4389119, -70.6434136 -33.4389513, -70.6433794 -33.4389817, -70.6433535 -33.4389945, -70.643317 -33.4390016, -70.6432698 -33.4390006, -70.6432325 -33.439002, -70.6432009 -33.4390095, -70.6431826 -33.4390197, -70.64316839999999 -33.4390415, -70.6430415 -33.4395423, -70.6430282 -33.4396426, -70.64302309999999 -33.4397263, -70.64302170000001 -33.4398782, -70.64303 -33.4400087, -70.6430488 -33.4401217, -70.64305539999999 -33.4402292, -70.6430771 -33.4403051, -70.6431048 -33.4403679, -70.6431331 -33.4404335, -70.64313110000001 -33.4404788, -70.6431324 -33.4405255, -70.6432131 -33.4406985, -70.6432843 -33.440827)",30,private,,,,
6325454295,5873610985,0,158577338,False,,Cerro Santa Lucía,service,818.9220000000003,"LINESTRING (-70.6432843 -33.440827, -70.6432131 -33.4406985, -70.6431324 -33.4405255, -70.64313110000001 -33.4404788, -70.6431331 -33.4404335, -70.6431048 -33.4403679, -70.6430771 -33.4403051, -70.64305539999999 -33.4402292, -70.6430488 -33.4401217, -70.64303 -33.4400087, -70.64302170000001 -33.4398782, -70.64302309999999 -33.4397263, -70.6430282 -33.4396426, -70.6430415 -33.4395423, -70.64316839999999 -33.4390415, -70.6431826 -33.4390197, -70.6432009 -33.4390095, -70.6432325 -33.439002, -70.6432698 -33.4390006, -70.643317 -33.4390016, -70.6433535 -33.4389945, -70.6433794 -33.4389817, -70.6434136 -33.4389513, -70.6434387 -33.4389119, -70.6434435 -33.4388728, -70.6434332 -33.4388318, -70.6434101 -33.4388075, -70.6433756 -33.4387878, -70.64333000000001 -33.4387799, -70.643281 -33.4387851, -70.6432475 -33.4387926, -70.64320789999999 -33.4388109, -70.6431765 -33.4388313, -70.6431408 -33.4388681, -70.6431197 -33.4389063, -70.64305299999999 -33.4390523, -70.6429225 -33.4393544, -70.6428471 -33.4395, -70.64280220000001 -33.4396217, -70.64276049999999 -33.4397542, -70.6427159 -33.4398567, -70.6427099 -33.4399083, -70.64270399999999 -33.4399656, -70.6427047 -33.4400289, -70.6427072 -33.44009, -70.6427154 -33.440151, -70.6427302 -33.4402275, -70.6427521 -33.4403027, -70.64278729999999 -33.4404222, -70.64282830000001 -33.4405353, -70.6428844 -33.4406715, -70.64293929999999 -33.4407922, -70.6429997 -33.4409199, -70.643049 -33.4410078, -70.6430707 -33.4410369, -70.643094 -33.4410673, -70.6431314 -33.441108, -70.6431748 -33.4411515, -70.6432136 -33.4411885, -70.6432547 -33.4412276, -70.6433062 -33.4412712, -70.6433612 -33.4413164, -70.6434101 -33.4413536, -70.6434697 -33.4413932, -70.6435194 -33.4414227, -70.6435735 -33.4414504, -70.64362319999999 -33.4414723, -70.64367110000001 -33.4414877, -70.6437287 -33.4414988, -70.64377399999999 -33.4415036, -70.64383340000001 -33.441506, -70.6439096 -33.4415081, -70.6439798 -33.4415078, -70.64412 -33.4415051, -70.6441726 -33.4415046, -70.64421609999999 -33.4415028, -70.6442576 -33.4414987, -70.6442904 -33.4414903, -70.64431310000001 -33.4414745, -70.6443381 -33.4414535, -70.6443711 -33.4414172, -70.6443951 -33.4413768, -70.64442409999999 -33.4413033, -70.6444884 -33.4411, -70.6445181 -33.4410081, -70.6445358 -33.4409424, -70.6445535 -33.4408683, -70.64456370000001 -33.4408033, -70.6445633 -33.4407313, -70.6445511 -33.4406656, -70.6445363 -33.4406038, -70.64451579999999 -33.4405327, -70.6444915 -33.4404591, -70.6444778 -33.4404248, -70.644464 -33.4403976, -70.6444534 -33.4403709, -70.644452 -33.4403477, -70.644459 -33.4403222, -70.6444875 -33.4402932, -70.64458689999999 -33.440212)",30,private,,,,
6872170744,4399956355,0,733752407,False,1,Salida y entrada de vehiculos/peatones Universidad Bernardo O'Higgins,unclassified,54.992000000000004,"LINESTRING (-70.6582782 -33.467089, -70.65832709999999 -33.4670828, -70.6583761 -33.4670664, -70.6584433 -33.4670475, -70.65851670000001 -33.4670234, -70.6585956 -33.4669926, -70.65866029999999 -33.4669652, -70.658725 -33.4669225, -70.65878530000001 -33.4668574)",20,permit,,,,
