u,v,key,osmid,name,highway,maxspeed,oneway,length,geometry,access,service,lanes,tunnel
2371710229,2371710250,0,228497066,сургуулийн гудамж,residential,30,False,34.382,"LINESTRING (107.0410755 47.9158621, 107.0410755 47.9155529)",,,,
2371710229,2371710338,0,228497066,сургуулийн гудамж,residential,30,False,26.495,"LINESTRING (107.0410755 47.9158621, 107.0411076 47.9160994)",,,,
2371710241,2371710259,0,228497066,сургуулийн гудамж,residential,30,False,32.026,"LINESTRING (107.0418694 47.9161281, 107.0414402 47.9161425)",,,,
2371710241,2371710322,0,228497066,сургуулийн гудамж,residential,30,False,23.772,"LINESTRING (107.0418694 47.9161281, 107.0421698 47.9160562)",,,,
2371710250,2371710400,0,228497066,сургуулийн гудамж,residential,30,False,28.453,"LINESTRING (107.0410755 47.9155529, 107.0410164 47.9153001)",,,,
2371710250,2371710229,0,228497066,сургуулийн гудамж,residential,30,False,34.382,"LINESTRING (107.0410755 47.9155529, 107.0410755 47.9158621)",,,,
2371710259,2371710338,0,228497066,сургуулийн гудамж,residential,30,False,25.246,"LINESTRING (107.0414402 47.9161425, 107.0411076 47.9160994)",,,,
2371710259,2371710241,0,228497066,сургуулийн гудамж,residential,30,False,32.026,"LINESTRING (107.0414402 47.9161425, 107.0418694 47.9161281)",,,,
2371710266,2371710432,0,228497066,сургуулийн гудамж,residential,30,False,90.482,"LINESTRING (107.0440259 47.9159412, 107.0428135 47.915898)",,,,
2371710267,2371710453,0,228497066,сургуулийн гудамж,residential,30,False,18.131,"LINESTRING (107.0417514 47.9148266, 107.0419338 47.9149345)",,,,
2371710267,2371710455,0,228497066,сургуулийн гудамж,residential,30,False,11.453,"LINESTRING (107.0417514 47.9148266, 107.0416119 47.9148698)",,,,
2371710292,2371710424,0,228497066,сургуулийн гудамж,residential,30,False,47.722,"LINESTRING (107.0420947 47.9149848, 107.0426419 47.9147619)",,,,
2371710292,2371710453,0,228497066,сургуулийн гудамж,residential,30,False,13.232,"LINESTRING (107.0420947 47.9149848, 107.0419338 47.9149345)",,,,
2371710315,2371710449,0,228497066,сургуулийн гудамж,residential,30,False,22.401,"LINESTRING (107.0411613 47.9149992, 107.0413329 47.9148338)",,,,
2371710315,2371710400,0,228497066,сургуулийн гудамж,residential,30,False,35.158,"LINESTRING (107.0411613 47.9149992, 107.0410164 47.9153001)",,,,
2371710322,2371710241,0,228497066,сургуулийн гудамж,residential,30,False,23.772,"LINESTRING (107.0421698 47.9160562, 107.0418694 47.9161281)",,,,
2371710322,2371710432,0,228497066,сургуулийн гудамж,residential,30,False,51.095,"LINESTRING (107.0421698 47.9160562, 107.0428135 47.915898)",,,,
2371710338,2371710229,0,228497066,сургуулийн гудамж,residential,30,False,26.495,"LINESTRING (107.0411076 47.9160994, 107.0410755 47.9158621)",,,,
2371710338,2371710259,0,228497066,сургуулийн гудамж,residential,30,False,25.246,"LINESTRING (107.0411076 47.9160994, 107.0414402 47.9161425)",,,,
2371710400,2371710315,0,228497066,сургуулийн гудамж,residential,30,False,35.158,"LINESTRING (107.0410164 47.9153001, 107.0411613 47.9149992)",,,,
2371710400,2371710250,0,228497066,сургуулийн гудамж,residential,30,False,28.453,"LINESTRING (107.0410164 47.9153001, 107.0410755 47.9155529)",,,,
2371710424,2371710474,0,228497066,сургуулийн гудамж,residential,30,False,21.6,"LINESTRING (107.0426419 47.9147619, 107.0428672 47.9148841)",,,,
2371710424,2371710292,0,228497066,сургуулийн гудамж,residential,30,False,47.722,"LINESTRING (107.0426419 47.9147619, 107.0420947 47.9149848)",,,,
2371710432,2371710322,0,228497066,сургуулийн гудамж,residential,30,False,51.095,"LINESTRING (107.0428135 47.915898, 107.0421698 47.9160562)",,,,
2371710432,2371710266,0,228497066,сургуулийн гудамж,residential,30,False,90.482,"LINESTRING (107.0428135 47.915898, 107.0440259 47.9159412)",,,,
2371710449,2371710463,0,228497066,сургуулийн гудамж,residential,30,False,10.022,"LINESTRING (107.0413329 47.9148338, 107.041451 47.9147907)",,,,
2371710449,2371710315,0,228497066,сургуулийн гудамж,residential,30,False,22.401,"LINESTRING (107.0413329 47.9148338, 107.0411613 47.9149992)",,,,
2371710453,2371710292,0,228497066,сургуулийн гудамж,residential,30,False,13.232,"LINESTRING (107.0419338 47.9149345, 107.0420947 47.9149848)",,,,
2371710453,2371710267,0,228497066,сургуулийн гудамж,residential,30,False,18.131,"LINESTRING (107.0419338 47.9149345, 107.0417514 47.9148266)",,,,
2371710455,2371710267,0,228497066,сургуулийн гудамж,residential,30,False,11.453,"LINESTRING (107.0416119 47.9148698, 107.0417514 47.9148266)",,,,
2371710455,2371710463,0,228497066,сургуулийн гудамж,residential,30,False,14.871,"LINESTRING (107.0416119 47.9148698, 107.041451 47.9147907)",,,,
2371710463,2371710455,0,228497066,сургуулийн гудамж,residential,30,False,14.871,"LINESTRING (107.041451 47.9147907, 107.0416119 47.9148698)",,,,
2371710463,2371710449,0,228497066,сургуулийн гудамж,residential,30,False,10.022,"LINESTRING (107.041451 47.9147907, 107.0413329 47.9148338)",,,,
2371710474,2371710502,0,228497066,сургуулийн гудамж,residential,30,False,46.542,"LINESTRING (107.0428672 47.9148841, 107.0434894 47.9148482)",,,,
2371710474,2371710424,0,228497066,сургуулийн гудамж,residential,30,False,21.6,"LINESTRING (107.0428672 47.9148841, 107.0426419 47.9147619)",,,,
2371710502,2371710474,0,228497066,сургуулийн гудамж,residential,30,False,46.542,"LINESTRING (107.0434894 47.9148482, 107.0428672 47.9148841)",,,,
5025899149,5025899150,0,514437745,Arjanchivlan - Erdene,unclassified,30,False,242.855,"LINESTRING (107.5153935 47.6874925, 107.5127864 47.6887925)",,,,
5025899150,5025899149,0,514437745,Arjanchivlan - Erdene,unclassified,30,False,242.855,"LINESTRING (107.5127864 47.6887925, 107.5153935 47.6874925)",,,,
5025899150,5025899151,0,514437745,Arjanchivlan - Erdene,unclassified,30,False,53.034,"LINESTRING (107.5127864 47.6887925, 107.5121856 47.6890453)",,,,
5025899151,5025899150,0,514437745,Arjanchivlan - Erdene,unclassified,30,False,53.034,"LINESTRING (107.5121856 47.6890453, 107.5127864 47.6887925)",,,,
5025899151,5025899152,0,514437745,Arjanchivlan - Erdene,unclassified,30,False,46.723,"LINESTRING (107.5121856 47.6890453, 107.5117564 47.6893504)",,,,
5025899152,5025899151,0,514437745,Arjanchivlan - Erdene,unclassified,30,False,46.723,"LINESTRING (107.5117564 47.6893504, 107.5121856 47.6890453)",,,,
5025899152,5025899153,0,514437745,Arjanchivlan - Erdene,unclassified,30,False,100.995,"LINESTRING (107.5117564 47.6893504, 107.5108337 47.6900131)",,,,
5025899153,5025899152,0,514437745,Arjanchivlan - Erdene,unclassified,30,False,100.995,"LINESTRING (107.5108337 47.6900131, 107.5117564 47.6893504)",,,,
394532764,1477522627,0,166194521,,residential,20,False,4.38,"LINESTRING (106.9316876 47.9183292, 106.9316696 47.9182917)",,,,
480748240,6852368580,0,166194521,,residential,20,False,63.806,"LINESTRING (106.9304771 47.914094, 106.9304036 47.9146657)",,,,
754491084,5424186715,0,562687722,,service,5,True,39.235,"LINESTRING (106.8757286 47.9035921, 106.8754318 47.9038835)",,,,
937575788,1254026856,0,80335069,,trunk_link,20,False,5.653,"LINESTRING (106.8422194 47.9120493, 106.842225 47.9119986)",,,,
937575916,1254026910,0,80335069,,trunk_link,20,False,5.118,"LINESTRING (106.842242 47.9118448, 106.8422369 47.9118907)",,,,
947443904,4296330936,0,412621105,,service,20,False,12.834,"LINESTRING (106.9091835 47.9143381, 106.9092074 47.9142238)",destination,,,
1241687174,5695726160,0,598440207,,service,20,False,6.081,"LINESTRING (106.9110862 47.9025575, 106.9111568 47.9025301)",,parking_aisle,,
1252356921,5862390152,0,598440207,,service,20,False,15.9,"LINESTRING (106.9131088 47.9026187, 106.912906 47.9025744)",,parking_aisle,,
1254026711,1254026910,0,80335069,,trunk_link,20,False,5.965,"LINESTRING (106.842231 47.9119442, 106.8422369 47.9118907)",,,,
1254026711,1254026856,0,80335069,,trunk_link,20,False,6.066,"LINESTRING (106.842231 47.9119442, 106.842225 47.9119986)",,,,
1254026856,1254026711,0,80335069,,trunk_link,20,False,6.066,"LINESTRING (106.842225 47.9119986, 106.842231 47.9119442)",,,,
1254026856,937575788,0,80335069,,trunk_link,20,False,5.653,"LINESTRING (106.842225 47.9119986, 106.8422194 47.9120493)",,,,
1254026910,937575916,0,80335069,,trunk_link,20,False,5.118,"LINESTRING (106.8422369 47.9118907, 106.842242 47.9118448)",,,,
1254026910,1254026711,0,80335069,,trunk_link,20,False,5.965,"LINESTRING (106.8422369 47.9118907, 106.842231 47.9119442)",,,,
1264935122,2491832816,0,241573298,,residential,20,False,13.853,"LINESTRING (106.9005036 47.9170811, 106.9003186 47.9170689)",,,,
1268520420,3891884525,0,385851998,Сургуулиуд руу ордог зам,residential,20,False,18.35,"LINESTRING (106.8507786 47.9168407, 106.850832 47.9166796)",,,,
1477522550,2921518613,0,241409484,,residential,20,False,18.176,"LINESTRING (106.9311547 47.9141714, 106.9311748 47.9143343)",,,,
1477522627,7305750096,0,166194521,,residential,20,False,15.995,"LINESTRING (106.9316696 47.9182917, 106.9316883 47.9181484)",,,,
1477522627,394532764,0,166194521,,residential,20,False,4.38,"LINESTRING (106.9316696 47.9182917, 106.9316876 47.9183292)",,,,
1710976188,2491840549,0,241409483,,residential,20,False,9.805,"LINESTRING (106.9336535 47.9147082, 106.9335223 47.9147016)",,,,
1710976197,1776774439,0,166194653,,residential,20,False,27.739,"LINESTRING (106.9339336 47.9148913, 106.9340341 47.9151315)",,,,
1710976264,4119194412,0,410055481,,residential,20,False,25.186,"LINESTRING (106.9339041 47.916112, 106.9339141 47.9158856)",,,,
1731667209,3913959303,0,386123798,,residential,20,False,10.512,"LINESTRING (106.8794077 47.9113116, 106.8792668 47.9113158)",,,,
1776770699,6226234814,0,166194521,,residential,20,False,64.927,"LINESTRING (106.9307756 47.9158477, 106.9307593 47.9152639)",,,,
1776770699,1776770741,0,166194521,,residential,20,False,5.739,"LINESTRING (106.9307756 47.9158477, 106.9307422 47.9158942)",,,,
1776770702,1776770739,0,166194521,,residential,20,False,45.112,"LINESTRING (106.9316811 47.9173765, 106.9310769 47.9173516)",,,,
1776770702,3148657423,0,166194521,,residential,20,False,15.811,"LINESTRING (106.9316811 47.9173765, 106.9318184 47.9174849)",,,,
1776770702,1776774455,0,166194653,,residential,20,False,4.469,"LINESTRING (106.9316811 47.9173765, 106.9316375 47.9173489)",,,,
1776770704,6226234816,0,166194521,,residential,20,False,2.463,"LINESTRING (106.9303495 47.9152169, 106.9303353 47.9151969)",,,,
1776770704,6226234817,0,166194521,,residential,20,False,2.708,"LINESTRING (106.9303495 47.9152169, 106.9303769 47.9152329)",,,,
1776770706,6226234815,0,166194521,,residential,20,False,2.727,"LINESTRING (106.930747 47.915251, 106.9307146 47.9152396)",,,,
1776770706,6226234814,0,166194521,,residential,20,False,1.702,"LINESTRING (106.930747 47.915251, 106.9307593 47.9152639)",,,,
1776770708,6226234818,0,166194521,,residential,20,False,65.408,"LINESTRING (106.9304915 47.9166241, 106.9305526 47.9160373)",,,,
1776770708,6226234820,0,166194521,,residential,20,False,3.339,"LINESTRING (106.9304915 47.9166241, 106.9305123 47.9166507)",,,,
1776770732,6226234819,0,166194521,,residential,20,False,6.043,"LINESTRING (106.930629 47.9166658, 106.9305485 47.9166593)",,,,
1776770732,1776770744,0,166194521,,residential,20,False,71.919,"LINESTRING (106.930629 47.9166658, 106.9305637 47.9173111)",,,,
1776770735,3148657423,0,166194521,,residential,20,False,14.648,"LINESTRING (106.9318143 47.9176166, 106.9318184 47.9174849)",,,,
1776770735,7305750098,0,166194521,,residential,20,False,19.84,"LINESTRING (106.9318143 47.9176166, 106.9318044 47.9177949)",,,,
1776770737,1776770741,0,166194521,,residential,20,False,18.293,"LINESTRING (106.9305701 47.9160115, 106.9307422 47.9158942)",,,,
1776770737,6226234818,0,166194521,,residential,20,False,3.151,"LINESTRING (106.9305701 47.9160115, 106.9305526 47.9160373)",,,,
1776770739,2921518399,0,166194521,,residential,20,False,30.803,"LINESTRING (106.9310769 47.9173516, 106.9306642 47.9173362)",,,,
1776770739,1776770702,0,166194521,,residential,20,False,45.112,"LINESTRING (106.9310769 47.9173516, 106.9316811 47.9173765)",,,,
1776770741,1776770699,0,166194521,,residential,20,False,5.739,"LINESTRING (106.9307422 47.9158942, 106.9307756 47.9158477)",,,,
1776770741,1776770737,0,166194521,,residential,20,False,18.293,"LINESTRING (106.9307422 47.9158942, 106.9305701 47.9160115)",,,,
1776770744,1776770732,0,166194521,,residential,20,False,71.919,"LINESTRING (106.9305637 47.9173111, 106.930629 47.9166658)",,,,
1776770744,6226234812,0,166194521,,residential,20,False,1.654,"LINESTRING (106.9305637 47.9173111, 106.9305703 47.9173253)",,,,
1776774436,1776774437,0,166194653,,residential,20,False,22.635,"LINESTRING (106.933589 47.9152414, 106.9338906 47.9152654)",,,,
1776774436,1776774451,0,166194653,,residential,20,False,40.516,"LINESTRING (106.933589 47.9152414, 106.9330457 47.9152284)",,,,
1776774436,4119194415,0,410055481,,residential,20,False,37.283,"LINESTRING (106.933589 47.9152414, 106.9335681 47.9155764)",,,,
1776774437,6226234808,0,166194653,,residential,20,False,4.898,"LINESTRING (106.9338906 47.9152654, 106.9339563 47.9152643)",,,,
1776774437,1776774436,0,166194653,,residential,20,False,22.635,"LINESTRING (106.9338906 47.9152654, 106.933589 47.9152414)",,,,
1776774439,1710976197,0,166194653,,residential,20,False,27.739,"LINESTRING (106.9340341 47.9151315, 106.9339336 47.9148913)",,,,
1776774439,6226234809,0,166194653,,residential,20,False,7.183,"LINESTRING (106.9340341 47.9151315, 106.9340394 47.915196)",,,,
1776774441,1776774448,0,166194653,,residential,20,False,44.916,"LINESTRING (106.9318519 47.9159883, 106.9324529 47.9160186)",,,,
1776774441,1776774454,0,166194653,,residential,20,False,73.977,"LINESTRING (106.9318519 47.9159883, 106.9317834 47.916652)",,,,
1776774446,2921518611,0,166194653,,residential,20,False,9.079,"LINESTRING (106.9315946 47.917277, 106.9315771 47.9171962)",,,,
1776774446,1776774455,0,166194653,,residential,20,False,8.61,"LINESTRING (106.9315946 47.917277, 106.9316375 47.9173489)",,,,
1776774447,1776774452,0,166194653,,residential,20,False,6.345,"LINESTRING (106.9329786 47.9153085, 106.9329925 47.9152522)",,,,
1776774447,1776774457,0,166194653,,residential,20,False,13.623,"LINESTRING (106.9329786 47.9153085, 106.9329679 47.9154308)",,,,
1776774448,1776774450,0,166194653,,residential,20,False,41.583,"LINESTRING (106.9324529 47.9160186, 106.9324636 47.9156447)",,,,
1776774448,1776774441,0,166194653,,residential,20,False,44.916,"LINESTRING (106.9324529 47.9160186, 106.9318519 47.9159883)",,,,
1776774449,6226234810,0,166194653,,residential,20,False,7.221,"LINESTRING (106.9324744 47.9155009, 106.9325428 47.9154549)",,,,
1776774449,1776774450,0,166194653,,residential,20,False,16.01,"LINESTRING (106.9324744 47.9155009, 106.9324636 47.9156447)",,,,
1776774450,1776774449,0,166194653,,residential,20,False,16.01,"LINESTRING (106.9324636 47.9156447, 106.9324744 47.9155009)",,,,
1776774450,1776774448,0,166194653,,residential,20,False,41.583,"LINESTRING (106.9324636 47.9156447, 106.9324529 47.9160186)",,,,
1776774451,1776774436,0,166194653,,residential,20,False,40.516,"LINESTRING (106.9330457 47.9152284, 106.933589 47.9152414)",,,,
1776774451,1776774452,0,166194653,,residential,20,False,4.767,"LINESTRING (106.9330457 47.9152284, 106.9329925 47.9152522)",,,,
1776774452,1776774451,0,166194653,,residential,20,False,4.767,"LINESTRING (106.9329925 47.9152522, 106.9330457 47.9152284)",,,,
1776774452,1776774447,0,166194653,,residential,20,False,6.345,"LINESTRING (106.9329925 47.9152522, 106.9329786 47.9153085)",,,,
1776774453,1776774454,0,166194653,,residential,20,False,6.646,"LINESTRING (106.9317674 47.9167108, 106.9317834 47.916652)",,,,
1776774453,2921518611,0,166194653,,residential,20,False,55.806,"LINESTRING (106.9317674 47.9167108, 106.9315771 47.9171962)",,,,
1776774454,1776774441,0,166194653,,residential,20,False,73.977,"LINESTRING (106.9317834 47.916652, 106.9318519 47.9159883)",,,,
1776774454,1776774453,0,166194653,,residential,20,False,6.646,"LINESTRING (106.9317834 47.916652, 106.9317674 47.9167108)",,,,
1776774455,1776774446,0,166194653,,residential,20,False,8.61,"LINESTRING (106.9316375 47.9173489, 106.9315946 47.917277)",,,,
1776774455,1776770702,0,166194653,,residential,20,False,4.469,"LINESTRING (106.9316375 47.9173489, 106.9316811 47.9173765)",,,,
1776774456,6226234811,0,166194653,,residential,20,False,3.325,"LINESTRING (106.9328928 47.9154667, 106.9329357 47.9154585)",,,,
1776774456,1776774458,0,166194653,,residential,20,False,16.886,"LINESTRING (106.9328928 47.9154667, 106.9326675 47.9154506)",,,,
1776774457,1776774447,0,166194653,,residential,20,False,13.623,"LINESTRING (106.9329679 47.9154308, 106.9329786 47.9153085)",,,,
1776774457,6226234811,0,166194653,,residential,20,False,3.905,"LINESTRING (106.9329679 47.9154308, 106.9329357 47.9154585)",,,,
1776774458,1776774456,0,166194653,,residential,20,False,16.886,"LINESTRING (106.9326675 47.9154506, 106.9328928 47.9154667)",,,,
1776774458,6226234810,0,166194653,,residential,20,False,9.306,"LINESTRING (106.9326675 47.9154506, 106.9325428 47.9154549)",,,,
1776774459,6226234809,0,166194653,,residential,20,False,5.995,"LINESTRING (106.9340171 47.9152478, 106.9340394 47.915196)",,,,
1776774459,6226234808,0,166194653,,residential,20,False,4.889,"LINESTRING (106.9340171 47.9152478, 106.9339563 47.9152643)",,,,
1827538524,5816838220,0,619300008,,residential,20,False,35.619,"LINESTRING (106.9321927 47.8899543, 106.9321109 47.8896387)",,,,
2084990251,3148694492,0,309519204,,residential,20,False,27.295,"LINESTRING (106.8945278 47.9267353, 106.8946672 47.9269623)",,,,
2084990372,3148694485,0,309519204,,residential,20,False,6.702,"LINESTRING (106.8940391 47.9281906, 106.8940476 47.9281306)",,,,
2086204972,3913796444,0,388164738,,residential,20,False,51.575,"LINESTRING (106.9267943 47.9354219, 106.9274045 47.935641)",,,,
2088257461,4388974714,0,700141155,Тээвэрчдийн гудамж,service,30,False,122.343,"LINESTRING (106.8871543 47.9031142, 106.8887814 47.9029702)",,,2,
2371479706,5477060763,0,387356423,,residential,20,False,22.026,"LINESTRING (106.9452315 47.9230629, 106.9449377 47.9230847)",,,,
2490559779,2490559781,0,241409483,,residential,20,False,7.313,"LINESTRING (106.9334279 47.9146984, 106.9333325 47.914683)",,,,
2490559779,2491840549,0,241409483,,residential,20,False,7.044,"LINESTRING (106.9334279 47.9146984, 106.9335223 47.9147016)",,,,
2490559781,2490559783,0,241409483,,residential,20,False,26.834,"LINESTRING (106.9333325 47.914683, 106.9333111 47.9144421)",,,,
2490559781,2490559779,0,241409483,,residential,20,False,7.313,"LINESTRING (106.9333325 47.914683, 106.9334279 47.9146984)",,,,
2490559783,2490559781,0,241409483,,residential,20,False,26.834,"LINESTRING (106.9333111 47.9144421, 106.9333325 47.914683)",,,,
2490559783,2490559784,0,241409484,,residential,20,False,30.0,"LINESTRING (106.9333111 47.9144421, 106.9329087 47.9144493)",,,,
2490559784,2490559786,0,241409484,,residential,20,False,16.393,"LINESTRING (106.9329087 47.9144493, 106.9326888 47.9144529)",,,,
2490559784,2490559783,0,241409484,,residential,20,False,30.0,"LINESTRING (106.9329087 47.9144493, 106.9333111 47.9144421)",,,,
2490559786,2490559799,0,241409484,,residential,20,False,19.659,"LINESTRING (106.9326888 47.9144529, 106.9324259 47.9144385)",,,,
2490559786,2490559784,0,241409484,,residential,20,False,16.393,"LINESTRING (106.9326888 47.9144529, 106.9329087 47.9144493)",,,,
2490559799,2490559801,0,241409484,,residential,20,False,13.092,"LINESTRING (106.9324259 47.9144385, 106.9322543 47.9144637)",,,,
2490559799,2490559786,0,241409484,,residential,20,False,19.659,"LINESTRING (106.9324259 47.9144385, 106.9326888 47.9144529)",,,,
2490559801,2490559803,0,241409484,,residential,20,False,31.2,"LINESTRING (106.9322543 47.9144637, 106.9318358 47.9144565)",,,,
2490559801,2490559799,0,241409484,,residential,20,False,13.092,"LINESTRING (106.9322543 47.9144637, 106.9324259 47.9144385)",,,,
2490559803,2921518612,0,241409484,,residential,20,False,12.946,"LINESTRING (106.9318358 47.9144565, 106.9317059 47.9143792)",,,,
2490559803,2490559801,0,241409484,,residential,20,False,31.2,"LINESTRING (106.9318358 47.9144565, 106.9322543 47.9144637)",,,,
2491832806,2491832813,0,241573298,,residential,20,False,19.804,"LINESTRING (106.8994811 47.916951, 106.8997358 47.9170018)",,,,
2491832813,2491832814,0,241573298,,residential,20,False,6.086,"LINESTRING (106.8997358 47.9170018, 106.8998109 47.9170233)",,,,
2491832813,2491832806,0,241573298,,residential,20,False,19.804,"LINESTRING (106.8997358 47.9170018, 106.8994811 47.916951)",,,,
2491832814,2491832815,0,241573298,,residential,20,False,15.377,"LINESTRING (106.8998109 47.9170233, 106.9000147 47.9170449)",,,,
2491832814,2491832813,0,241573298,,residential,20,False,6.086,"LINESTRING (106.8998109 47.9170233, 106.8997358 47.9170018)",,,,
2491832815,2491832816,0,241573298,,residential,20,False,22.804,"LINESTRING (106.9000147 47.9170449, 106.9003186 47.9170689)",,,,
2491832815,2491832814,0,241573298,,residential,20,False,15.377,"LINESTRING (106.9000147 47.9170449, 106.8998109 47.9170233)",,,,
2491832816,1264935122,0,241573298,,residential,20,False,13.853,"LINESTRING (106.9003186 47.9170689, 106.9005036 47.9170811)",,,,
2491832816,2491832815,0,241573298,,residential,20,False,22.804,"LINESTRING (106.9003186 47.9170689, 106.9000147 47.9170449)",,,,
2491832876,2491832892,0,241573299,,residential,20,False,20.548,"LINESTRING (106.8999896 47.9174235, 106.9002614 47.9174546)",,,,
2491832892,2491832876,0,241573299,,residential,20,False,20.548,"LINESTRING (106.9002614 47.9174546, 106.8999896 47.9174235)",,,,
2491832892,2491832896,0,241573299,,residential,20,False,10.128,"LINESTRING (106.9002614 47.9174546, 106.9003829 47.9174954)",,,,
2491832896,2491832892,0,241573299,,residential,20,False,10.128,"LINESTRING (106.9003829 47.9174954, 106.9002614 47.9174546)",,,,
2491832896,2491832908,0,241573299,,residential,20,False,7.923,"LINESTRING (106.9003829 47.9174954, 106.9004616 47.9175433)",,,,
2491832908,2491832896,0,241573299,,residential,20,False,7.923,"LINESTRING (106.9004616 47.9175433, 106.9003829 47.9174954)",,,,
2491832908,2491832949,0,241573299,,residential,20,False,35.916,"LINESTRING (106.9004616 47.9175433, 106.9007547 47.9177997)",,,,
2491832949,2491832908,0,241573299,,residential,20,False,35.916,"LINESTRING (106.9007547 47.9177997, 106.9004616 47.9175433)",,,,
2491832949,2491832950,0,241573299,,residential,20,False,10.201,"LINESTRING (106.9007547 47.9177997, 106.9008298 47.9178764)",,,,
2491832950,2491832949,0,241573299,,residential,20,False,10.201,"LINESTRING (106.9008298 47.9178764, 106.9007547 47.9177997)",,,,
2491832950,2491832952,0,241573299,,residential,20,False,7.515,"LINESTRING (106.9008298 47.9178764, 106.9009034 47.9179226)",,,,
2491832952,2491832950,0,241573299,,residential,20,False,7.515,"LINESTRING (106.9009034 47.9179226, 106.9008298 47.9178764)",,,,
2491840549,2490559779,0,241409483,,residential,20,False,7.044,"LINESTRING (106.9335223 47.9147016, 106.9334279 47.9146984)",,,,
2491840549,1710976188,0,241409483,,residential,20,False,9.805,"LINESTRING (106.9335223 47.9147016, 106.9336535 47.9147082)",,,,
2498061699,6558148779,0,388672558,,service,30,False,14.671,"LINESTRING (106.9132089 47.9259811, 106.9131365 47.9261038)",,,,
2498061699,3918420981,0,388672558,,service,30,False,25.468,"LINESTRING (106.9132089 47.9259811, 106.9133643 47.9257771)",,,,
2498128237,2498128238,0,242313454,,service,20,False,11.967,"LINESTRING (106.9131521 47.9176052, 106.9129928 47.9176188)",,emergency_access,,
2498128237,2498128239,0,242313454,,service,20,False,14.638,"LINESTRING (106.9131521 47.9176052, 106.9133469 47.9176221)",,emergency_access,,
2498128238,2498128240,0,242313454,,service,20,False,7.428,"LINESTRING (106.9129928 47.9176188, 106.9129017 47.9176459)",,emergency_access,,
2498128238,2498128237,0,242313454,,service,20,False,11.967,"LINESTRING (106.9129928 47.9176188, 106.9131521 47.9176052)",,emergency_access,,
2498128239,2498128237,0,242313454,,service,20,False,14.638,"LINESTRING (106.9133469 47.9176221, 106.9131521 47.9176052)",,emergency_access,,
2498128239,2498128241,0,242313454,,service,20,False,27.565,"LINESTRING (106.9133469 47.9176221, 106.9137034 47.9176882)",,emergency_access,,
2498128240,2498128242,0,242313454,,service,20,False,8.467,"LINESTRING (106.9129017 47.9176459, 106.9128689 47.9177188)",,emergency_access,,
2498128240,2498128238,0,242313454,,service,20,False,7.428,"LINESTRING (106.9129017 47.9176459, 106.9129928 47.9176188)",,emergency_access,,
2498128241,2498128239,0,242313454,,service,20,False,27.565,"LINESTRING (106.9137034 47.9176882, 106.9133469 47.9176221)",,emergency_access,,
2498128241,2498128243,0,242313454,,service,20,False,28.261,"LINESTRING (106.9137034 47.9176882, 106.9140626 47.9177697)",,emergency_access,,
2498128242,2498128244,0,242313454,,service,20,False,8.095,"LINESTRING (106.9128689 47.9177188, 106.9128689 47.9177916)",,emergency_access,,
2498128242,2498128240,0,242313454,,service,20,False,8.467,"LINESTRING (106.9128689 47.9177188, 106.9129017 47.9176459)",,emergency_access,,
2498128243,2498128241,0,242313454,,service,20,False,28.261,"LINESTRING (106.9140626 47.9177697, 106.9137034 47.9176882)",,emergency_access,,
2498128244,2498128242,0,242313454,,service,20,False,8.095,"LINESTRING (106.9128689 47.9177916, 106.9128689 47.9177188)",,emergency_access,,
2498989456,2498989458,0,388672558,,service,30,False,12.189,"LINESTRING (106.9130428 47.9262108, 106.9129555 47.9263035)",,,,
2498989456,6558148779,0,388672558,,service,30,False,13.795,"LINESTRING (106.9130428 47.9262108, 106.9131365 47.9261038)",,,,
2498989458,6558148780,0,388672558,,service,30,False,14.847,"LINESTRING (106.9129555 47.9263035, 106.9128363 47.9264105)",,,,
2498989458,2498989456,0,388672558,,service,30,False,12.189,"LINESTRING (106.9129555 47.9263035, 106.9130428 47.9262108)",,,,
2533551624,3891486828,0,385817188,,residential,20,False,147.102,"LINESTRING (106.8671944 47.9125851, 106.8691463 47.9127813)",,,,
2863521964,3918420983,0,388672558,,service,30,False,54.098,"LINESTRING (106.9127214 47.9266454, 106.9120062 47.9265616)",,,,
2863521964,3918420982,0,388672558,,service,30,False,13.371,"LINESTRING (106.9127214 47.9266454, 106.9127602 47.926528)",,,,
2921518399,6226234813,0,166194521,,residential,20,False,5.63,"LINESTRING (106.9306642 47.9173362, 106.9305888 47.917333)",,,,
2921518399,1776770739,0,166194521,,residential,20,False,30.803,"LINESTRING (106.9306642 47.9173362, 106.9310769 47.9173516)",,,,
2921518611,1776774453,0,166194653,,residential,20,False,55.806,"LINESTRING (106.9315771 47.9171962, 106.9317674 47.9167108)",,,,
2921518611,1776774446,0,166194653,,residential,20,False,9.079,"LINESTRING (106.9315771 47.9171962, 106.9315946 47.917277)",,,,
2921518612,2921518613,0,241409484,,residential,20,False,39.895,"LINESTRING (106.9317059 47.9143792, 106.9311748 47.9143343)",,,,
2921518612,2490559803,0,241409484,,residential,20,False,12.946,"LINESTRING (106.9317059 47.9143792, 106.9318358 47.9144565)",,,,
2921518613,1477522550,0,241409484,,residential,20,False,18.176,"LINESTRING (106.9311748 47.9143343, 106.9311547 47.9141714)",,,,
2921518613,2921518612,0,241409484,,residential,20,False,39.895,"LINESTRING (106.9311748 47.9143343, 106.9317059 47.9143792)",,,,
3148657423,1776770702,0,166194521,,residential,20,False,15.811,"LINESTRING (106.9318184 47.9174849, 106.9316811 47.9173765)",,,,
3148657423,1776770735,0,166194521,,residential,20,False,14.648,"LINESTRING (106.9318184 47.9174849, 106.9318143 47.9176166)",,,,
3148658769,3148658770,0,309514997,,residential,20,False,76.258,"LINESTRING (106.9382714 47.9106825, 106.9392925 47.9106391)",,,,
3148658770,3148658769,0,309514997,,residential,20,False,76.258,"LINESTRING (106.9392925 47.9106391, 106.9382714 47.9106825)",,,,
3148694485,3148694486,0,309519204,,residential,20,False,7.342,"LINESTRING (106.8940476 47.9281306, 106.8940771 47.9280676)",,,,
3148694485,2084990372,0,309519204,,residential,20,False,6.702,"LINESTRING (106.8940476 47.9281306, 106.8940391 47.9281906)",,,,
3148694486,3148694487,0,309519204,,residential,20,False,14.89,"LINESTRING (106.8940771 47.9280676, 106.8941817 47.9279535)",,,,
3148694486,3148694485,0,309519204,,residential,20,False,7.342,"LINESTRING (106.8940771 47.9280676, 106.8940476 47.9281306)",,,,
3148694487,3148694488,0,309519204,,residential,20,False,23.608,"LINESTRING (106.8941817 47.9279535, 106.8943587 47.9277774)",,,,
3148694487,3148694486,0,309519204,,residential,20,False,14.89,"LINESTRING (106.8941817 47.9279535, 106.8940771 47.9280676)",,,,
3148694488,3148694490,0,309519204,,residential,20,False,52.197,"LINESTRING (106.8943587 47.9277774, 106.8945525 47.9273263)",,,,
3148694488,3148694487,0,309519204,,residential,20,False,23.608,"LINESTRING (106.8943587 47.9277774, 106.8941817 47.9279535)",,,,
3148694490,3148694491,0,309519204,,residential,20,False,21.252,"LINESTRING (106.8945525 47.9273263, 106.8946377 47.9271439)",,,,
3148694490,3148694488,0,309519204,,residential,20,False,52.197,"LINESTRING (106.8945525 47.9273263, 106.8943587 47.9277774)",,,,
3148694491,3148694492,0,309519204,,residential,20,False,20.312,"LINESTRING (106.8946377 47.9271439, 106.8946672 47.9269623)",,,,
3148694491,3148694490,0,309519204,,residential,20,False,21.252,"LINESTRING (106.8946377 47.9271439, 106.8945525 47.9273263)",,,,
3148694492,2084990251,0,309519204,,residential,20,False,27.295,"LINESTRING (106.8946672 47.9269623, 106.8945278 47.9267353)",,,,
3148694492,3148694491,0,309519204,,residential,20,False,20.312,"LINESTRING (106.8946672 47.9269623, 106.8946377 47.9271439)",,,,
3891486828,2533551624,0,385817188,,residential,20,False,147.102,"LINESTRING (106.8691463 47.9127813, 106.8671944 47.9125851)",,,,
3891884525,3891884526,0,385851998,Сургуулиуд руу ордог зам,residential,20,False,27.648,"LINESTRING (106.850832 47.9166796, 106.8508541 47.9164314)",,,,
3891884525,1268520420,0,385851998,Сургуулиуд руу ордог зам,residential,20,False,18.35,"LINESTRING (106.850832 47.9166796, 106.8507786 47.9168407)",,,,
3891884526,3891884527,0,385851998,Сургуулиуд руу ордог зам,residential,20,False,50.316,"LINESTRING (106.8508541 47.9164314, 106.8509032 47.9159801)",,,,
3891884526,3891884525,0,385851998,Сургуулиуд руу ордог зам,residential,20,False,27.648,"LINESTRING (106.8508541 47.9164314, 106.850832 47.9166796)",,,,
3891884527,3891884526,0,385851998,Сургуулиуд руу ордог зам,residential,20,False,50.316,"LINESTRING (106.8509032 47.9159801, 106.8508541 47.9164314)",,,,
3891885675,3891885676,0,385852179,Зогсоол орох зам,residential,20,False,12.377,"LINESTRING (106.8544994 47.9161578, 106.8543372 47.9161339)",,,,
3891885676,3891885677,0,385852179,Зогсоол орох зам,residential,20,False,14.198,"LINESTRING (106.8543372 47.9161339, 106.8541494 47.9161124)",,,,
3891885676,3891885675,0,385852179,Зогсоол орох зам,residential,20,False,12.377,"LINESTRING (106.8543372 47.9161339, 106.8544994 47.9161578)",,,,
3891885677,3891885678,0,385852179,Зогсоол орох зам,residential,20,False,42.276,"LINESTRING (106.8541494 47.9161124, 106.8535861 47.9160675)",,,,
3891885677,3891885676,0,385852179,Зогсоол орох зам,residential,20,False,14.198,"LINESTRING (106.8541494 47.9161124, 106.8543372 47.9161339)",,,,
3891885678,3891885679,0,385852179,Зогсоол орох зам,residential,20,False,9.289,"LINESTRING (106.8535861 47.9160675, 106.8534681 47.9160944)",,,,
3891885678,3891885677,0,385852179,Зогсоол орох зам,residential,20,False,42.276,"LINESTRING (106.8535861 47.9160675, 106.8541494 47.9161124)",,,,
3891885679,3891885680,0,385852179,Зогсоол орох зам,residential,20,False,3.001,"LINESTRING (106.8534681 47.9160944, 106.8534359 47.9161106)",,,,
3891885679,3891885678,0,385852179,Зогсоол орох зам,residential,20,False,9.289,"LINESTRING (106.8534681 47.9160944, 106.8535861 47.9160675)",,,,
3891885680,3891885681,0,385852179,Зогсоол орох зам,residential,20,False,40.385,"LINESTRING (106.8534359 47.9161106, 106.853342 47.9164683)",,,,
3891885680,3891885679,0,385852179,Зогсоол орох зам,residential,20,False,3.001,"LINESTRING (106.8534359 47.9161106, 106.8534681 47.9160944)",,,,
3891885681,3891885680,0,385852179,Зогсоол орох зам,residential,20,False,40.385,"LINESTRING (106.853342 47.9164683, 106.8534359 47.9161106)",,,,
3894619141,3894619142,0,386123636,,service,20,False,52.323,"LINESTRING (106.8812639 47.9113063, 106.881246 47.9108359)",,,,
3894619142,3894619141,0,386123636,,service,20,False,52.323,"LINESTRING (106.881246 47.9108359, 106.8812639 47.9113063)",,,,
3894622389,3896098357,0,386123798,,residential,20,False,38.262,"LINESTRING (106.878183 47.9113623, 106.8786955 47.9113424)",,,,
3894622389,3913959803,0,386123934,,residential,20,False,34.448,"LINESTRING (106.878183 47.9113623, 106.8781836 47.9116721)",,,2,
3894623534,3913959561,0,386123934,,residential,20,False,6.894,"LINESTRING (106.877995 47.9126613, 106.8779953 47.9125993)",,,2,
3894623535,6603984798,0,386123934,,residential,20,False,2.0,"LINESTRING (106.8779855 47.9121538, 106.8779947 47.9121369)",,,2,
3894623535,3913959561,0,386123934,,residential,20,False,49.543,"LINESTRING (106.8779855 47.9121538, 106.8779953 47.9125993)",,,2,
3894623536,3913959800,0,386123934,,residential,20,False,19.56,"LINESTRING (106.8781713 47.9120433, 106.8781868 47.9118677)",,,2,
3894623536,6603984797,0,386123934,,residential,20,False,1.949,"LINESTRING (106.8781713 47.9120433, 106.8781613 47.9120595)",,,2,
3894625358,3913955991,0,386124207,,residential,20,False,8.33,"LINESTRING (106.8800062 47.9126391, 106.8800082 47.9125642)",,,,
3894625359,3913959821,0,386124207,,residential,20,False,17.443,"LINESTRING (106.8800453 47.9113018, 106.8800383 47.9114586)",,,,
3894625644,3913959821,0,386124207,,residential,20,False,99.258,"LINESTRING (106.880014 47.9123511, 106.8800383 47.9114586)",,,,
3894625644,3913955991,0,386124207,,residential,20,False,23.7,"LINESTRING (106.880014 47.9123511, 106.8800082 47.9125642)",,,,
3894625644,3913954899,0,386124250,,unclassified,20,False,79.828,"LINESTRING (106.880014 47.9123511, 106.881083 47.9123064)",,,,
3894625645,3913954899,0,386124250,,unclassified,20,False,76.4,"LINESTRING (106.8821061 47.9122636, 106.881083 47.9123064)",,,,
3896098357,3894622389,0,386123798,,residential,20,False,38.262,"LINESTRING (106.8786955 47.9113424, 106.878183 47.9113623)",,,,
3896098357,3913938907,0,386123798,,residential,20,False,19.008,"LINESTRING (106.8786955 47.9113424, 106.8789499 47.9113304)",,,,
3906443886,3906443887,0,387345559,,residential,20,False,27.565,"LINESTRING (106.9418485 47.9254186, 106.9422182 47.9254276)",,,,
3906443887,3906443888,0,387345559,,residential,20,False,66.042,"LINESTRING (106.9422182 47.9254276, 106.9430926 47.9253305)",,,,
3906443887,3906443886,0,387345559,,residential,20,False,27.565,"LINESTRING (106.9422182 47.9254276, 106.9418485 47.9254186)",,,,
3906443888,3906443889,0,387345559,,residential,20,False,19.984,"LINESTRING (106.9430926 47.9253305, 106.9433072 47.9252227)",,,,
3906443888,3906443887,0,387345559,,residential,20,False,66.042,"LINESTRING (106.9430926 47.9253305, 106.9422182 47.9254276)",,,,
3906443889,3906443890,0,387345559,,residential,20,False,53.184,"LINESTRING (106.9433072 47.9252227, 106.9440072 47.9251292)",,,,
3906443889,3906443888,0,387345559,,residential,20,False,19.984,"LINESTRING (106.9433072 47.9252227, 106.9430926 47.9253305)",,,,
3906443890,3906443891,0,387345559,,residential,20,False,16.073,"LINESTRING (106.9440072 47.9251292, 106.9441682 47.925033)",,,,
3906443890,3906443889,0,387345559,,residential,20,False,53.184,"LINESTRING (106.9440072 47.9251292, 106.9433072 47.9252227)",,,,
3906443891,3906443892,0,387345559,,residential,20,False,13.57,"LINESTRING (106.9441682 47.925033, 106.9443367 47.9249867)",,,,
3906443891,3906443890,0,387345559,,residential,20,False,16.073,"LINESTRING (106.9441682 47.925033, 106.9440072 47.9251292)",,,,
3906443892,5492447166,0,387345559,,residential,20,False,28.577,"LINESTRING (106.9443367 47.9249867, 106.9443961 47.9252406)",,,,
3906443892,3906443891,0,387345559,,residential,20,False,13.57,"LINESTRING (106.9443367 47.9249867, 106.9441682 47.925033)",,,,
3906475260,3906475261,0,387350318,,residential,20,False,51.944,"LINESTRING (106.9432946 47.9264241, 106.9429345 47.9260241)",,,,
3906475261,3906475262,0,387350318,,residential,20,False,14.163,"LINESTRING (106.9429345 47.9260241, 106.9429881 47.9259019)",,,,
3906475261,3906475260,0,387350318,,residential,20,False,51.944,"LINESTRING (106.9429345 47.9260241, 106.9432946 47.9264241)",,,,
3906475262,3906475263,0,387350318,,residential,20,False,28.458,"LINESTRING (106.9429881 47.9259019, 106.9432593 47.9257217)",,,,
3906475262,3906475261,0,387350318,,residential,20,False,14.163,"LINESTRING (106.9429881 47.9259019, 106.9429345 47.9260241)",,,,
3906475263,3906475264,0,387350318,,residential,20,False,21.245,"LINESTRING (106.9432593 47.9257217, 106.9435004 47.9256197)",,,,
3906475263,3906475262,0,387350318,,residential,20,False,28.458,"LINESTRING (106.9432593 47.9257217, 106.9429881 47.9259019)",,,,
3906475264,3906475265,0,387350318,,residential,20,False,39.796,"LINESTRING (106.9435004 47.9256197, 106.9440288 47.9255676)",,,,
3906475264,3906475263,0,387350318,,residential,20,False,21.245,"LINESTRING (106.9435004 47.9256197, 106.9432593 47.9257217)",,,,
3906475265,3906475264,0,387350318,,residential,20,False,39.796,"LINESTRING (106.9440288 47.9255676, 106.9435004 47.9256197)",,,,
3906544504,4694965234,0,475794357,,residential,20,False,11.359,"LINESTRING (106.9424615 47.9230637, 106.9426109 47.923084)",,,,
3906544505,5476955058,0,387356423,,residential,20,False,139.861,"LINESTRING (106.9428565 47.9231174, 106.9447123 47.9229291)",,,,
3906544505,4694965235,0,387356423,,residential,20,False,6.956,"LINESTRING (106.9428565 47.9231174, 106.942765 47.923105)",,,,
3906544506,5474913621,0,387356423,,residential,20,False,7.23,"LINESTRING (106.9448681 47.9229844, 106.9448927 47.9230473)",,,,
3906544506,5491233105,0,387356423,,residential,20,False,4.751,"LINESTRING (106.9448681 47.9229844, 106.9448357 47.9229476)",,,,
3910234405,3910234406,0,387790591,,residential,20,False,36.801,"LINESTRING (106.9428725 47.9213808, 106.9433661 47.9213916)",,,,
3910234406,3910425897,0,387790591,,residential,20,False,13.808,"LINESTRING (106.9433661 47.9213916, 106.9435485 47.9213697)",,,,
3910234406,3910234405,0,387790591,,residential,20,False,36.801,"LINESTRING (106.9433661 47.9213916, 106.9428725 47.9213808)",,,,
3910234407,3910425330,0,387790591,,residential,20,False,32.923,"LINESTRING (106.945072 47.9211867, 106.9446371 47.9212389)",,,,
3910234753,3910234853,0,387790578,,residential,20,False,48.86,"LINESTRING (106.9423313 47.9235903, 106.9429777 47.9235165)",,,,
3910234754,3910406950,0,387790578,,residential,20,False,52.824,"LINESTRING (106.943122 47.9235, 106.9438227 47.9234279)",,,,
3910234754,3910234853,0,387790578,,residential,20,False,10.908,"LINESTRING (106.943122 47.9235, 106.9429777 47.9235165)",,,,
3910234755,5477425953,0,387790578,,residential,20,False,2.398,"LINESTRING (106.9447635 47.9233311, 106.9447317 47.9233344)",,,,
3910234842,3910234843,0,534905870,,residential,20,False,36.247,"LINESTRING (106.9419808 47.9248823, 106.9424654 47.9248538)",,,,
3910234843,3910234844,0,534905870,,residential,20,False,31.845,"LINESTRING (106.9424654 47.9248538, 106.9428811 47.9247873)",,,,
3910234843,3910234842,0,534905870,,residential,20,False,36.247,"LINESTRING (106.9424654 47.9248538, 106.9419808 47.9248823)",,,,
3910234844,3910234845,0,387790621,,residential,20,False,28.814,"LINESTRING (106.9428811 47.9247873, 106.9428328 47.9245302)",,,,
3910234844,3910234843,0,534905870,,residential,20,False,31.845,"LINESTRING (106.9428811 47.9247873, 106.9424654 47.9248538)",,,,
3910234845,3910234846,0,387790621,,residential,20,False,7.158,"LINESTRING (106.9428328 47.9245302, 106.9427497 47.9244979)",,,,
3910234845,3910234844,0,387790621,,residential,20,False,28.814,"LINESTRING (106.9428328 47.9245302, 106.9428811 47.9247873)",,,,
3910234846,3910234847,0,387790621,,residential,20,False,53.389,"LINESTRING (106.9427497 47.9244979, 106.9426706 47.9240207)",,,,
3910234846,3910234845,0,387790621,,residential,20,False,7.158,"LINESTRING (106.9427497 47.9244979, 106.9428328 47.9245302)",,,,
3910234847,3910234848,0,387790621,,residential,20,False,4.111,"LINESTRING (106.9426706 47.9240207, 106.9427068 47.9239928)",,,,
3910234847,3910234846,0,387790621,,residential,20,False,53.389,"LINESTRING (106.9426706 47.9240207, 106.9427497 47.9244979)",,,,
3910234848,3910234849,0,387790621,,residential,20,False,5.021,"LINESTRING (106.9427068 47.9239928, 106.9427269 47.9239497)",,,,
3910234848,3910234847,0,387790621,,residential,20,False,4.111,"LINESTRING (106.9427068 47.9239928, 106.9426706 47.9240207)",,,,
3910234849,3910234850,0,387790621,,residential,20,False,10.245,"LINESTRING (106.9427269 47.9239497, 106.9427135 47.923858)",,,,
3910234849,3910234848,0,387790621,,residential,20,False,5.021,"LINESTRING (106.9427269 47.9239497, 106.9427068 47.9239928)",,,,
3910234850,3910234851,0,387790621,,residential,20,False,20.094,"LINESTRING (106.9427135 47.923858, 106.9429696 47.9238014)",,,,
3910234850,3910234849,0,387790621,,residential,20,False,10.245,"LINESTRING (106.9427135 47.923858, 106.9427269 47.9239497)",,,,
3910234851,3910234852,0,387790621,,residential,20,False,2.621,"LINESTRING (106.9429696 47.9238014, 106.9429938 47.9237843)",,,,
3910234851,3910234850,0,387790621,,residential,20,False,20.094,"LINESTRING (106.9429696 47.9238014, 106.9427135 47.923858)",,,,
3910234852,3910234853,0,387790621,,residential,20,False,29.802,"LINESTRING (106.9429938 47.9237843, 106.9429777 47.9235165)",,,,
3910234852,3910234851,0,387790621,,residential,20,False,2.621,"LINESTRING (106.9429938 47.9237843, 106.9429696 47.9238014)",,,,
3910234853,3910234754,0,387790578,,residential,20,False,10.908,"LINESTRING (106.9429777 47.9235165, 106.943122 47.9235)",,,,
3910234853,3910234753,0,387790578,,residential,20,False,48.86,"LINESTRING (106.9429777 47.9235165, 106.9423313 47.9235903)",,,,
3910234853,3910234852,0,387790621,,residential,20,False,29.802,"LINESTRING (106.9429777 47.9235165, 106.9429938 47.9237843)",,,,
3910406944,3910422991,0,387808445,,residential,20,False,153.207,"LINESTRING (106.9454942 47.9243397, 106.9475286 47.92414)",,,,
3910406950,5477425956,0,387790578,,residential,20,False,13.705,"LINESTRING (106.9438227 47.9234279, 106.9440045 47.9234092)",,,,
3910406950,3910234754,0,387790578,,residential,20,False,52.824,"LINESTRING (106.9438227 47.9234279, 106.943122 47.9235)",,,,
3910422991,3910406944,0,387808445,,residential,20,False,153.207,"LINESTRING (106.9475286 47.92414, 106.9454942 47.9243397)",,,,
3910425330,3910234407,0,387790591,,residential,20,False,32.923,"LINESTRING (106.9446371 47.9212389, 106.945072 47.9211867)",,,,
3910425330,3910425897,0,387790591,,residential,20,False,82.413,"LINESTRING (106.9446371 47.9212389, 106.9435485 47.9213697)",,,,
3910425897,3910425330,0,387790591,,residential,20,False,82.413,"LINESTRING (106.9435485 47.9213697, 106.9446371 47.9212389)",,,,
3910425897,3910234406,0,387790591,,residential,20,False,13.808,"LINESTRING (106.9435485 47.9213697, 106.9433661 47.9213916)",,,,
3913796444,3913796445,0,388164738,,residential,20,False,19.004,"LINESTRING (106.9274045 47.935641, 106.9276275 47.935724)",,,,
3913796444,2086204972,0,388164738,,residential,20,False,51.575,"LINESTRING (106.9274045 47.935641, 106.9267943 47.9354219)",,,,
3913796445,3913796446,0,388164738,,residential,20,False,55.657,"LINESTRING (106.9276275 47.935724, 106.9283743 47.9357382)",,,,
3913796445,3913796444,0,388164738,,residential,20,False,19.004,"LINESTRING (106.9276275 47.935724, 106.9274045 47.935641)",,,,
3913796446,3913796447,0,388164738,,residential,20,False,15.824,"LINESTRING (106.9283743 47.9357382, 106.9285866 47.9357429)",,,,
3913796446,3913796445,0,388164738,,residential,20,False,55.657,"LINESTRING (106.9283743 47.9357382, 106.9276275 47.935724)",,,,
3913796447,3913796448,0,388164738,,residential,20,False,11.894,"LINESTRING (106.9285866 47.9357429, 106.9287459 47.9357358)",,,,
3913796447,3913796446,0,388164738,,residential,20,False,15.824,"LINESTRING (106.9285866 47.9357429, 106.9283743 47.9357382)",,,,
3913796448,3913796449,0,388164738,,residential,20,False,39.971,"LINESTRING (106.9287459 47.9357358, 106.9288123 47.9353791)",,,,
3913796448,3913796447,0,388164738,,residential,20,False,11.894,"LINESTRING (106.9287459 47.9357358, 106.9285866 47.9357429)",,,,
3913796449,3913796450,0,388164738,,residential,20,False,32.974,"LINESTRING (106.9288123 47.9353791, 106.9292547 47.9353696)",,,,
3913796449,3913796448,0,388164738,,residential,20,False,39.971,"LINESTRING (106.9288123 47.9353791, 106.9287459 47.9357358)",,,,
3913796450,3913796449,0,388164738,,residential,20,False,32.974,"LINESTRING (106.9292547 47.9353696, 106.9288123 47.9353791)",,,,
3913938907,3896098357,0,386123798,,residential,20,False,19.008,"LINESTRING (106.8789499 47.9113304, 106.8786955 47.9113424)",,,,
3913938907,3913959303,0,386123798,,residential,20,False,23.675,"LINESTRING (106.8789499 47.9113304, 106.8792668 47.9113158)",,,,
3913954899,3894625645,0,386124250,,unclassified,20,False,76.4,"LINESTRING (106.881083 47.9123064, 106.8821061 47.9122636)",,,,
3913954899,3894625644,0,386124250,,unclassified,20,False,79.828,"LINESTRING (106.881083 47.9123064, 106.880014 47.9123511)",,,,
3913955991,3894625644,0,386124207,,residential,20,False,23.7,"LINESTRING (106.8800082 47.9125642, 106.880014 47.9123511)",,,,
3913955991,3894625358,0,386124207,,residential,20,False,8.33,"LINESTRING (106.8800082 47.9125642, 106.8800062 47.9126391)",,,,
3913959303,3913938907,0,386123798,,residential,20,False,23.675,"LINESTRING (106.8792668 47.9113158, 106.8789499 47.9113304)",,,,
3913959303,1731667209,0,386123798,,residential,20,False,10.512,"LINESTRING (106.8792668 47.9113158, 106.8794077 47.9113116)",,,,
3913959561,3894623535,0,386123934,,residential,20,False,49.543,"LINESTRING (106.8779953 47.9125993, 106.8779855 47.9121538)",,,2,
3913959561,3894623534,0,386123934,,residential,20,False,6.894,"LINESTRING (106.8779953 47.9125993, 106.877995 47.9126613)",,,2,
3913959800,3913959803,0,386123934,,residential,20,False,21.751,"LINESTRING (106.8781868 47.9118677, 106.8781836 47.9116721)",,,2,
3913959800,3894623536,0,386123934,,residential,20,False,19.56,"LINESTRING (106.8781868 47.9118677, 106.8781713 47.9120433)",,,2,
3913959803,3894622389,0,386123934,,residential,20,False,34.448,"LINESTRING (106.8781836 47.9116721, 106.878183 47.9113623)",,,2,
3913959803,3913959800,0,386123934,,residential,20,False,21.751,"LINESTRING (106.8781836 47.9116721, 106.8781868 47.9118677)",,,2,
3913959821,3894625359,0,386124207,,residential,20,False,17.443,"LINESTRING (106.8800383 47.9114586, 106.8800453 47.9113018)",,,,
3913959821,3894625644,0,386124207,,residential,20,False,99.258,"LINESTRING (106.8800383 47.9114586, 106.880014 47.9123511)",,,,
3918420981,2498061699,0,388672558,,service,30,False,25.468,"LINESTRING (106.9133643 47.9257771, 106.9132089 47.9259811)",,,,
3918420982,2863521964,0,388672558,,service,30,False,13.371,"LINESTRING (106.9127602 47.926528, 106.9127214 47.9266454)",,,,
3918420982,6558148780,0,388672558,,service,30,False,14.243,"LINESTRING (106.9127602 47.926528, 106.9128363 47.9264105)",,,,
3918420983,2863521964,0,388672558,,service,30,False,54.098,"LINESTRING (106.9120062 47.9265616, 106.9127214 47.9266454)",,,,
4119194412,4119194413,0,410055481,,residential,20,False,15.217,"LINESTRING (106.9339141 47.9158856, 106.9337102 47.9158784)",,,,
4119194412,1710976264,0,410055481,,residential,20,False,25.186,"LINESTRING (106.9339141 47.9158856, 106.9339041 47.916112)",,,,
4119194413,4119194414,0,410055481,,residential,20,False,29.389,"LINESTRING (106.9337102 47.9158784, 106.933721 47.9156142)",,,,
4119194413,4119194412,0,410055481,,residential,20,False,15.217,"LINESTRING (106.9337102 47.9158784, 106.9339141 47.9158856)",,,,
4119194414,4119194415,0,410055481,,residential,20,False,12.145,"LINESTRING (106.933721 47.9156142, 106.9335681 47.9155764)",,,,
4119194414,4119194413,0,410055481,,residential,20,False,29.389,"LINESTRING (106.933721 47.9156142, 106.9337102 47.9158784)",,,,
4119194415,1776774436,0,410055481,,residential,20,False,37.283,"LINESTRING (106.9335681 47.9155764, 106.933589 47.9152414)",,,,
4119194415,4119194414,0,410055481,,residential,20,False,12.145,"LINESTRING (106.9335681 47.9155764, 106.933721 47.9156142)",,,,
4119263456,4119263457,0,410061254,,residential,20,False,32.118,"LINESTRING (106.9342533 47.9158696, 106.9346833 47.915889)",,,,
4119263457,4119263456,0,410061254,,residential,20,False,32.118,"LINESTRING (106.9346833 47.915889, 106.9342533 47.9158696)",,,,
4140019998,4140019999,0,412621105,,service,20,False,32.429,"LINESTRING (106.9093013 47.9137748, 106.9097331 47.9138108)",destination,,,
4140019998,4296330936,0,412621105,,service,20,False,50.415,"LINESTRING (106.9093013 47.9137748, 106.9092074 47.9142238)",destination,,,
4140019999,4140019998,0,412621105,,service,20,False,32.429,"LINESTRING (106.9097331 47.9138108, 106.9093013 47.9137748)",destination,,,
4252002996,4504322435,0,441875949,,residential,20,False,13.001,"LINESTRING (106.9462182 47.9033533, 106.9463924 47.9033591)",,,2,
4296330936,4140019998,0,412621105,,service,20,False,50.415,"LINESTRING (106.9092074 47.9142238, 106.9093013 47.9137748)",destination,,,
4296330936,947443904,0,412621105,,service,20,False,12.834,"LINESTRING (106.9092074 47.9142238, 106.9091835 47.9143381)",destination,,,
4336508176,4336508177,0,435752666,34A,residential,20,False,68.887,"LINESTRING (106.8309241 47.9140033, 106.8318449 47.9140572)",,,,
4336508177,4336553622,0,435752666,34A,residential,20,False,6.792,"LINESTRING (106.8318449 47.9140572, 106.8318313 47.9141176)",,,,
4336508177,4336508176,0,435752666,34A,residential,20,False,68.887,"LINESTRING (106.8318449 47.9140572, 106.8309241 47.9140033)",,,,
4336508177,4336508179,0,435752667,Garage,residential,20,False,41.094,"LINESTRING (106.8318449 47.9140572, 106.8319468 47.913694)",,,,
4336508178,4336553622,0,435752666,34A,residential,20,False,65.582,"LINESTRING (106.8317001 47.9147008, 106.8318313 47.9141176)",,,,
4336508179,4336508177,0,435752667,Garage,residential,20,False,41.094,"LINESTRING (106.8319468 47.913694, 106.8318449 47.9140572)",,,,
4336508181,4336508182,0,435752669,,residential,20,False,8.243,"LINESTRING (106.8309224 47.9144158, 106.831033 47.9144166)",,,,
4336508182,4336508181,0,435752669,,residential,20,False,8.243,"LINESTRING (106.831033 47.9144166, 106.8309224 47.9144158)",,,,
4336553622,4336508178,0,435752666,34A,residential,20,False,65.582,"LINESTRING (106.8318313 47.9141176, 106.8317001 47.9147008)",,,,
4336553622,4336508177,0,435752666,34A,residential,20,False,6.792,"LINESTRING (106.8318313 47.9141176, 106.8318449 47.9140572)",,,,
4336553622,4336553623,0,435758174,,residential,20,False,42.846,"LINESTRING (106.8318313 47.9141176, 106.8324023 47.9141624)",,,,
4336553623,4336553624,0,435758174,,residential,20,False,5.636,"LINESTRING (106.8324023 47.9141624, 106.8323943 47.9142128)",,,,
4336553623,4336553622,0,435758174,,residential,20,False,42.846,"LINESTRING (106.8324023 47.9141624, 106.8318313 47.9141176)",,,,
4336553624,4336553625,0,435758174,,residential,20,False,26.882,"LINESTRING (106.8323943 47.9142128, 106.8327507 47.91425)",,,,
4336553624,4336553623,0,435758174,,residential,20,False,5.636,"LINESTRING (106.8323943 47.9142128, 106.8324023 47.9141624)",,,,
4336553625,4336553624,0,435758174,,residential,20,False,26.882,"LINESTRING (106.8327507 47.91425, 106.8323943 47.9142128)",,,,
4336553626,4336553627,0,435758175,,residential,20,False,77.353,"LINESTRING (106.833443 47.9156264, 106.8335862 47.9149374)",,,,
4336553627,4336553628,0,435758175,,residential,20,False,29.211,"LINESTRING (106.8335862 47.9149374, 106.8331982 47.9149002)",,,,
4336553627,4336553626,0,435758175,,residential,20,False,77.353,"LINESTRING (106.8335862 47.9149374, 106.833443 47.9156264)",,,,
4336553628,4336553629,0,435758175,,residential,20,False,13.041,"LINESTRING (106.8331982 47.9149002, 106.833214 47.9147834)",,,,
4336553628,4336553627,0,435758175,,residential,20,False,29.211,"LINESTRING (106.8331982 47.9149002, 106.8335862 47.9149374)",,,,
4336553629,4336553628,0,435758175,,residential,20,False,13.041,"LINESTRING (106.833214 47.9147834, 106.8331982 47.9149002)",,,,
4336553630,4336553631,0,435758176,,residential,20,False,38.416,"LINESTRING (106.8339208 47.9158077, 106.8343292 47.9155969)",,,,
4336553631,4336553632,0,435758176,,residential,20,False,50.707,"LINESTRING (106.8343292 47.9155969, 106.8350078 47.91563)",,,,
4336553631,4336553630,0,435758176,,residential,20,False,38.416,"LINESTRING (106.8343292 47.9155969, 106.8339208 47.9158077)",,,,
4336553632,4336553633,0,435758176,,residential,20,False,18.413,"LINESTRING (106.8350078 47.91563, 106.8352533 47.9156486)",,,,
4336553632,4336553631,0,435758176,,residential,20,False,50.707,"LINESTRING (106.8350078 47.91563, 106.8343292 47.9155969)",,,,
4336553633,4336553634,0,435758176,,residential,20,False,29.069,"LINESTRING (106.8352533 47.9156486, 106.835186 47.9159061)",,,,
4336553633,4336553632,0,435758176,,residential,20,False,18.413,"LINESTRING (106.8352533 47.9156486, 106.8350078 47.91563)",,,,
4336553634,4336553635,0,435758176,,residential,20,False,18.488,"LINESTRING (106.835186 47.9159061, 106.8349405 47.9158822)",,,,
4336553634,4336553633,0,435758176,,residential,20,False,29.069,"LINESTRING (106.835186 47.9159061, 106.8352533 47.9156486)",,,,
4336553635,4336553634,0,435758176,,residential,20,False,18.488,"LINESTRING (106.8349405 47.9158822, 106.835186 47.9159061)",,,,
4336553636,4336553637,0,435758177,,residential,20,False,51.675,"LINESTRING (106.8377526 47.9153272, 106.8370627 47.9152807)",,,,
4336553637,4336553636,0,435758177,,residential,20,False,51.675,"LINESTRING (106.8370627 47.9152807, 106.8377526 47.9153272)",,,,
4336553637,6291759503,0,435758178,,residential,20,False,11.276,"LINESTRING (106.8370627 47.9152807, 106.8369123 47.9152696)",,,,
4336553637,4336553638,0,698299944,,service,20,False,85.5,"LINESTRING (106.8370627 47.9152807, 106.8369371 47.916045)",,,,
4336553638,4336553637,0,698299944,,service,20,False,85.5,"LINESTRING (106.8369371 47.916045, 106.8370627 47.9152807)",,,,
4336553639,4336553640,0,435758178,,residential,20,False,169.053,"LINESTRING (106.8368747 47.9152365, 106.8370986 47.9137236)",,,,
4336553639,6291759502,0,435758178,,residential,20,False,2.319,"LINESTRING (106.8368747 47.9152365, 106.836884 47.9152564)",,,,
4336553640,6291759500,0,435758178,,residential,20,False,2.523,"LINESTRING (106.8370986 47.9137236, 106.837122 47.9137072)",,,,
4336553640,4336553639,0,435758178,,residential,20,False,169.053,"LINESTRING (106.8370986 47.9137236, 106.8368747 47.9152365)",,,,
4336553641,6291759501,0,435758178,,residential,20,False,61.76,"LINESTRING (106.8379834 47.9137443, 106.8371571 47.9137022)",,,,
4336553642,4336553643,0,435758179,,residential,20,False,25.666,"LINESTRING (106.8356324 47.9115352, 106.8355114 47.9117513)",,,,
4336553643,4336553644,0,435758179,,residential,20,False,102.838,"LINESTRING (106.8355114 47.9117513, 106.8341403 47.9116476)",,,,
4336553643,4336553642,0,435758179,,residential,20,False,25.666,"LINESTRING (106.8355114 47.9117513, 106.8356324 47.9115352)",,,,
4336553644,4336553645,0,435758179,,residential,20,False,25.722,"LINESTRING (106.8341403 47.9116476, 106.8340948 47.9114183)",,,,
4336553644,4336553643,0,435758179,,residential,20,False,102.838,"LINESTRING (106.8341403 47.9116476, 106.8355114 47.9117513)",,,,
4336553645,4336553644,0,435758179,,residential,20,False,25.722,"LINESTRING (106.8340948 47.9114183, 106.8341403 47.9116476)",,,,
4388974714,6574816587,0,700141155,Тээвэрчдийн гудамж,service,30,False,63.417,"LINESTRING (106.8887814 47.9029702, 106.8896236 47.9028896)",,,2,
4388974714,2088257461,0,700141155,Тээвэрчдийн гудамж,service,30,False,122.343,"LINESTRING (106.8887814 47.9029702, 106.8871543 47.9031142)",,,2,
4395719123,4504322435,0,441875949,,residential,20,False,8.058,"LINESTRING (106.9464946 47.9033827, 106.9463924 47.9033591)",,,2,
4395719123,4504322434,0,441875949,,residential,20,False,9.604,"LINESTRING (106.9464946 47.9033827, 106.9465258 47.9034665)",,,2,
4395719124,4504322434,0,441875949,,residential,20,False,12.735,"LINESTRING (106.9465338 47.9035809, 106.9465258 47.9034665)",,,2,
4395719124,4503846950,0,441875949,,residential,20,False,62.479,"LINESTRING (106.9465338 47.9035809, 106.9465484 47.9041427)",,,2,
4395719125,4504322436,0,441875949,,residential,20,False,51.934,"LINESTRING (106.9465597 47.9046473, 106.9465492 47.9041803)",,,2,
4395719125,4395719126,0,441875949,,residential,20,False,5.222,"LINESTRING (106.9465597 47.9046473, 106.9465632 47.9046942)",,,2,
4395719126,4395719125,0,441875949,,residential,20,False,5.222,"LINESTRING (106.9465632 47.9046942, 106.9465597 47.9046473)",,,2,
4395719126,4491645169,0,441875949,,residential,20,False,6.278,"LINESTRING (106.9465632 47.9046942, 106.9465739 47.9047502)",,,2,
4491645169,4395719126,0,441875949,,residential,20,False,6.278,"LINESTRING (106.9465739 47.9047502, 106.9465632 47.9046942)",,,2,
4503846950,4395719124,0,441875949,,residential,20,False,62.479,"LINESTRING (106.9465484 47.9041427, 106.9465338 47.9035809)",,,2,
4503846950,4504322436,0,441875949,,residential,20,False,4.181,"LINESTRING (106.9465484 47.9041427, 106.9465492 47.9041803)",,,2,
4504322434,4395719123,0,441875949,,residential,20,False,9.604,"LINESTRING (106.9465258 47.9034665, 106.9464946 47.9033827)",,,2,
4504322434,4395719124,0,441875949,,residential,20,False,12.735,"LINESTRING (106.9465258 47.9034665, 106.9465338 47.9035809)",,,2,
4504322435,4252002996,0,441875949,,residential,20,False,13.001,"LINESTRING (106.9463924 47.9033591, 106.9462182 47.9033533)",,,2,
4504322435,4395719123,0,441875949,,residential,20,False,8.058,"LINESTRING (106.9463924 47.9033591, 106.9464946 47.9033827)",,,2,
4504322436,4503846950,0,441875949,,residential,20,False,4.181,"LINESTRING (106.9465492 47.9041803, 106.9465484 47.9041427)",,,2,
4504322436,4395719125,0,441875949,,residential,20,False,51.934,"LINESTRING (106.9465492 47.9041803, 106.9465597 47.9046473)",,,2,
4504322436,4504322437,0,453737942,,residential,20,False,22.92,"LINESTRING (106.9465492 47.9041803, 106.9462418 47.9041848)",,,2,yes
4504322437,4504322436,0,453737942,,residential,20,False,22.92,"LINESTRING (106.9462418 47.9041848, 106.9465492 47.9041803)",,,2,yes
4516498241,4516498250,0,455231687,,residential,20,False,6.014,"LINESTRING (106.8878947 47.919353, 106.8878786 47.9193)",,,2,
4516498250,4516498241,0,455231687,,residential,20,False,6.014,"LINESTRING (106.8878786 47.9193, 106.8878947 47.919353)",,,2,
4694965234,4694965235,0,475794356,,residential,20,False,11.718,"LINESTRING (106.9426109 47.923084, 106.942765 47.923105)",,,,
4694965234,3906544504,0,475794357,,residential,20,False,11.359,"LINESTRING (106.9426109 47.923084, 106.9424615 47.9230637)",,,,
4694965235,3906544505,0,387356423,,residential,20,False,6.956,"LINESTRING (106.942765 47.923105, 106.9428565 47.9231174)",,,,
4694965235,4694965234,0,475794356,,residential,20,False,11.718,"LINESTRING (106.942765 47.923105, 106.9426109 47.923084)",,,,
4867447887,6574796982,0,441130802,Тээвэрчдийн гудамж,service,30,False,153.018,"LINESTRING (106.8905312 47.9035527, 106.8925815 47.9034855)",,,2,
4867447888,6269283395,0,441130802,Тээвэрчдийн гудамж,service,30,False,3.054,"LINESTRING (106.8929699 47.9034725, 106.892929 47.9034741)",,,2,
5043953509,6543602088,0,516732884,,residential,20,False,5.046,"LINESTRING (106.7858055 47.8461972, 106.785842 47.8462354)",,,2,
5043953509,6543602089,0,516732887,,residential,20,False,5.356,"LINESTRING (106.7858055 47.8461972, 106.7858326 47.8461526)",,,2,
5043953510,6543602086,0,516732884,,residential,20,False,5.627,"LINESTRING (106.7861505 47.8463694, 106.7862135 47.8463416)",,,2,
5043953510,6543602087,0,516732884,,residential,20,False,4.133,"LINESTRING (106.7861505 47.8463694, 106.7860955 47.846365)",,,2,
5043953511,5043953513,0,516732884,,residential,20,False,34.193,"LINESTRING (106.7865666 47.8460661, 106.7862159 47.8458682)",,,2,
5043953511,6543602086,0,516732884,,residential,20,False,40.408,"LINESTRING (106.7865666 47.8460661, 106.7862135 47.8463416)",,,2,
5043953512,5043953513,0,516732884,,residential,20,False,45.939,"LINESTRING (106.7857656 47.8455865, 106.7862159 47.8458682)",,,2,
5043953513,5043953512,0,516732884,,residential,20,False,45.939,"LINESTRING (106.7862159 47.8458682, 106.7857656 47.8455865)",,,2,
5043953513,5043953511,0,516732884,,residential,20,False,34.193,"LINESTRING (106.7862159 47.8458682, 106.7865666 47.8460661)",,,2,
5043953513,5043953517,0,516732887,,residential,20,False,11.189,"LINESTRING (106.7862159 47.8458682, 106.7861124 47.845941)",,,2,
5043953517,5043953513,0,516732887,,residential,20,False,11.189,"LINESTRING (106.7861124 47.845941, 106.7862159 47.8458682)",,,2,
5043953517,6543602089,0,516732887,,residential,20,False,31.458,"LINESTRING (106.7861124 47.845941, 106.7858326 47.8461526)",,,2,
5424186715,5424186716,0,562687722,,service,5,True,29.551,"LINESTRING (106.8754318 47.9038835, 106.8750354 47.9038799)",,,,
5424186716,5424186717,0,562687722,,service,5,True,10.503,"LINESTRING (106.8750354 47.9038799, 106.8749469 47.9038064)",,,,
5424197649,5424197650,0,562689239,,service,5,True,32.076,"LINESTRING (106.8817904 47.9033735, 106.8813688 47.9034312)",,,,
5424197650,5424197651,0,562689239,,service,5,True,25.863,"LINESTRING (106.8813688 47.9034312, 106.881037 47.9033632)",,,,
5474913621,5477060764,0,387356423,,residential,20,False,3.106,"LINESTRING (106.9448927 47.9230473, 106.944911 47.9230724)",,,,
5474913621,3906544506,0,387356423,,residential,20,False,7.23,"LINESTRING (106.9448927 47.9230473, 106.9448681 47.9229844)",,,,
5476955058,5491233106,0,387356423,,residential,20,False,6.322,"LINESTRING (106.9447123 47.9229291, 106.944797 47.9229324)",,,,
5476955058,3906544505,0,387356423,,residential,20,False,139.861,"LINESTRING (106.9447123 47.9229291, 106.9428565 47.9231174)",,,,
5477060763,2371479706,0,387356423,,residential,20,False,22.026,"LINESTRING (106.9449377 47.9230847, 106.9452315 47.9230629)",,,,
5477060763,5477060764,0,387356423,,residential,20,False,2.414,"LINESTRING (106.9449377 47.9230847, 106.944911 47.9230724)",,,,
5477060764,5477060763,0,387356423,,residential,20,False,2.414,"LINESTRING (106.944911 47.9230724, 106.9449377 47.9230847)",,,,
5477060764,5474913621,0,387356423,,residential,20,False,3.106,"LINESTRING (106.944911 47.9230724, 106.9448927 47.9230473)",,,,
5477425953,3910234755,0,387790578,,residential,20,False,2.398,"LINESTRING (106.9447317 47.9233344, 106.9447635 47.9233311)",,,,
5477425953,5477425954,0,387790578,,residential,20,False,26.876,"LINESTRING (106.9447317 47.9233344, 106.9443752 47.9233711)",,,,
5477425954,5477425953,0,387790578,,residential,20,False,26.876,"LINESTRING (106.9443752 47.9233711, 106.9447317 47.9233344)",,,,
5477425954,5477425956,0,387790578,,residential,20,False,27.946,"LINESTRING (106.9443752 47.9233711, 106.9440045 47.9234092)",,,,
5477425956,5477425954,0,387790578,,residential,20,False,27.946,"LINESTRING (106.9440045 47.9234092, 106.9443752 47.9233711)",,,,
5477425956,3910406950,0,387790578,,residential,20,False,13.705,"LINESTRING (106.9440045 47.9234092, 106.9438227 47.9234279)",,,,
5491233105,3906544506,0,387356423,,residential,20,False,4.751,"LINESTRING (106.9448357 47.9229476, 106.9448681 47.9229844)",,,,
5491233105,5491233106,0,387356423,,residential,20,False,3.343,"LINESTRING (106.9448357 47.9229476, 106.944797 47.9229324)",,,,
5491233106,5491233105,0,387356423,,residential,20,False,3.343,"LINESTRING (106.944797 47.9229324, 106.9448357 47.9229476)",,,,
5491233106,5476955058,0,387356423,,residential,20,False,6.322,"LINESTRING (106.944797 47.9229324, 106.9447123 47.9229291)",,,,
5492447166,5492447167,0,387345559,,residential,20,False,10.194,"LINESTRING (106.9443961 47.9252406, 106.9443693 47.9253305)",,,,
5492447166,3906443892,0,387345559,,residential,20,False,28.577,"LINESTRING (106.9443961 47.9252406, 106.9443367 47.9249867)",,,,
5492447167,5492447168,0,387345559,,residential,20,False,57.972,"LINESTRING (106.9443693 47.9253305, 106.9445176 47.9258423)",,,,
5492447167,5492447166,0,387345559,,residential,20,False,10.194,"LINESTRING (106.9443693 47.9253305, 106.9443961 47.9252406)",,,,
5492447168,5492447167,0,387345559,,residential,20,False,57.972,"LINESTRING (106.9445176 47.9258423, 106.9443693 47.9253305)",,,,
5695726159,5695726160,0,598440207,,service,20,False,6.099,"LINESTRING (106.9112366 47.902518, 106.9111568 47.9025301)",,parking_aisle,,
5695726159,5862390160,0,598440207,,service,20,False,114.273,"LINESTRING (106.9112366 47.902518, 106.9127682 47.9024749)",,parking_aisle,,
5695726160,1241687174,0,598440207,,service,20,False,6.081,"LINESTRING (106.9111568 47.9025301, 106.9110862 47.9025575)",,parking_aisle,,
5695726160,5695726159,0,598440207,,service,20,False,6.099,"LINESTRING (106.9111568 47.9025301, 106.9112366 47.902518)",,parking_aisle,,
5756090601,6196129369,0,607359943,,unclassified,20,False,6.54,"LINESTRING (106.8719592 47.9130823, 106.8718916 47.9130448)",,,,
5756090602,6196129368,0,607359943,,unclassified,20,False,3.073,"LINESTRING (106.871755 47.9129992, 106.8717183 47.9130118)",,,,
5756090602,6196129367,0,607359943,,unclassified,20,False,2.161,"LINESTRING (106.871755 47.9129992, 106.871784 47.9129992)",,,,
5756090603,5756090604,0,607359943,,unclassified,20,False,18.09,"LINESTRING (106.8715392 47.9131804, 106.8713965 47.913312)",,,,
5756090603,6196129368,0,607359943,,unclassified,20,False,23.014,"LINESTRING (106.8715392 47.9131804, 106.8717183 47.9130118)",,,,
5756090604,5756090605,0,607359943,,unclassified,20,False,25.228,"LINESTRING (106.8713965 47.913312, 106.8712662 47.9135214)",,,,
5756090604,5756090603,0,607359943,,unclassified,20,False,18.09,"LINESTRING (106.8713965 47.913312, 106.8715392 47.9131804)",,,,
5756090605,6196129365,0,607359943,,unclassified,20,False,13.15,"LINESTRING (106.8712662 47.9135214, 106.8712074 47.9136329)",,,,
5756090605,5756090604,0,607359943,,unclassified,20,False,25.228,"LINESTRING (106.8712662 47.9135214, 106.8713965 47.913312)",,,,
5756090606,6196129366,0,607359943,,unclassified,20,False,4.197,"LINESTRING (106.8711765 47.9136545, 106.8711215 47.9136626)",,,,
5756090606,6196129365,0,607359943,,unclassified,20,False,3.327,"LINESTRING (106.8711765 47.9136545, 106.8712074 47.9136329)",,,,
5756090607,5756090608,0,607359943,,unclassified,20,False,23.352,"LINESTRING (106.8710135 47.9136547, 106.8707051 47.9136176)",,,,
5756090607,6196129366,0,607359943,,unclassified,20,False,8.097,"LINESTRING (106.8710135 47.9136547, 106.8711215 47.9136626)",,,,
5756090608,5756090609,0,607359943,,unclassified,20,False,2.856,"LINESTRING (106.8707051 47.9136176, 106.8706765 47.9136005)",,,,
5756090608,5756090607,0,607359943,,unclassified,20,False,23.352,"LINESTRING (106.8707051 47.9136176, 106.8710135 47.9136547)",,,,
5756090609,6196129364,0,607359943,,unclassified,20,False,2.391,"LINESTRING (106.8706765 47.9136005, 106.8706763 47.913579)",,,,
5756090609,5756090608,0,607359943,,unclassified,20,False,2.856,"LINESTRING (106.8706765 47.9136005, 106.8707051 47.9136176)",,,,
5756090610,5756090611,0,607359943,,unclassified,20,False,18.176,"LINESTRING (106.8707574 47.9134808, 106.8708774 47.9133385)",,,,
5756090610,6196129364,0,607359943,,unclassified,20,False,12.481,"LINESTRING (106.8707574 47.9134808, 106.8706763 47.913579)",,,,
5756090611,5756090612,0,607359943,,unclassified,20,False,10.792,"LINESTRING (106.8708774 47.9133385, 106.8709583 47.913258)",,,,
5756090611,5756090610,0,607359943,,unclassified,20,False,18.176,"LINESTRING (106.8708774 47.9133385, 106.8707574 47.9134808)",,,,
5756090612,5756090613,0,607359943,,unclassified,20,False,9.368,"LINESTRING (106.8709583 47.913258, 106.8710366 47.9131921)",,,,
5756090612,5756090611,0,607359943,,unclassified,20,False,10.792,"LINESTRING (106.8709583 47.913258, 106.8708774 47.9133385)",,,,
5756090613,5756090614,0,607359943,,unclassified,20,False,14.799,"LINESTRING (106.8710366 47.9131921, 106.8711752 47.9130968)",,,,
5756090613,5756090612,0,607359943,,unclassified,20,False,9.368,"LINESTRING (106.8710366 47.9131921, 106.8709583 47.913258)",,,,
5756090614,5756090615,0,607359943,,unclassified,20,False,8.179,"LINESTRING (106.8711752 47.9130968, 106.8712089 47.9130268)",,,,
5756090614,5756090613,0,607359943,,unclassified,20,False,14.799,"LINESTRING (106.8711752 47.9130968, 106.8710366 47.9131921)",,,,
5756090615,5756090614,0,607359943,,unclassified,20,False,8.179,"LINESTRING (106.8712089 47.9130268, 106.8711752 47.9130968)",,,,
5816838209,5852504628,0,619300012,,residential,20,False,128.575,"LINESTRING (106.9285511 47.8888493, 106.928555 47.8900056)",,,,
5816838210,5852504629,0,615049347,,residential,20,False,15.067,"LINESTRING (106.9285074 47.8901922, 106.9287093 47.8901979)",,,,
5816838210,5852504628,0,615051481,,residential,20,True,21.05,"LINESTRING (106.9285074 47.8901922, 106.928555 47.8900056)",,,,
5816838211,5852504623,0,615049347,,residential,20,False,6.313,"LINESTRING (106.9291413 47.8902084, 106.9292259 47.8902061)",,,,
5816838211,6371912680,0,615049347,,residential,20,False,13.922,"LINESTRING (106.9291413 47.8902084, 106.9289547 47.8902039)",,,,
5816838212,5816838214,0,615049347,,residential,20,False,73.672,"LINESTRING (106.9293862 47.8901713, 106.9302941 47.8899099)",,,,
5816838212,5852504624,0,615049347,,residential,20,False,6.304,"LINESTRING (106.9293862 47.8901713, 106.9293084 47.8901935)",,,,
5816838214,5816838215,0,615049347,,residential,20,False,28.384,"LINESTRING (106.9302941 47.8899099, 106.930655 47.8898287)",,,,
5816838214,5816838212,0,615049347,,residential,20,False,73.672,"LINESTRING (106.9302941 47.8899099, 106.9293862 47.8901713)",,,,
5816838215,6371910688,0,615049347,,residential,20,False,8.686,"LINESTRING (106.930655 47.8898287, 106.930768 47.8898097)",,,,
5816838215,5816838214,0,615049347,,residential,20,False,28.384,"LINESTRING (106.930655 47.8898287, 106.9302941 47.8899099)",,,,
5816838216,5816845682,0,615049347,,residential,20,False,46.418,"LINESTRING (106.9309615 47.8897773, 106.9315725 47.8896973)",,,,
5816838216,6371910688,0,615049347,,residential,20,False,14.871,"LINESTRING (106.9309615 47.8897773, 106.930768 47.8898097)",,,,
5816838220,5816845682,0,615049347,,residential,20,False,40.67,"LINESTRING (106.9321109 47.8896387, 106.9315725 47.8896973)",,,,
5816838220,1827538524,0,619300008,,residential,20,False,35.619,"LINESTRING (106.9321109 47.8896387, 106.9321927 47.8899543)",,,,
5816845682,5816838220,0,615049347,,residential,20,False,40.67,"LINESTRING (106.9315725 47.8896973, 106.9321109 47.8896387)",,,,
5816845682,5816838216,0,615049347,,residential,20,False,46.418,"LINESTRING (106.9315725 47.8896973, 106.9309615 47.8897773)",,,,
5816848566,6371905389,0,615051481,,residential,20,True,4.941,"LINESTRING (106.9284806 47.890782, 106.9284831 47.8907376)",,,,
5816848567,5816838210,0,615051481,,residential,20,True,49.613,"LINESTRING (106.9284886 47.8906382, 106.9285074 47.8901922)",,,,
5817155233,5424197649,0,562689239,,service,5,True,23.284,"LINESTRING (106.8820014 47.9032191, 106.8817904 47.9033735)",,,,
5817155241,6269298583,0,700891387,,service,30,False,54.161,"LINESTRING (106.8796078 47.9020974, 106.8790871 47.9024371)",,,1,
5852504623,5852504624,0,615049347,,residential,20,False,6.309,"LINESTRING (106.9292259 47.8902061, 106.9293084 47.8901935)",,,,
5852504623,5816838211,0,615049347,,residential,20,False,6.313,"LINESTRING (106.9292259 47.8902061, 106.9291413 47.8902084)",,,,
5852504624,5816838212,0,615049347,,residential,20,False,6.304,"LINESTRING (106.9293084 47.8901935, 106.9293862 47.8901713)",,,,
5852504624,5852504623,0,615049347,,residential,20,False,6.309,"LINESTRING (106.9293084 47.8901935, 106.9292259 47.8902061)",,,,
5852504628,5816838209,0,619300012,,residential,20,False,128.575,"LINESTRING (106.928555 47.8900056, 106.9285511 47.8888493)",,,,
5852504629,6371912680,0,615049347,,residential,20,False,18.31,"LINESTRING (106.9287093 47.8901979, 106.9289547 47.8902039)",,,,
5852504629,5816838210,0,615049347,,residential,20,False,15.067,"LINESTRING (106.9287093 47.8901979, 106.9285074 47.8901922)",,,,
5860542036,5860542037,0,620277188,Хотхон доторх зам,living_street,20,False,62.963,"LINESTRING (106.9218987 47.8942818, 106.9216931 47.8937326)",,,2,
5860542037,5860542036,0,620277188,Хотхон доторх зам,living_street,20,False,62.963,"LINESTRING (106.9216931 47.8937326, 106.9218987 47.8942818)",,,2,
5860542038,5860542039,0,620277189,Хотхон доторх зам,living_street,20,False,42.847,"LINESTRING (106.9226539 47.8941362, 106.9224981 47.8937653)",,,2,
5860542039,5860542038,0,620277189,Хотхон доторх зам,living_street,20,False,42.847,"LINESTRING (106.9224981 47.8937653, 106.9226539 47.8941362)",,,2,
5860542040,5860542041,0,620277190,Хотхон доторх зам,living_street,20,False,27.827,"LINESTRING (106.9232022 47.8940132, 106.9231213 47.8937689)",,,2,
5860542041,5860542040,0,620277190,Хотхон доторх зам,living_street,20,False,27.827,"LINESTRING (106.9231213 47.8937689, 106.9232022 47.8940132)",,,2,
5860542042,5860542043,0,620277191,Хотхон доторх зам,living_street,20,False,10.321,"LINESTRING (106.9216446 47.8929157, 106.9216477 47.8930085)",,,2,
5860542043,5860542044,0,620277191,Хотхон доторх зам,living_street,20,False,22.417,"LINESTRING (106.9216477 47.8930085, 106.9217168 47.8932047)",,,2,
5860542043,5860542042,0,620277191,Хотхон доторх зам,living_street,20,False,10.321,"LINESTRING (106.9216477 47.8930085, 106.9216446 47.8929157)",,,2,
5860542044,5860542045,0,620277191,Хотхон доторх зам,living_street,20,False,26.704,"LINESTRING (106.9217168 47.8932047, 106.9220746 47.8931938)",,,2,
5860542044,5860542043,0,620277191,Хотхон доторх зам,living_street,20,False,22.417,"LINESTRING (106.9217168 47.8932047, 106.9216477 47.8930085)",,,2,
5860542045,5860542046,0,620277191,Хотхон доторх зам,living_street,20,False,2.858,"LINESTRING (106.9220746 47.8931938, 106.9220949 47.893172)",,,2,
5860542045,5860542044,0,620277191,Хотхон доторх зам,living_street,20,False,26.704,"LINESTRING (106.9220746 47.8931938, 106.9217168 47.8932047)",,,2,
5860542046,5860542047,0,620277191,Хотхон доторх зам,living_street,20,False,26.027,"LINESTRING (106.9220949 47.893172, 106.9221573 47.8929417)",,,2,
5860542046,5860542045,0,620277191,Хотхон доторх зам,living_street,20,False,2.858,"LINESTRING (106.9220949 47.893172, 106.9220746 47.8931938)",,,2,
5860542047,5860542046,0,620277191,Хотхон доторх зам,living_street,20,False,26.027,"LINESTRING (106.9221573 47.8929417, 106.9220949 47.893172)",,,2,
5860542048,5860542049,0,620277192,Хотхон доторх зам,living_street,20,False,25.881,"LINESTRING (106.922486 47.8929516, 106.9225505 47.8931803)",,,2,
5860542049,5860542050,0,620277192,Хотхон доторх зам,living_street,20,False,12.09,"LINESTRING (106.9225505 47.8931803, 106.9227014 47.8932201)",,,2,
5860542049,5860542048,0,620277192,Хотхон доторх зам,living_street,20,False,25.881,"LINESTRING (106.9225505 47.8931803, 106.922486 47.8929516)",,,2,
5860542050,5860542051,0,620277192,Хотхон доторх зам,living_street,20,False,16.942,"LINESTRING (106.9227014 47.8932201, 106.9229272 47.893203)",,,2,
5860542050,5860542049,0,620277192,Хотхон доторх зам,living_street,20,False,12.09,"LINESTRING (106.9227014 47.8932201, 106.9225505 47.8931803)",,,2,
5860542051,5860542052,0,620277192,Хотхон доторх зам,living_street,20,False,7.968,"LINESTRING (106.9229272 47.893203, 106.9229935 47.8931468)",,,2,
5860542051,5860542050,0,620277192,Хотхон доторх зам,living_street,20,False,16.942,"LINESTRING (106.9229272 47.893203, 106.9227014 47.8932201)",,,2,
5860542052,5860542053,0,620277192,Хотхон доторх зам,living_street,20,False,21.198,"LINESTRING (106.9229935 47.8931468, 106.9229989 47.8929562)",,,2,
5860542052,5860542051,0,620277192,Хотхон доторх зам,living_street,20,False,7.968,"LINESTRING (106.9229935 47.8931468, 106.9229272 47.893203)",,,2,
5860542053,5860542052,0,620277192,Хотхон доторх зам,living_street,20,False,21.198,"LINESTRING (106.9229989 47.8929562, 106.9229935 47.8931468)",,,2,
5862390150,5862390158,0,598440207,,service,20,False,1.795,"LINESTRING (106.9128541 47.9025422, 106.912846 47.902527)",,parking_aisle,,
5862390150,5862390151,0,598440207,,service,20,False,1.786,"LINESTRING (106.9128541 47.9025422, 106.9128673 47.9025556)",,parking_aisle,,
5862390151,5862390150,0,598440207,,service,20,False,1.786,"LINESTRING (106.9128673 47.9025556, 106.9128541 47.9025422)",,parking_aisle,,
5862390151,5862390159,0,598440207,,service,20,False,1.799,"LINESTRING (106.9128673 47.9025556, 106.912885 47.9025666)",,parking_aisle,,
5862390152,5862390159,0,598440207,,service,20,False,1.79,"LINESTRING (106.912906 47.9025744, 106.912885 47.9025666)",,parking_aisle,,
5862390152,1252356921,0,598440207,,service,20,False,15.9,"LINESTRING (106.912906 47.9025744, 106.9131088 47.9026187)",,parking_aisle,,
5862390153,5862390160,0,598440207,,service,20,False,1.47,"LINESTRING (106.9127874 47.9024779, 106.9127682 47.9024749)",,parking_aisle,,
5862390153,5862390154,0,598440207,,service,20,False,1.464,"LINESTRING (106.9127874 47.9024779, 106.9128051 47.9024836)",,parking_aisle,,
5862390154,5862390153,0,598440207,,service,20,False,1.464,"LINESTRING (106.9128051 47.9024836, 106.9127874 47.9024779)",,parking_aisle,,
5862390154,5862390157,0,598440207,,service,20,False,1.473,"LINESTRING (106.9128051 47.9024836, 106.9128205 47.9024919)",,parking_aisle,,
5862390155,5862390157,0,598440207,,service,20,False,1.472,"LINESTRING (106.9128329 47.9025022, 106.9128205 47.9024919)",,parking_aisle,,
5862390155,5862390156,0,598440207,,service,20,False,1.47,"LINESTRING (106.9128329 47.9025022, 106.9128415 47.9025141)",,parking_aisle,,
5862390156,5862390155,0,598440207,,service,20,False,1.47,"LINESTRING (106.9128415 47.9025141, 106.9128329 47.9025022)",,parking_aisle,,
5862390156,5862390158,0,598440207,,service,20,False,1.473,"LINESTRING (106.9128415 47.9025141, 106.912846 47.902527)",,parking_aisle,,
5862390157,5862390154,0,598440207,,service,20,False,1.473,"LINESTRING (106.9128205 47.9024919, 106.9128051 47.9024836)",,parking_aisle,,
5862390157,5862390155,0,598440207,,service,20,False,1.472,"LINESTRING (106.9128205 47.9024919, 106.9128329 47.9025022)",,parking_aisle,,
5862390158,5862390156,0,598440207,,service,20,False,1.473,"LINESTRING (106.912846 47.902527, 106.9128415 47.9025141)",,parking_aisle,,
5862390158,5862390150,0,598440207,,service,20,False,1.795,"LINESTRING (106.912846 47.902527, 106.9128541 47.9025422)",,parking_aisle,,
5862390159,5862390151,0,598440207,,service,20,False,1.799,"LINESTRING (106.912885 47.9025666, 106.9128673 47.9025556)",,parking_aisle,,
5862390159,5862390152,0,598440207,,service,20,False,1.79,"LINESTRING (106.912885 47.9025666, 106.912906 47.9025744)",,parking_aisle,,
5862390160,5695726159,0,598440207,,service,20,False,114.273,"LINESTRING (106.9127682 47.9024749, 106.9112366 47.902518)",,parking_aisle,,
5862390160,5862390153,0,598440207,,service,20,False,1.47,"LINESTRING (106.9127682 47.9024749, 106.9127874 47.9024779)",,parking_aisle,,
6180459096,6558253766,0,660108565,,service,10,False,4.985,"LINESTRING (106.9251642 47.8799773, 106.9252221 47.8799549)",,,,
6180459097,6224566942,0,660108565,,service,10,False,73.348,"LINESTRING (106.9250315 47.8792013, 106.9252732 47.8798407)",,,,
6196129364,5756090610,0,607359943,,unclassified,20,False,12.481,"LINESTRING (106.8706763 47.913579, 106.8707574 47.9134808)",,,,
6196129364,5756090609,0,607359943,,unclassified,20,False,2.391,"LINESTRING (106.8706763 47.913579, 106.8706765 47.9136005)",,,,
6196129365,5756090606,0,607359943,,unclassified,20,False,3.327,"LINESTRING (106.8712074 47.9136329, 106.8711765 47.9136545)",,,,
6196129365,5756090605,0,607359943,,unclassified,20,False,13.15,"LINESTRING (106.8712074 47.9136329, 106.8712662 47.9135214)",,,,
6196129366,5756090607,0,607359943,,unclassified,20,False,8.097,"LINESTRING (106.8711215 47.9136626, 106.8710135 47.9136547)",,,,
6196129366,5756090606,0,607359943,,unclassified,20,False,4.197,"LINESTRING (106.8711215 47.9136626, 106.8711765 47.9136545)",,,,
6196129367,5756090602,0,607359943,,unclassified,20,False,2.161,"LINESTRING (106.871784 47.9129992, 106.871755 47.9129992)",,,,
6196129367,6196129369,0,607359943,,unclassified,20,False,9.488,"LINESTRING (106.871784 47.9129992, 106.8718916 47.9130448)",,,,
6196129368,5756090603,0,607359943,,unclassified,20,False,23.014,"LINESTRING (106.8717183 47.9130118, 106.8715392 47.9131804)",,,,
6196129368,5756090602,0,607359943,,unclassified,20,False,3.073,"LINESTRING (106.8717183 47.9130118, 106.871755 47.9129992)",,,,
6196129369,6196129367,0,607359943,,unclassified,20,False,9.488,"LINESTRING (106.8718916 47.9130448, 106.871784 47.9129992)",,,,
6196129369,5756090601,0,607359943,,unclassified,20,False,6.54,"LINESTRING (106.8718916 47.9130448, 106.8719592 47.9130823)",,,,
6224566942,6180459097,0,660108565,,service,10,False,73.348,"LINESTRING (106.9252732 47.8798407, 106.9250315 47.8792013)",,,,
6224566942,6558253765,0,660108565,,service,10,False,7.522,"LINESTRING (106.9252732 47.8798407, 106.9252604 47.8799078)",,,,
6226234808,1776774459,0,166194653,,residential,20,False,4.889,"LINESTRING (106.9339563 47.9152643, 106.9340171 47.9152478)",,,,
6226234808,1776774437,0,166194653,,residential,20,False,4.898,"LINESTRING (106.9339563 47.9152643, 106.9338906 47.9152654)",,,,
6226234809,1776774439,0,166194653,,residential,20,False,7.183,"LINESTRING (106.9340394 47.915196, 106.9340341 47.9151315)",,,,
6226234809,1776774459,0,166194653,,residential,20,False,5.995,"LINESTRING (106.9340394 47.915196, 106.9340171 47.9152478)",,,,
6226234810,1776774458,0,166194653,,residential,20,False,9.306,"LINESTRING (106.9325428 47.9154549, 106.9326675 47.9154506)",,,,
6226234810,1776774449,0,166194653,,residential,20,False,7.221,"LINESTRING (106.9325428 47.9154549, 106.9324744 47.9155009)",,,,
6226234811,1776774457,0,166194653,,residential,20,False,3.905,"LINESTRING (106.9329357 47.9154585, 106.9329679 47.9154308)",,,,
6226234811,1776774456,0,166194653,,residential,20,False,3.325,"LINESTRING (106.9329357 47.9154585, 106.9328928 47.9154667)",,,,
6226234812,1776770744,0,166194521,,residential,20,False,1.654,"LINESTRING (106.9305703 47.9173253, 106.9305637 47.9173111)",,,,
6226234812,6226234813,0,166194521,,residential,20,False,1.623,"LINESTRING (106.9305703 47.9173253, 106.9305888 47.917333)",,,,
6226234813,6226234812,0,166194521,,residential,20,False,1.623,"LINESTRING (106.9305888 47.917333, 106.9305703 47.9173253)",,,,
6226234813,2921518399,0,166194521,,residential,20,False,5.63,"LINESTRING (106.9305888 47.917333, 106.9306642 47.9173362)",,,,
6226234814,1776770706,0,166194521,,residential,20,False,1.702,"LINESTRING (106.9307593 47.9152639, 106.930747 47.915251)",,,,
6226234814,1776770699,0,166194521,,residential,20,False,64.927,"LINESTRING (106.9307593 47.9152639, 106.9307756 47.9158477)",,,,
6226234815,6226234817,0,166194521,,residential,20,False,25.179,"LINESTRING (106.9307146 47.9152396, 106.9303769 47.9152329)",,,,
6226234815,1776770706,0,166194521,,residential,20,False,2.727,"LINESTRING (106.9307146 47.9152396, 106.930747 47.915251)",,,,
6226234816,6852368580,0,166194521,,residential,20,False,59.286,"LINESTRING (106.9303353 47.9151969, 106.9304036 47.9146657)",,,,
6226234816,1776770704,0,166194521,,residential,20,False,2.463,"LINESTRING (106.9303353 47.9151969, 106.9303495 47.9152169)",,,,
6226234817,1776770704,0,166194521,,residential,20,False,2.708,"LINESTRING (106.9303769 47.9152329, 106.9303495 47.9152169)",,,,
6226234817,6226234815,0,166194521,,residential,20,False,25.179,"LINESTRING (106.9303769 47.9152329, 106.9307146 47.9152396)",,,,
6226234818,1776770737,0,166194521,,residential,20,False,3.151,"LINESTRING (106.9305526 47.9160373, 106.9305701 47.9160115)",,,,
6226234818,1776770708,0,166194521,,residential,20,False,65.408,"LINESTRING (106.9305526 47.9160373, 106.9304915 47.9166241)",,,,
6226234819,6226234820,0,166194521,,residential,20,False,2.862,"LINESTRING (106.9305485 47.9166593, 106.9305123 47.9166507)",,,,
6226234819,1776770732,0,166194521,,residential,20,False,6.043,"LINESTRING (106.9305485 47.9166593, 106.930629 47.9166658)",,,,
6226234820,1776770708,0,166194521,,residential,20,False,3.339,"LINESTRING (106.9305123 47.9166507, 106.9304915 47.9166241)",,,,
6226234820,6226234819,0,166194521,,residential,20,False,2.862,"LINESTRING (106.9305123 47.9166507, 106.9305485 47.9166593)",,,,
6269283395,4867447888,0,441130802,Тээвэрчдийн гудамж,service,30,False,3.054,"LINESTRING (106.892929 47.9034741, 106.8929699 47.9034725)",,,2,
6269283395,6574796982,0,441130802,Тээвэрчдийн гудамж,service,30,False,25.935,"LINESTRING (106.892929 47.9034741, 106.8925815 47.9034855)",,,2,
6269298583,6582195789,0,669479165,,service,30,False,47.952,"LINESTRING (106.8790871 47.9024371, 106.8795075 47.9027635)",,,1,
6269298583,5817155241,0,700891387,,service,30,False,54.161,"LINESTRING (106.8790871 47.9024371, 106.8796078 47.9020974)",,,1,
6269298584,6582195790,0,669479165,,service,30,False,6.334,"LINESTRING (106.8795249 47.9027967, 106.8795168 47.9028534)",,,1,
6269298584,6582195789,0,669479165,,service,30,False,3.913,"LINESTRING (106.8795249 47.9027967, 106.8795075 47.9027635)",,,1,
6269299185,6582195791,0,669479165,,service,30,False,22.473,"LINESTRING (106.8793814 47.9030512, 106.8792044 47.9032148)",,,1,
6269299185,6582195787,0,669479165,,service,30,False,12.884,"LINESTRING (106.8793814 47.9030512, 106.8794645 47.9029496)",,,1,
6269299186,6582195793,0,669479165,,service,30,False,24.326,"LINESTRING (106.8790238 47.9035664, 106.8791078 47.903355)",,,1,
6291759500,6291759501,0,435758178,,residential,20,False,2.674,"LINESTRING (106.837122 47.9137072, 106.8371571 47.9137022)",,,,
6291759500,4336553640,0,435758178,,residential,20,False,2.523,"LINESTRING (106.837122 47.9137072, 106.8370986 47.9137236)",,,,
6291759501,4336553641,0,435758178,,residential,20,False,61.76,"LINESTRING (106.8371571 47.9137022, 106.8379834 47.9137443)",,,,
6291759501,6291759500,0,435758178,,residential,20,False,2.674,"LINESTRING (106.8371571 47.9137022, 106.837122 47.9137072)",,,,
6291759502,4336553639,0,435758178,,residential,20,False,2.319,"LINESTRING (106.836884 47.9152564, 106.8368747 47.9152365)",,,,
6291759502,6291759503,0,435758178,,residential,20,False,2.57,"LINESTRING (106.836884 47.9152564, 106.8369123 47.9152696)",,,,
6291759503,6291759502,0,435758178,,residential,20,False,2.57,"LINESTRING (106.8369123 47.9152696, 106.836884 47.9152564)",,,,
6291759503,4336553637,0,435758178,,residential,20,False,11.276,"LINESTRING (106.8369123 47.9152696, 106.8370627 47.9152807)",,,,
6371905389,5816848567,0,615051481,,residential,20,True,11.06,"LINESTRING (106.9284831 47.8907376, 106.9284886 47.8906382)",,,,
6371910688,5816838216,0,615049347,,residential,20,False,14.871,"LINESTRING (106.930768 47.8898097, 106.9309615 47.8897773)",,,,
6371910688,5816838215,0,615049347,,residential,20,False,8.686,"LINESTRING (106.930768 47.8898097, 106.930655 47.8898287)",,,,
6371912680,5816838211,0,615049347,,residential,20,False,13.922,"LINESTRING (106.9289547 47.8902039, 106.9291413 47.8902084)",,,,
6371912680,5852504629,0,615049347,,residential,20,False,18.31,"LINESTRING (106.9289547 47.8902039, 106.9287093 47.8901979)",,,,
6543602086,5043953511,0,516732884,,residential,20,False,40.408,"LINESTRING (106.7862135 47.8463416, 106.7865666 47.8460661)",,,2,
6543602086,5043953510,0,516732884,,residential,20,False,5.627,"LINESTRING (106.7862135 47.8463416, 106.7861505 47.8463694)",,,2,
6543602087,5043953510,0,516732884,,residential,20,False,4.133,"LINESTRING (106.7860955 47.846365, 106.7861505 47.8463694)",,,2,
6543602087,6543602088,0,516732884,,residential,20,False,23.781,"LINESTRING (106.7860955 47.846365, 106.785842 47.8462354)",,,2,
6543602088,6543602087,0,516732884,,residential,20,False,23.781,"LINESTRING (106.785842 47.8462354, 106.7860955 47.846365)",,,2,
6543602088,5043953509,0,516732884,,residential,20,False,5.046,"LINESTRING (106.785842 47.8462354, 106.7858055 47.8461972)",,,2,
6543602089,5043953517,0,516732887,,residential,20,False,31.458,"LINESTRING (106.7858326 47.8461526, 106.7861124 47.845941)",,,2,
6543602089,5043953509,0,516732887,,residential,20,False,5.356,"LINESTRING (106.7858326 47.8461526, 106.7858055 47.8461972)",,,2,
6558148779,2498989456,0,388672558,,service,30,False,13.795,"LINESTRING (106.9131365 47.9261038, 106.9130428 47.9262108)",,,,
6558148779,2498061699,0,388672558,,service,30,False,14.671,"LINESTRING (106.9131365 47.9261038, 106.9132089 47.9259811)",,,,
6558148780,3918420982,0,388672558,,service,30,False,14.243,"LINESTRING (106.9128363 47.9264105, 106.9127602 47.926528)",,,,
6558148780,2498989458,0,388672558,,service,30,False,14.847,"LINESTRING (106.9128363 47.9264105, 106.9129555 47.9263035)",,,,
6558253765,6224566942,0,660108565,,service,10,False,7.522,"LINESTRING (106.9252604 47.8799078, 106.9252732 47.8798407)",,,,
6558253765,6558253766,0,660108565,,service,10,False,5.966,"LINESTRING (106.9252604 47.8799078, 106.9252221 47.8799549)",,,,
6558253766,6558253765,0,660108565,,service,10,False,5.966,"LINESTRING (106.9252221 47.8799549, 106.9252604 47.8799078)",,,,
6558253766,6180459096,0,660108565,,service,10,False,4.985,"LINESTRING (106.9252221 47.8799549, 106.9251642 47.8799773)",,,,
6574796982,6269283395,0,441130802,Тээвэрчдийн гудамж,service,30,False,25.935,"LINESTRING (106.8925815 47.9034855, 106.892929 47.9034741)",,,2,
6574796982,4867447887,0,441130802,Тээвэрчдийн гудамж,service,30,False,153.018,"LINESTRING (106.8925815 47.9034855, 106.8905312 47.9035527)",,,2,
6574816587,6574816594,0,700141154,Тээвэрчдийн гудамж,service,30,False,64.434,"LINESTRING (106.8896236 47.9028896, 106.8904793 47.9028077)",,,2,
6574816587,4388974714,0,700141155,Тээвэрчдийн гудамж,service,30,False,63.417,"LINESTRING (106.8896236 47.9028896, 106.8887814 47.9029702)",,,2,
6574816594,4867447887,0,700141153,Тээвэрчдийн гудамж,service,30,True,82.931,"LINESTRING (106.8904793 47.9028077, 106.8905312 47.9035527)",,,2,
6574816594,6574816587,0,700141154,Тээвэрчдийн гудамж,service,30,False,64.434,"LINESTRING (106.8904793 47.9028077, 106.8896236 47.9028896)",,,2,
6582195787,6269299185,0,669479165,,service,30,False,12.884,"LINESTRING (106.8794645 47.9029496, 106.8793814 47.9030512)",,,1,
6582195787,6582195790,0,669479165,,service,30,False,11.385,"LINESTRING (106.8794645 47.9029496, 106.8795168 47.9028534)",,,1,
6582195788,6582195792,0,669479165,,service,30,False,5.892,"LINESTRING (106.8791561 47.9032588, 106.8791279 47.9033083)",,,1,
6582195788,6582195791,0,669479165,,service,30,False,6.075,"LINESTRING (106.8791561 47.9032588, 106.8792044 47.9032148)",,,1,
6582195789,6269298584,0,669479165,,service,30,False,3.913,"LINESTRING (106.8795075 47.9027635, 106.8795249 47.9027967)",,,1,
6582195789,6269298583,0,669479165,,service,30,False,47.952,"LINESTRING (106.8795075 47.9027635, 106.8790871 47.9024371)",,,1,
6582195790,6582195787,0,669479165,,service,30,False,11.385,"LINESTRING (106.8795168 47.9028534, 106.8794645 47.9029496)",,,1,
6582195790,6269298584,0,669479165,,service,30,False,6.334,"LINESTRING (106.8795168 47.9028534, 106.8795249 47.9027967)",,,1,
6582195791,6582195788,0,669479165,,service,30,False,6.075,"LINESTRING (106.8792044 47.9032148, 106.8791561 47.9032588)",,,1,
6582195791,6269299185,0,669479165,,service,30,False,22.473,"LINESTRING (106.8792044 47.9032148, 106.8793814 47.9030512)",,,1,
6582195792,6582195793,0,669479165,,service,30,False,5.405,"LINESTRING (106.8791279 47.9033083, 106.8791078 47.903355)",,,1,
6582195792,6582195788,0,669479165,,service,30,False,5.892,"LINESTRING (106.8791279 47.9033083, 106.8791561 47.9032588)",,,1,
6582195793,6269299186,0,669479165,,service,30,False,24.326,"LINESTRING (106.8791078 47.903355, 106.8790238 47.9035664)",,,1,
6582195793,6582195792,0,669479165,,service,30,False,5.405,"LINESTRING (106.8791078 47.903355, 106.8791279 47.9033083)",,,1,
6603984797,3894623536,0,386123934,,residential,20,False,1.949,"LINESTRING (106.8781613 47.9120595, 106.8781713 47.9120433)",,,2,
6603984797,6603984800,0,386123934,,residential,20,False,1.99,"LINESTRING (106.8781613 47.9120595, 106.8781436 47.9120729)",,,2,
6603984798,6603984799,0,386123934,,residential,20,False,2.294,"LINESTRING (106.8779947 47.9121369, 106.8780186 47.9121239)",,,2,
6603984798,3894623535,0,386123934,,residential,20,False,2.0,"LINESTRING (106.8779947 47.9121369, 106.8779855 47.9121538)",,,2,
6603984799,6603984800,0,386123934,,residential,20,False,10.907,"LINESTRING (106.8780186 47.9121239, 106.8781436 47.9120729)",,,2,
6603984799,6603984798,0,386123934,,residential,20,False,2.294,"LINESTRING (106.8780186 47.9121239, 106.8779947 47.9121369)",,,2,
6603984800,6603984797,0,386123934,,residential,20,False,1.99,"LINESTRING (106.8781436 47.9120729, 106.8781613 47.9120595)",,,2,
6603984800,6603984799,0,386123934,,residential,20,False,10.907,"LINESTRING (106.8781436 47.9120729, 106.8780186 47.9121239)",,,2,
6852368580,480748240,0,166194521,,residential,20,False,63.806,"LINESTRING (106.9304036 47.9146657, 106.9304771 47.914094)",,,,
6852368580,6226234816,0,166194521,,residential,20,False,59.286,"LINESTRING (106.9304036 47.9146657, 106.9303353 47.9151969)",,,,
7305750096,7305750097,0,166194521,,residential,20,False,12.301,"LINESTRING (106.9316883 47.9181484, 106.9317128 47.918039)",,,,
7305750096,1477522627,0,166194521,,residential,20,False,15.995,"LINESTRING (106.9316883 47.9181484, 106.9316696 47.9182917)",,,,
7305750097,7305750098,0,166194521,,residential,20,False,27.988,"LINESTRING (106.9317128 47.918039, 106.9318044 47.9177949)",,,,
7305750097,7305750096,0,166194521,,residential,20,False,12.301,"LINESTRING (106.9317128 47.918039, 106.9316883 47.9181484)",,,,
7305750098,1776770735,0,166194521,,residential,20,False,19.84,"LINESTRING (106.9318044 47.9177949, 106.9318143 47.9176166)",,,,
7305750098,7305750097,0,166194521,,residential,20,False,27.988,"LINESTRING (106.9318044 47.9177949, 106.9317128 47.918039)",,,,
