u,v,key,osmid,highway,oneway,length,geometry,bridge,name,maxspeed,service,lanes,access,width
412111885,4501113316,0,453370653,cycleway,False,41.995,"LINESTRING (-6.8426424 34.0114185, -6.8422003 34.0115098)",,,,,,,
412111885,4501113315,0,453370653,cycleway,False,32.411,"LINESTRING (-6.8426424 34.0114185, -6.8429761 34.0113266)",,,,,,,
1392032574,2285348878,0,743137820,cycleway,False,22.407,"LINESTRING (-6.8217007 34.0251416, -6.8214624 34.0251016)",,,,,,,
1884784811,2285348859,0,219374745,cycleway,False,4.769,"LINESTRING (-6.8204042 34.0248276, -6.820356 34.024812)",,,,,,,
2285348846,2285348860,0,219374745,cycleway,False,13.323,"LINESTRING (-6.8198974 34.025059, -6.8198035 34.0251501)",,,,,,,
2285348846,2285348861,0,219374745,cycleway,False,23.15,"LINESTRING (-6.8198974 34.025059, -6.8200878 34.0249232)",,,,,,,
2285348850,2285348881,0,219374749,cycleway,False,13.687,"LINESTRING (-6.8205787 34.0250857, -6.8204391 34.0251277)",yes,,,,,,
2285348850,2285348880,0,219374749,cycleway,False,21.825,"LINESTRING (-6.8205787 34.0250857, -6.8208093 34.025041)",yes,,,,,,
2285348851,2285348867,0,219374745,cycleway,False,33.195,"LINESTRING (-6.8194977 34.025657, -6.8194173 34.025948)",,,,,,,
2285348851,2285348856,0,219374745,cycleway,False,33.74,"LINESTRING (-6.8194977 34.025657, -6.8196506 34.0253813)",,,,,,,
2285348852,2285348862,0,219374749,cycleway,False,13.375,"LINESTRING (-6.8201951 34.0252644, -6.8200959 34.0253522)",yes,,,,,,
2285348852,6956221425,0,219374749,cycleway,False,12.604,"LINESTRING (-6.8201951 34.0252644, -6.8203037 34.0251955)",yes,,,,,,
2285348855,2285348867,0,219374745,cycleway,False,36.94,"LINESTRING (-6.8193893 34.0262794, -6.8194173 34.025948)",,,,,,,
2285348855,2285348863,0,219374750,cycleway,False,33.919,"LINESTRING (-6.8193893 34.0262794, -6.8193636 34.0265837)",yes,,,,,,
2285348856,2285348851,0,219374745,cycleway,False,33.74,"LINESTRING (-6.8196506 34.0253813, -6.8194977 34.025657)",,,,,,,
2285348856,2285348860,0,219374745,cycleway,False,29.317,"LINESTRING (-6.8196506 34.0253813, -6.8198035 34.0251501)",,,,,,,
2285348859,2285348861,0,219374745,cycleway,False,27.637,"LINESTRING (-6.820356 34.024812, -6.8200878 34.0249232)",,,,,,,
2285348859,1884784811,0,219374745,cycleway,False,4.769,"LINESTRING (-6.820356 34.024812, -6.8204042 34.0248276)",,,,,,,
2285348860,2285348856,0,219374745,cycleway,False,29.317,"LINESTRING (-6.8198035 34.0251501, -6.8196506 34.0253813)",,,,,,,
2285348860,2285348846,0,219374745,cycleway,False,13.323,"LINESTRING (-6.8198035 34.0251501, -6.8198974 34.025059)",,,,,,,
2285348861,2285348846,0,219374745,cycleway,False,23.15,"LINESTRING (-6.8200878 34.0249232, -6.8198974 34.025059)",,,,,,,
2285348861,2285348859,0,219374745,cycleway,False,27.637,"LINESTRING (-6.8200878 34.0249232, -6.820356 34.024812)",,,,,,,
2285348862,6956221415,0,219374749,cycleway,False,11.404,"LINESTRING (-6.8200959 34.0253522, -6.8200256 34.0254366)",yes,,,,,,
2285348862,2285348852,0,219374749,cycleway,False,13.375,"LINESTRING (-6.8200959 34.0253522, -6.8201951 34.0252644)",yes,,,,,,
2285348863,2285348855,0,219374750,cycleway,False,33.919,"LINESTRING (-6.8193636 34.0265837, -6.8193893 34.0262794)",yes,,,,,,
2285348864,2285348883,0,219374749,cycleway,False,18.872,"LINESTRING (-6.8197539 34.0260236, -6.8197338 34.0261925)",yes,,,,,,
2285348864,6956221424,0,219374749,cycleway,False,17.969,"LINESTRING (-6.8197539 34.0260236, -6.8197954 34.0258657)",yes,,,,,,
2285348866,6956221423,0,219374749,cycleway,False,11.186,"LINESTRING (-6.8199624 34.0255196, -6.8199094 34.0256101)",yes,,,,,,
2285348866,6956221415,0,219374749,cycleway,False,10.913,"LINESTRING (-6.8199624 34.0255196, -6.8200256 34.0254366)",yes,,,,,,
2285348867,2285348855,0,219374745,cycleway,False,36.94,"LINESTRING (-6.8194173 34.025948, -6.8193893 34.0262794)",,,,,,,
2285348867,2285348851,0,219374745,cycleway,False,33.195,"LINESTRING (-6.8194173 34.025948, -6.8194977 34.025657)",,,,,,,
2285348874,6956221424,0,219374749,cycleway,False,18.372,"LINESTRING (-6.8198545 34.0257079, -6.8197954 34.0258657)",yes,,,,,,
2285348874,6956221423,0,219374749,cycleway,False,11.994,"LINESTRING (-6.8198545 34.0257079, -6.8199094 34.0256101)",yes,,,,,,
2285348878,2285348879,0,219374749,cycleway,False,22.288,"LINESTRING (-6.8214624 34.0251016, -6.8212251 34.0250629)",yes,,,,,,
2285348878,1392032574,0,743137820,cycleway,False,22.407,"LINESTRING (-6.8214624 34.0251016, -6.8217007 34.0251416)",,,,,,,
2285348879,2285348887,0,219374749,cycleway,False,20.509,"LINESTRING (-6.8212251 34.0250629, -6.8210038 34.0250434)",yes,,,,,,
2285348879,2285348878,0,219374749,cycleway,False,22.288,"LINESTRING (-6.8212251 34.0250629, -6.8214624 34.0251016)",yes,,,,,,
2285348880,2285348850,0,219374749,cycleway,False,21.825,"LINESTRING (-6.8208093 34.025041, -6.8205787 34.0250857)",yes,,,,,,
2285348880,2285348887,0,219374749,cycleway,False,17.927,"LINESTRING (-6.8208093 34.025041, -6.8210038 34.0250434)",yes,,,,,,
2285348881,6956221425,0,219374749,cycleway,False,14.579,"LINESTRING (-6.8204391 34.0251277, -6.8203037 34.0251955)",yes,,,,,,
2285348881,2285348850,0,219374749,cycleway,False,13.687,"LINESTRING (-6.8204391 34.0251277, -6.8205787 34.0250857)",yes,,,,,,
2285348883,2285348864,0,219374749,cycleway,False,18.872,"LINESTRING (-6.8197338 34.0261925, -6.8197539 34.0260236)",yes,,,,,,
2285348887,2285348880,0,219374749,cycleway,False,17.927,"LINESTRING (-6.8210038 34.0250434, -6.8208093 34.025041)",yes,,,,,,
2285348887,2285348879,0,219374749,cycleway,False,20.509,"LINESTRING (-6.8210038 34.0250434, -6.8212251 34.0250629)",yes,,,,,,
4501113087,4501113088,0,453370652,cycleway,False,12.054,"LINESTRING (-6.8386392 34.012703, -6.8387657 34.0126755)",,,,,,,
4501113088,4501113289,0,453370652,cycleway,False,12.926,"LINESTRING (-6.8387657 34.0126755, -6.8388946 34.0126297)",,,,,,,
4501113088,4501113087,0,453370652,cycleway,False,12.054,"LINESTRING (-6.8387657 34.0126755, -6.8386392 34.012703)",,,,,,,
4501113289,4501113290,0,453370652,cycleway,False,163.488,"LINESTRING (-6.8388946 34.0126297, -6.8405853 34.0121851)",,,,,,,
4501113289,4501113088,0,453370652,cycleway,False,12.926,"LINESTRING (-6.8388946 34.0126297, -6.8387657 34.0126755)",,,,,,,
4501113290,6034751504,0,453370652,cycleway,False,10.621,"LINESTRING (-6.8405853 34.0121851, -6.8406901 34.0121454)",,,,,,,
4501113290,4501113289,0,453370652,cycleway,False,163.488,"LINESTRING (-6.8405853 34.0121851, -6.8388946 34.0126297)",,,,,,,
4501113291,4501113292,0,453370652,cycleway,False,83.05,"LINESTRING (-6.8408289 34.0121173, -6.8416865 34.0118882)",,,,,,,
4501113291,6034751504,0,453370652,cycleway,False,13.169,"LINESTRING (-6.8408289 34.0121173, -6.8406901 34.0121454)",,,,,,,
4501113292,6034751516,0,453370652,cycleway,False,14.42,"LINESTRING (-6.8416865 34.0118882, -6.8418311 34.0118387)",,,,,,,
4501113292,4501113291,0,453370652,cycleway,False,83.05,"LINESTRING (-6.8416865 34.0118882, -6.8408289 34.0121173)",,,,,,,
4501113293,4501113294,0,453370652,cycleway,False,44.944,"LINESTRING (-6.8419629 34.0118254, -6.8424337 34.0117202)",,,,,,,
4501113293,6034751516,0,453370652,cycleway,False,12.238,"LINESTRING (-6.8419629 34.0118254, -6.8418311 34.0118387)",,,,,,,
4501113294,6034751515,0,453370652,cycleway,False,16.989,"LINESTRING (-6.8424337 34.0117202, -6.8426101 34.0116759)",,,,,,,
4501113294,4501113293,0,453370652,cycleway,False,44.944,"LINESTRING (-6.8424337 34.0117202, -6.8419629 34.0118254)",,,,,,,
4501113295,4501113296,0,453370652,cycleway,False,63.96,"LINESTRING (-6.8428922 34.0116049, -6.8435533 34.0114301)",,,,,,,
4501113295,6034751515,0,453370652,cycleway,False,27.174,"LINESTRING (-6.8428922 34.0116049, -6.8426101 34.0116759)",,,,,,,
4501113296,4501113297,0,453370652,cycleway,False,36.646,"LINESTRING (-6.8435533 34.0114301, -6.843934 34.0113351)",,,,,,,
4501113296,4501113295,0,453370652,cycleway,False,63.96,"LINESTRING (-6.8435533 34.0114301, -6.8428922 34.0116049)",,,,,,,
4501113297,6034751808,0,453370652,cycleway,False,28.653,"LINESTRING (-6.843934 34.0113351, -6.844226 34.0112467)",,,,,,,
4501113297,4501113296,0,453370652,cycleway,False,36.646,"LINESTRING (-6.843934 34.0113351, -6.8435533 34.0114301)",,,,,,,
4501113298,4501113299,0,453370652,cycleway,False,102.201,"LINESTRING (-6.8444314 34.0111943, -6.8454855 34.0109092)",,,,,,,
4501113298,6034751808,0,453370652,cycleway,False,19.809,"LINESTRING (-6.8444314 34.0111943, -6.844226 34.0112467)",,,,,,,
4501113299,6034751768,0,453370652,cycleway,False,8.366,"LINESTRING (-6.8454855 34.0109092, -6.8455731 34.0108895)",,,,,,,
4501113299,4501113298,0,453370652,cycleway,False,102.201,"LINESTRING (-6.8454855 34.0109092, -6.8444314 34.0111943)",,,,,,,
4501113300,6034751802,0,453370652,cycleway,False,57.344,"LINESTRING (-6.8460464 34.0107565, -6.8466376 34.0105959)",,,,,,,
4501113300,6034751768,0,453370652,cycleway,False,46.064,"LINESTRING (-6.8460464 34.0107565, -6.8455731 34.0108895)",,,,,,,
4501113301,6034751803,0,453370652,cycleway,False,99.062,"LINESTRING (-6.8467239 34.0105733, -6.8477465 34.0102992)",,,,,,,
4501113301,6034751802,0,453370652,cycleway,False,8.342,"LINESTRING (-6.8467239 34.0105733, -6.8466376 34.0105959)",,,,,,,
4501113302,4501113303,0,453370652,cycleway,False,165.726,"LINESTRING (-6.8479582 34.0102424, -6.8496792 34.009811)",,,,,,,
4501113302,6034751803,0,453370652,cycleway,False,20.51,"LINESTRING (-6.8479582 34.0102424, -6.8477465 34.0102992)",,,,,,,
4501113303,4501113304,0,453370652,cycleway,False,65.005,"LINESTRING (-6.8496792 34.009811, -6.850353 34.0096384)",,,,,,,
4501113303,4501113302,0,453370652,cycleway,False,165.726,"LINESTRING (-6.8496792 34.009811, -6.8479582 34.0102424)",,,,,,,
4501113304,4501113305,0,453370652,cycleway,False,73.578,"LINESTRING (-6.850353 34.0096384, -6.8511206 34.0094568)",,,,,,,
4501113304,4501113303,0,453370652,cycleway,False,65.005,"LINESTRING (-6.850353 34.0096384, -6.8496792 34.009811)",,,,,,,
4501113305,4501113304,0,453370652,cycleway,False,73.578,"LINESTRING (-6.8511206 34.0094568, -6.850353 34.0096384)",,,,,,,
4501113308,4501113309,0,453370653,cycleway,False,137.672,"LINESTRING (-6.8510138 34.0092918, -6.849584 34.0096498)",,,,,,,
4501113309,4501113310,0,453370653,cycleway,False,47.209,"LINESTRING (-6.849584 34.0096498, -6.8490962 34.0097792)",,,,,,,
4501113309,4501113308,0,453370653,cycleway,False,137.672,"LINESTRING (-6.849584 34.0096498, -6.8510138 34.0092918)",,,,,,,
4501113310,6034751931,0,453370653,cycleway,False,115.48,"LINESTRING (-6.8490962 34.0097792, -6.8478946 34.0100732)",,,,,,,
4501113310,4501113309,0,453370653,cycleway,False,47.209,"LINESTRING (-6.8490962 34.0097792, -6.849584 34.0096498)",,,,,,,
4501113311,4501113312,0,453370653,cycleway,False,121.274,"LINESTRING (-6.847647 34.0101236, -6.8463882 34.0104409)",,,,,,,
4501113311,6034751931,0,453370653,cycleway,False,23.5,"LINESTRING (-6.847647 34.0101236, -6.8478946 34.0100732)",,,,,,,
4501113312,6034751807,0,453370653,cycleway,False,42.132,"LINESTRING (-6.8463882 34.0104409, -6.8459524 34.0105552)",,,,,,,
4501113312,4501113311,0,453370653,cycleway,False,121.274,"LINESTRING (-6.8463882 34.0104409, -6.847647 34.0101236)",,,,,,,
4501113313,6034751932,0,453370653,cycleway,False,54.772,"LINESTRING (-6.8450291 34.0107972, -6.8444615 34.010943)",,,,,,,
4501113313,6034751514,0,453370653,cycleway,False,22.141,"LINESTRING (-6.8450291 34.0107972, -6.8452589 34.0107392)",,,,,,,
4501113314,4501113315,0,453370653,cycleway,False,50.24,"LINESTRING (-6.843496 34.0111909, -6.8429761 34.0113266)",,,,,,,
4501113314,6034751932,0,453370653,cycleway,False,93.164,"LINESTRING (-6.843496 34.0111909, -6.8444615 34.010943)",,,,,,,
4501113315,412111885,0,453370653,cycleway,False,32.411,"LINESTRING (-6.8429761 34.0113266, -6.8426424 34.0114185)",,,,,,,
4501113315,4501113314,0,453370653,cycleway,False,50.24,"LINESTRING (-6.8429761 34.0113266, -6.843496 34.0111909)",,,,,,,
4501113316,6034751769,0,453370653,cycleway,False,35.573,"LINESTRING (-6.8422003 34.0115098, -6.8418297 34.0115991)",,,,,,,
4501113316,412111885,0,453370653,cycleway,False,41.995,"LINESTRING (-6.8422003 34.0115098, -6.8426424 34.0114185)",,,,,,,
4501113317,6034751564,0,453370653,cycleway,False,57.185,"LINESTRING (-6.8413938 34.0117067, -6.8408011 34.0118587)",,,,,,,
4501113317,6034751769,0,453370653,cycleway,False,41.922,"LINESTRING (-6.8413938 34.0117067, -6.8418297 34.0115991)",,,,,,,
4501113318,4501113319,0,453370653,cycleway,False,137.311,"LINESTRING (-6.8404257 34.0119544, -6.8390031 34.0123209)",,,,,,,
4501113318,6034751564,0,453370653,cycleway,False,36.201,"LINESTRING (-6.8404257 34.0119544, -6.8408011 34.0118587)",,,,,,,
4501113319,4501113320,0,453370653,cycleway,False,19.996,"LINESTRING (-6.8390031 34.0123209, -6.8387944 34.01237)",,,,,,,
4501113319,4501113318,0,453370653,cycleway,False,137.311,"LINESTRING (-6.8390031 34.0123209, -6.8404257 34.0119544)",,,,,,,
4501113320,4501113319,0,453370653,cycleway,False,19.996,"LINESTRING (-6.8387944 34.01237, -6.8390031 34.0123209)",,,,,,,
6034751504,4501113291,0,453370652,cycleway,False,13.169,"LINESTRING (-6.8406901 34.0121454, -6.8408289 34.0121173)",,,,,,,
6034751504,4501113290,0,453370652,cycleway,False,10.621,"LINESTRING (-6.8406901 34.0121454, -6.8405853 34.0121851)",,,,,,,
6034751514,4501113313,0,453370653,cycleway,False,22.141,"LINESTRING (-6.8452589 34.0107392, -6.8450291 34.0107972)",,,,,,,
6034751514,6034751807,0,453370653,cycleway,False,67.117,"LINESTRING (-6.8452589 34.0107392, -6.8459524 34.0105552)",,,,,,,
6034751515,4501113295,0,453370652,cycleway,False,27.174,"LINESTRING (-6.8426101 34.0116759, -6.8428922 34.0116049)",,,,,,,
6034751515,4501113294,0,453370652,cycleway,False,16.989,"LINESTRING (-6.8426101 34.0116759, -6.8424337 34.0117202)",,,,,,,
6034751516,4501113293,0,453370652,cycleway,False,12.238,"LINESTRING (-6.8418311 34.0118387, -6.8419629 34.0118254)",,,,,,,
6034751516,4501113292,0,453370652,cycleway,False,14.42,"LINESTRING (-6.8418311 34.0118387, -6.8416865 34.0118882)",,,,,,,
6034751564,4501113318,0,453370653,cycleway,False,36.201,"LINESTRING (-6.8408011 34.0118587, -6.8404257 34.0119544)",,,,,,,
6034751564,4501113317,0,453370653,cycleway,False,57.185,"LINESTRING (-6.8408011 34.0118587, -6.8413938 34.0117067)",,,,,,,
6034751768,4501113300,0,453370652,cycleway,False,46.064,"LINESTRING (-6.8455731 34.0108895, -6.8460464 34.0107565)",,,,,,,
6034751768,4501113299,0,453370652,cycleway,False,8.366,"LINESTRING (-6.8455731 34.0108895, -6.8454855 34.0109092)",,,,,,,
6034751769,4501113317,0,453370653,cycleway,False,41.922,"LINESTRING (-6.8418297 34.0115991, -6.8413938 34.0117067)",,,,,,,
6034751769,4501113316,0,453370653,cycleway,False,35.573,"LINESTRING (-6.8418297 34.0115991, -6.8422003 34.0115098)",,,,,,,
6034751802,4501113301,0,453370652,cycleway,False,8.342,"LINESTRING (-6.8466376 34.0105959, -6.8467239 34.0105733)",,,,,,,
6034751802,4501113300,0,453370652,cycleway,False,57.344,"LINESTRING (-6.8466376 34.0105959, -6.8460464 34.0107565)",,,,,,,
6034751803,4501113302,0,453370652,cycleway,False,20.51,"LINESTRING (-6.8477465 34.0102992, -6.8479582 34.0102424)",,,,,,,
6034751803,4501113301,0,453370652,cycleway,False,99.062,"LINESTRING (-6.8477465 34.0102992, -6.8467239 34.0105733)",,,,,,,
6034751807,6034751514,0,453370653,cycleway,False,67.117,"LINESTRING (-6.8459524 34.0105552, -6.8452589 34.0107392)",,,,,,,
6034751807,4501113312,0,453370653,cycleway,False,42.132,"LINESTRING (-6.8459524 34.0105552, -6.8463882 34.0104409)",,,,,,,
6034751808,4501113298,0,453370652,cycleway,False,19.809,"LINESTRING (-6.844226 34.0112467, -6.8444314 34.0111943)",,,,,,,
6034751808,4501113297,0,453370652,cycleway,False,28.653,"LINESTRING (-6.844226 34.0112467, -6.843934 34.0113351)",,,,,,,
6034751931,4501113311,0,453370653,cycleway,False,23.5,"LINESTRING (-6.8478946 34.0100732, -6.847647 34.0101236)",,,,,,,
6034751931,4501113310,0,453370653,cycleway,False,115.48,"LINESTRING (-6.8478946 34.0100732, -6.8490962 34.0097792)",,,,,,,
6034751932,4501113314,0,453370653,cycleway,False,93.164,"LINESTRING (-6.8444615 34.010943, -6.843496 34.0111909)",,,,,,,
6034751932,4501113313,0,453370653,cycleway,False,54.772,"LINESTRING (-6.8444615 34.010943, -6.8450291 34.0107972)",,,,,,,
6956221415,2285348866,0,219374749,cycleway,False,10.913,"LINESTRING (-6.8200256 34.0254366, -6.8199624 34.0255196)",yes,,,,,,
6956221415,2285348862,0,219374749,cycleway,False,11.404,"LINESTRING (-6.8200256 34.0254366, -6.8200959 34.0253522)",yes,,,,,,
6956221423,2285348874,0,219374749,cycleway,False,11.994,"LINESTRING (-6.8199094 34.0256101, -6.8198545 34.0257079)",yes,,,,,,
6956221423,2285348866,0,219374749,cycleway,False,11.186,"LINESTRING (-6.8199094 34.0256101, -6.8199624 34.0255196)",yes,,,,,,
6956221424,2285348864,0,219374749,cycleway,False,17.969,"LINESTRING (-6.8197954 34.0258657, -6.8197539 34.0260236)",yes,,,,,,
6956221424,2285348874,0,219374749,cycleway,False,18.372,"LINESTRING (-6.8197954 34.0258657, -6.8198545 34.0257079)",yes,,,,,,
6956221425,2285348852,0,219374749,cycleway,False,12.604,"LINESTRING (-6.8203037 34.0251955, -6.8201951 34.0252644)",yes,,,,,,
6956221425,2285348881,0,219374749,cycleway,False,14.579,"LINESTRING (-6.8203037 34.0251955, -6.8204391 34.0251277)",yes,,,,,,
486077563,896412279,0,75923417,path,False,13.81,"LINESTRING (-6.8356526 34.0267532, -6.8355755 34.0266467)",,,,,,,
486077563,6655488731,0,255403565,path,False,28.697,"LINESTRING (-6.8356526 34.0267532, -6.8353793 34.0268769)",,Rue Fredj,,,,,
516664623,516664625,0,41832734,path,False,39.771,"LINESTRING (-6.8349204 34.0259308, -6.8346576 34.0256471)",,,,,,,
516664623,3027349853,0,41832734,path,False,14.673,"LINESTRING (-6.8349204 34.0259308, -6.8350129 34.0260382)",,,,,,,
516664623,516664627,0,41832736,path,False,33.054,"LINESTRING (-6.8349204 34.0259308, -6.8352039 34.0257487)",,,,,,,
516664625,516664623,0,41832734,path,False,39.771,"LINESTRING (-6.8346576 34.0256471, -6.8349204 34.0259308)",,,,,,,
516664627,516664623,0,41832736,path,False,33.054,"LINESTRING (-6.8352039 34.0257487, -6.8349204 34.0259308)",,,,,,,
516664638,3027349853,0,41832734,path,False,18.719,"LINESTRING (-6.8351421 34.0261681, -6.8350129 34.0260382)",,,,,,,
896412276,896412279,0,75923417,path,False,29.713,"LINESTRING (-6.8353939 34.0264259, -6.8355755 34.0266467)",,,,,,,
896412279,486077563,0,75923417,path,False,13.81,"LINESTRING (-6.8355755 34.0266467, -6.8356526 34.0267532)",,,,,,,
896412279,896412276,0,75923417,path,False,29.713,"LINESTRING (-6.8355755 34.0266467, -6.8353939 34.0264259)",,,,,,,
2610951213,6655488731,0,255403565,path,False,36.223,"LINESTRING (-6.8350302 34.0270266, -6.8353793 34.0268769)",,Rue Fredj,,,,,
2610951213,6850964672,0,255405180,living_street,False,2.135,"LINESTRING (-6.8350302 34.0270266, -6.8350092 34.0270347)",,Rue Porte Maoun,20,,,,
2610951213,2610975346,0,255405180,living_street,False,23.078,"LINESTRING (-6.8350302 34.0270266, -6.8351523 34.0272078)",,Rue Porte Maoun,20,,,,
3027349853,516664623,0,41832734,path,False,14.673,"LINESTRING (-6.8350129 34.0260382, -6.8349204 34.0259308)",,,,,,,
3027349853,516664638,0,41832734,path,False,18.719,"LINESTRING (-6.8350129 34.0260382, -6.8351421 34.0261681)",,,,,,,
6655488731,486077563,0,255403565,path,False,28.697,"LINESTRING (-6.8353793 34.0268769, -6.8356526 34.0267532)",,Rue Fredj,,,,,
6655488731,2610951213,0,255403565,path,False,36.223,"LINESTRING (-6.8353793 34.0268769, -6.8350302 34.0270266)",,Rue Fredj,,,,,
21070189,2008210258,0,101917979,service,True,62.0,"LINESTRING (-6.8544981 34.0019657, -6.8549764 34.0023577)",,,30,driveway,,,
21070193,2008210253,0,101917979,service,True,6.142,"LINESTRING (-6.8554094 34.0019637, -6.8553568 34.0019298)",,,30,driveway,,,
405933226,6775201989,0,240002999,residential,True,5.532,"LINESTRING (-6.8850785 33.957516, -6.8851284 33.9574884)",,,30,,1,destination,
410910139,6726933022,0,264036339,primary,True,15.311,"LINESTRING (-6.8385782 34.0133528, -6.8385923 34.01349)",,Avenue Ibn Toumert شارع ابن تومرت,20,,2,,
486077520,6958844607,0,255405180,living_street,False,16.293,"LINESTRING (-6.8352449 34.0274805, -6.8351631 34.0273506)",,Rue Porte Maoun,20,,,,
486077522,6958844609,0,255400674,living_street,False,8.279,"LINESTRING (-6.8341943 34.0280699, -6.8342679 34.0281126)",,Rue des Consuls شارع القناصل,20,,,,
486077522,6958844610,0,279226506,living_street,False,13.311,"LINESTRING (-6.8341943 34.0280699, -6.8340773 34.0279997)",,Rue des Consuls شارع القناصل,20,,,,
486077546,6958844598,0,324493907,living_street,False,8.373,"LINESTRING (-6.8348847 34.0266957, -6.8348506 34.0266259)",,Derb El Fassi,20,,,,8
486077546,2610975349,0,324493907,living_street,False,2.941,"LINESTRING (-6.8348847 34.0266957, -6.8348927 34.0267213)",,Derb El Fassi,20,,,,8
486077570,3314756726,0,324803741,living_street,False,12.756,"LINESTRING (-6.8342054 34.0257142, -6.8342903 34.0258048)",,Derb El Fassi,20,,,,
486077574,2697105809,0,279226507,living_street,False,41.065,"LINESTRING (-6.8327956 34.0268325, -6.8330957 34.0271055)",,Rue des Consuls شارع القناصل,20,,,,
516664660,896416651,0,255400674,living_street,False,27.906,"LINESTRING (-6.8347447 34.0285905, -6.8345776 34.0283812)",,Rue des Consuls شارع القناصل,20,,,,
516664660,3314747532,0,255400674,living_street,False,6.562,"LINESTRING (-6.8347447 34.0285905, -6.8347831 34.0286402)",,Rue des Consuls شارع القناصل,20,,,,
896412494,6958844591,0,324493907,living_street,False,10.177,"LINESTRING (-6.8345214 34.0260585, -6.834584 34.0261339)",,Derb El Fassi,20,,,,8
896412494,3314756726,0,324803741,living_street,False,35.347,"LINESTRING (-6.8345214 34.0260585, -6.8342903 34.0258048)",,Derb El Fassi,20,,,,
896413590,3314827261,0,324493907,living_street,False,3.515,"LINESTRING (-6.8346581 34.0262481, -6.8346421 34.0262194)",,Derb El Fassi,20,,,,8
896413590,6958844594,0,324493907,living_street,False,6.314,"LINESTRING (-6.8346581 34.0262481, -6.8346789 34.0263022)",,Derb El Fassi,20,,,,8
896416284,3312042370,0,324493907,living_street,False,5.883,"LINESTRING (-6.8347651 34.0264904, -6.8347365 34.0264431)",,Derb El Fassi,20,,,,8
896416284,6958844598,0,324493907,living_street,False,17.003,"LINESTRING (-6.8347651 34.0264904, -6.8348506 34.0266259)",,Derb El Fassi,20,,,,8
896416651,2610928465,0,255400674,living_street,False,16.933,"LINESTRING (-6.8345776 34.0283812, -6.8344625 34.0282625)",,Rue des Consuls شارع القناصل,20,,,,
896416651,516664660,0,255400674,living_street,False,27.906,"LINESTRING (-6.8345776 34.0283812, -6.8347447 34.0285905)",,Rue des Consuls شارع القناصل,20,,,,
896417752,896424072,0,75923998,pedestrian,False,45.317,"LINESTRING (-6.8277314 34.0267733, -6.8281879 34.0266218)",,Rue du Mellah زنقة الملاح,20,,,,
896417755,896421759,0,75923998,pedestrian,False,12.673,"LINESTRING (-6.8303337 34.0258778, -6.8302071 34.0259223)",,Rue du Mellah زنقة الملاح,20,,,,
896417755,6774211908,0,75923998,pedestrian,False,13.679,"LINESTRING (-6.8303337 34.0258778, -6.8304685 34.0258263)",,Rue du Mellah زنقة الملاح,20,,,,
896420293,896422214,0,75923998,pedestrian,False,7.609,"LINESTRING (-6.8309441 34.0256191, -6.8308833 34.0256654)",,Rue du Mellah زنقة الملاح,20,,,,
896420293,3315253096,0,75923998,pedestrian,False,40.083,"LINESTRING (-6.8309441 34.0256191, -6.8312789 34.025389)",,Rue du Mellah زنقة الملاح,20,,,,
896421759,896422711,0,75923998,pedestrian,False,15.304,"LINESTRING (-6.8302071 34.0259223, -6.8300542 34.025976)",,Rue du Mellah زنقة الملاح,20,,,,
896421759,896417755,0,75923998,pedestrian,False,12.673,"LINESTRING (-6.8302071 34.0259223, -6.8303337 34.0258778)",,Rue du Mellah زنقة الملاح,20,,,,
896422133,6774211912,0,75923998,pedestrian,False,14.611,"LINESTRING (-6.8306786 34.0258434, -6.8305503 34.0259206)",,Rue du Mellah زنقة الملاح,20,,,,
896422133,6958844685,0,75923998,pedestrian,False,7.227,"LINESTRING (-6.8306786 34.0258434, -6.8307424 34.0258056)",,Rue du Mellah زنقة الملاح,20,,,,
896422214,6958844686,0,75923998,pedestrian,False,8.335,"LINESTRING (-6.8308833 34.0256654, -6.8308286 34.0257251)",,Rue du Mellah زنقة الملاح,20,,,,
896422214,896420293,0,75923998,pedestrian,False,7.609,"LINESTRING (-6.8308833 34.0256654, -6.8309441 34.0256191)",,Rue du Mellah زنقة الملاح,20,,,,
896422711,896422884,0,75923998,pedestrian,False,13.6,"LINESTRING (-6.8300542 34.025976, -6.8299199 34.0260267)",,Rue du Mellah زنقة الملاح,20,,,,
896422711,896421759,0,75923998,pedestrian,False,15.304,"LINESTRING (-6.8300542 34.025976, -6.8302071 34.0259223)",,Rue du Mellah زنقة الملاح,20,,,,
896422884,896423004,0,75923998,pedestrian,False,10.885,"LINESTRING (-6.8299199 34.0260267, -6.8298113 34.0260652)",,Rue du Mellah زنقة الملاح,20,,,,
896422884,896422711,0,75923998,pedestrian,False,13.6,"LINESTRING (-6.8299199 34.0260267, -6.8300542 34.025976)",,Rue du Mellah زنقة الملاح,20,,,,
896423004,6958844684,0,75923998,pedestrian,False,20.488,"LINESTRING (-6.8298113 34.0260652, -6.8296063 34.0261365)",,Rue du Mellah زنقة الملاح,20,,,,
896423004,896422884,0,75923998,pedestrian,False,10.885,"LINESTRING (-6.8298113 34.0260652, -6.8299199 34.0260267)",,Rue du Mellah زنقة الملاح,20,,,,
896423248,6958844650,0,75923998,pedestrian,False,26.206,"LINESTRING (-6.8295604 34.0261524, -6.8292999 34.0262469)",,Rue du Mellah زنقة الملاح,20,,,,
896423248,6958844684,0,75923998,pedestrian,False,4.585,"LINESTRING (-6.8295604 34.0261524, -6.8296063 34.0261365)",,Rue du Mellah زنقة الملاح,20,,,,
896423384,6958844642,0,75923998,pedestrian,False,24.741,"LINESTRING (-6.8292749 34.026256, -6.8290271 34.0263416)",,Rue du Mellah زنقة الملاح,20,,,,
896423384,6958844650,0,75923998,pedestrian,False,2.516,"LINESTRING (-6.8292749 34.026256, -6.8292999 34.0262469)",,Rue du Mellah زنقة الملاح,20,,,,
896423529,6958844662,0,75923998,pedestrian,False,21.123,"LINESTRING (-6.8289843 34.0263564, -6.8287718 34.0264276)",,Rue du Mellah زنقة الملاح,20,,,,
896423529,6958844642,0,75923998,pedestrian,False,4.274,"LINESTRING (-6.8289843 34.0263564, -6.8290271 34.0263416)",,Rue du Mellah زنقة الملاح,20,,,,
896423611,896423891,0,75923998,pedestrian,False,18.711,"LINESTRING (-6.8287145 34.0264468, -6.828525 34.0265072)",,Rue du Mellah زنقة الملاح,20,,,,
896423611,6958844662,0,75923998,pedestrian,False,5.696,"LINESTRING (-6.8287145 34.0264468, -6.8287718 34.0264276)",,Rue du Mellah زنقة الملاح,20,,,,
896423822,896423992,0,75923998,pedestrian,False,18.585,"LINESTRING (-6.8284327 34.0265375, -6.8282468 34.0266023)",,Rue du Mellah زنقة الملاح,20,,,,
896423822,896423891,0,75923998,pedestrian,False,9.149,"LINESTRING (-6.8284327 34.0265375, -6.828525 34.0265072)",,Rue du Mellah زنقة الملاح,20,,,,
896423891,896423822,0,75923998,pedestrian,False,9.149,"LINESTRING (-6.828525 34.0265072, -6.8284327 34.0265375)",,Rue du Mellah زنقة الملاح,20,,,,
896423891,896423611,0,75923998,pedestrian,False,18.711,"LINESTRING (-6.828525 34.0265072, -6.8287145 34.0264468)",,Rue du Mellah زنقة الملاح,20,,,,
896423992,896424072,0,75923998,pedestrian,False,5.845,"LINESTRING (-6.8282468 34.0266023, -6.8281879 34.0266218)",,Rue du Mellah زنقة الملاح,20,,,,
896423992,896423822,0,75923998,pedestrian,False,18.585,"LINESTRING (-6.8282468 34.0266023, -6.8284327 34.0265375)",,Rue du Mellah زنقة الملاح,20,,,,
896424072,896417752,0,75923998,pedestrian,False,45.317,"LINESTRING (-6.8281879 34.0266218, -6.8277314 34.0267733)",,Rue du Mellah زنقة الملاح,20,,,,
896424072,896423992,0,75923998,pedestrian,False,5.845,"LINESTRING (-6.8281879 34.0266218, -6.8282468 34.0266023)",,Rue du Mellah زنقة الملاح,20,,,,
1686040423,6726933040,0,264036339,primary,True,2.98,"LINESTRING (-6.8384458 34.0148565, -6.8384609 34.0148802)",,Avenue Ibn Toumert شارع ابن تومرت,20,,2,,
1686040425,4501133372,0,264036339,primary,True,16.409,"LINESTRING (-6.8385447 34.0138369, -6.8384998 34.0139797)",,Avenue Ibn Toumert شارع ابن تومرت,20,,2,,
1686040451,6726933037,0,264036339,primary,True,9.834,"LINESTRING (-6.8385903 34.0136301, -6.8385775 34.0137179)",,Avenue Ibn Toumert شارع ابن تومرت,20,,2,,
1772520942,2610928464,0,255400674,living_street,False,8.307,"LINESTRING (-6.8352227 34.029337, -6.8352342 34.0292629)",,Rue des Consuls شارع القناصل,20,,,,
2008210258,6840277725,0,101917979,service,True,27.755,"LINESTRING (-6.8549764 34.0023577, -6.8551905 34.0021822)",,,30,driveway,,,
2189092203,6769303596,0,208636990,unclassified,False,5.503,"LINESTRING (-6.8640284 33.9811232, -6.8639915 33.9811621)",,Accès principal,20,,1,,
2189092203,6925637362,0,208636990,unclassified,False,16.988,"LINESTRING (-6.8640284 33.9811232, -6.8641438 33.9810041)",,Accès principal,20,,1,,
2189092296,6769303590,0,208636990,unclassified,False,16.499,"LINESTRING (-6.8642221 33.9814835, -6.864082 33.9813912)",,Accès principal,20,,1,,
2189092297,6769303588,0,208636990,unclassified,False,11.785,"LINESTRING (-6.8644562 33.9806339, -6.8643958 33.9807273)",,Accès principal,20,,1,,
2189092297,6769320229,0,208636990,unclassified,False,12.975,"LINESTRING (-6.8644562 33.9806339, -6.8645239 33.9805316)",,Accès principal,20,,1,,
2189092321,6769320229,0,208636990,unclassified,False,10.704,"LINESTRING (-6.8645795 33.9804471, -6.8645239 33.9805316)",,Accès principal,20,,1,,
2423964909,6969816730,0,609299334,tertiary,False,14.315,"LINESTRING (-6.8514026 33.9933788, -6.851399 33.9935075)",,Avenue Ibn Sina شارع ابن سينا,20,,4,,
2423964909,5771399828,0,609299334,tertiary,False,44.912,"LINESTRING (-6.8514026 33.9933788, -6.8514008 33.9929749)",,Avenue Ibn Sina شارع ابن سينا,20,,4,,
2477699045,6775179269,0,240002999,residential,True,17.814,"LINESTRING (-6.885597 33.9571282, -6.8857187 33.9570038)",,,30,,1,destination,
2477699048,6800135686,0,240002999,residential,True,10.197,"LINESTRING (-6.8867215 33.9559418, -6.886771 33.9558598)",,,30,,1,destination,
2610928464,6850964658,0,255400674,living_street,False,3.782,"LINESTRING (-6.8352342 34.0292629, -6.8352296 34.0292291)",,Rue des Consuls شارع القناصل,20,,,,
2610928464,1772520942,0,255400674,living_street,False,8.307,"LINESTRING (-6.8352342 34.0292629, -6.8352227 34.029337)",,Rue des Consuls شارع القناصل,20,,,,
2610928465,6958844608,0,255400674,living_street,False,11.709,"LINESTRING (-6.8344625 34.0282625, -6.8343743 34.0281867)",,Rue des Consuls شارع القناصل,20,,,,
2610928465,896416651,0,255400674,living_street,False,16.933,"LINESTRING (-6.8344625 34.0282625, -6.8345776 34.0283812)",,Rue des Consuls شارع القناصل,20,,,,
2610947145,3315216439,0,279226506,living_street,False,12.985,"LINESTRING (-6.8338677 34.0278502, -6.8339731 34.0279277)",,Rue des Consuls شارع القناصل,20,,,,
2610947145,6774211914,0,279226507,living_street,False,30.256,"LINESTRING (-6.8338677 34.0278502, -6.8336503 34.0276463)",,Rue des Consuls شارع القناصل,20,,,,
2610947146,6774211913,0,279226507,living_street,False,28.31,"LINESTRING (-6.8334587 34.0274589, -6.8332609 34.0272641)",,Rue des Consuls شارع القناصل,20,,,,
2610947146,6774211914,0,279226507,living_street,False,27.313,"LINESTRING (-6.8334587 34.0274589, -6.8336503 34.0276463)",,Rue des Consuls شارع القناصل,20,,,,
2610975346,2610951213,0,255405180,living_street,False,23.078,"LINESTRING (-6.8351523 34.0272078, -6.8350302 34.0270266)",,Rue Porte Maoun,20,,,,
2610975346,6850964674,0,255405180,living_street,False,5.421,"LINESTRING (-6.8351523 34.0272078, -6.8351003 34.0272306)",,Rue Porte Maoun,20,,,,
2610975349,6958844603,0,255405180,living_street,False,5.138,"LINESTRING (-6.8348927 34.0267213, -6.8349043 34.0267665)",,Rue Porte Maoun,20,,,,
2610975349,486077546,0,324493907,living_street,False,2.941,"LINESTRING (-6.8348927 34.0267213, -6.8348847 34.0266957)",,Derb El Fassi,20,,,,8
2697105809,486077574,0,279226507,living_street,False,41.065,"LINESTRING (-6.8330957 34.0271055, -6.8327956 34.0268325)",,Rue des Consuls شارع القناصل,20,,,,
2697105809,6958844612,0,279226507,living_street,False,5.4,"LINESTRING (-6.8330957 34.0271055, -6.8331338 34.0271424)",,Rue des Consuls شارع القناصل,20,,,,
3312042370,6850964650,0,324493907,living_street,False,6.162,"LINESTRING (-6.8347365 34.0264431, -6.8347115 34.0263917)",,Derb El Fassi,20,,,,8
3312042370,896416284,0,324493907,living_street,False,5.883,"LINESTRING (-6.8347365 34.0264431, -6.8347651 34.0264904)",,Derb El Fassi,20,,,,8
3312042371,6958844594,0,324493907,living_street,False,4.865,"LINESTRING (-6.8346937 34.0263442, -6.8346789 34.0263022)",,Derb El Fassi,20,,,,8
3312042371,6850964650,0,324493907,living_street,False,5.531,"LINESTRING (-6.8346937 34.0263442, -6.8347115 34.0263917)",,Derb El Fassi,20,,,,8
3314747532,516664660,0,255400674,living_street,False,6.562,"LINESTRING (-6.8347831 34.0286402, -6.8347447 34.0285905)",,Rue des Consuls شارع القناصل,20,,,,
3314747532,6958844005,0,255400674,living_street,False,34.77,"LINESTRING (-6.8347831 34.0286402, -6.8349885 34.0289025)",,Rue des Consuls شارع القناصل,20,,,,
3314756726,486077570,0,324803741,living_street,False,12.756,"LINESTRING (-6.8342903 34.0258048, -6.8342054 34.0257142)",,Derb El Fassi,20,,,,
3314756726,896412494,0,324803741,living_street,False,35.347,"LINESTRING (-6.8342903 34.0258048, -6.8345214 34.0260585)",,Derb El Fassi,20,,,,
3314827261,6958844591,0,324493907,living_street,False,10.911,"LINESTRING (-6.8346421 34.0262194, -6.834584 34.0261339)",,Derb El Fassi,20,,,,8
3314827261,896413590,0,324493907,living_street,False,3.515,"LINESTRING (-6.8346421 34.0262194, -6.8346581 34.0262481)",,Derb El Fassi,20,,,,8
3315212021,6958844685,0,75923998,pedestrian,False,4.831,"LINESTRING (-6.8307776 34.0257734, -6.8307424 34.0258056)",,Rue du Mellah زنقة الملاح,20,,,,
3315212021,6958844686,0,75923998,pedestrian,False,7.137,"LINESTRING (-6.8307776 34.0257734, -6.8308286 34.0257251)",,Rue du Mellah زنقة الملاح,20,,,,
3315216439,2610947145,0,279226506,living_street,False,12.985,"LINESTRING (-6.8339731 34.0279277, -6.8338677 34.0278502)",,Rue des Consuls شارع القناصل,20,,,,
3315216439,6958844610,0,279226506,living_street,False,12.502,"LINESTRING (-6.8339731 34.0279277, -6.8340773 34.0279997)",,Rue des Consuls شارع القناصل,20,,,,
3315253096,896420293,0,75923998,pedestrian,False,40.083,"LINESTRING (-6.8312789 34.025389, -6.8309441 34.0256191)",,Rue du Mellah زنقة الملاح,20,,,,
4460652052,6726933041,0,264036339,primary,True,8.864,"LINESTRING (-6.8384575 34.0141203, -6.838434 34.0141976)",,Avenue Ibn Toumert شارع ابن تومرت,20,,2,,
4460652053,6726933044,0,264036339,primary,True,12.978,"LINESTRING (-6.8384106 34.0144427, -6.8384126 34.0145594)",,Avenue Ibn Toumert شارع ابن تومرت,20,,2,,
4460652055,6727197402,0,264036339,primary,True,0.681,"LINESTRING (-6.8385046 34.0149391, -6.8385087 34.0149442)",,Avenue Ibn Toumert شارع ابن تومرت,20,,2,,
4501133372,4460652052,0,264036339,primary,True,16.113,"LINESTRING (-6.8384998 34.0139797, -6.8384575 34.0141203)",,Avenue Ibn Toumert شارع ابن تومرت,20,,2,,
5771399828,2423964909,0,609299334,tertiary,False,44.912,"LINESTRING (-6.8514008 33.9929749, -6.8514026 33.9933788)",,Avenue Ibn Sina شارع ابن سينا,20,,4,,
5771399829,6969816730,0,609299334,tertiary,False,7.919,"LINESTRING (-6.851397 33.9935787, -6.851399 33.9935075)",,Avenue Ibn Sina شارع ابن سينا,20,,4,,
5790236003,6775179270,0,240002999,residential,True,15.732,"LINESTRING (-6.8859148 33.9568073, -6.8860198 33.9566958)",,,30,,1,destination,
5790236005,6775179271,0,240002999,residential,True,12.572,"LINESTRING (-6.8862957 33.9563999, -6.8863839 33.9563137)",,,30,,1,destination,
5790236007,6800103856,0,240002999,residential,True,6.097,"LINESTRING (-6.8866729 33.9560067, -6.8867105 33.9559616)",,,30,,1,destination,
6726933022,1686040451,0,264036339,primary,True,15.58,"LINESTRING (-6.8385923 34.01349, -6.8385903 34.0136301)",,Avenue Ibn Toumert شارع ابن تومرت,20,,2,,
6726933037,1686040425,0,264036339,primary,True,13.573,"LINESTRING (-6.8385775 34.0137179, -6.8385447 34.0138369)",,Avenue Ibn Toumert شارع ابن تومرت,20,,2,,
6726933038,6726933039,0,264036339,primary,True,11.784,"LINESTRING (-6.8384253 34.0147084, -6.8384361 34.014814)",,Avenue Ibn Toumert شارع ابن تومرت,20,,2,,
6726933039,1686040423,0,264036339,primary,True,4.81,"LINESTRING (-6.8384361 34.014814, -6.8384458 34.0148565)",,Avenue Ibn Toumert شارع ابن تومرت,20,,2,,
6726933040,6726933045,0,264036339,primary,True,3.244,"LINESTRING (-6.8384609 34.0148802, -6.838478 34.0149057)",,Avenue Ibn Toumert شارع ابن تومرت,20,,2,,
6726933041,6726933043,0,264036339,primary,True,12.332,"LINESTRING (-6.838434 34.0141976, -6.8384179 34.0143077)",,Avenue Ibn Toumert شارع ابن تومرت,20,,2,,
6726933042,4460652053,0,264036339,primary,True,7.23,"LINESTRING (-6.8384126 34.0143777, -6.8384106 34.0144427)",,Avenue Ibn Toumert شارع ابن تومرت,20,,2,,
6726933043,6726933042,0,264036339,primary,True,7.799,"LINESTRING (-6.8384179 34.0143077, -6.8384126 34.0143777)",,Avenue Ibn Toumert شارع ابن تومرت,20,,2,,
6726933044,6726933038,0,264036339,primary,True,16.609,"LINESTRING (-6.8384126 34.0145594, -6.8384253 34.0147084)",,Avenue Ibn Toumert شارع ابن تومرت,20,,2,,
6726933045,4460652055,0,264036339,primary,True,4.45,"LINESTRING (-6.838478 34.0149057, -6.8385046 34.0149391)",,Avenue Ibn Toumert شارع ابن تومرت,20,,2,,
6726933046,6727197403,0,264036339,primary,True,1.725,"LINESTRING (-6.8385291 34.0149728, -6.8385374 34.0149867)",,Avenue Ibn Toumert شارع ابن تومرت,20,,2,,
6726933047,6726933046,0,264036339,primary,True,2.623,"LINESTRING (-6.8385148 34.0149524, -6.8385291 34.0149728)",,Avenue Ibn Toumert شارع ابن تومرت,20,,2,,
6726933048,1686040428,0,264036339,primary,True,2.522,"LINESTRING (-6.8385418 34.0149944, -6.8385527 34.0150152)",,Avenue Ibn Toumert شارع ابن تومرت,20,,2,,
6727197402,6726933047,0,264036339,primary,True,1.071,"LINESTRING (-6.8385087 34.0149442, -6.8385148 34.0149524)",,Avenue Ibn Toumert شارع ابن تومرت,20,,2,,
6727197403,6726933048,0,264036339,primary,True,0.947,"LINESTRING (-6.8385374 34.0149867, -6.8385418 34.0149944)",,Avenue Ibn Toumert شارع ابن تومرت,20,,2,,
6757497151,6769481195,0,721631637,pedestrian,False,53.975,"LINESTRING (-6.8682817 33.9743982, -6.8679249 33.974783)",,veto_route,20,,,,
6769303587,6769303589,0,208636990,unclassified,False,16.46,"LINESTRING (-6.8643475 33.9807918, -6.8642369 33.980908)",,Accès principal,20,,1,,
6769303587,6769303588,0,208636990,unclassified,False,8.442,"LINESTRING (-6.8643475 33.9807918, -6.8643958 33.9807273)",,Accès principal,20,,1,,
6769303588,6769303587,0,208636990,unclassified,False,8.442,"LINESTRING (-6.8643958 33.9807273, -6.8643475 33.9807918)",,Accès principal,20,,1,,
6769303588,2189092297,0,208636990,unclassified,False,11.785,"LINESTRING (-6.8643958 33.9807273, -6.8644562 33.9806339)",,Accès principal,20,,1,,
6769303589,6925637362,0,208636990,unclassified,False,13.707,"LINESTRING (-6.8642369 33.980908, -6.8641438 33.9810041)",,Accès principal,20,,1,,
6769303589,6769303587,0,208636990,unclassified,False,16.46,"LINESTRING (-6.8642369 33.980908, -6.8643475 33.9807918)",,Accès principal,20,,1,,
6769303590,2189092296,0,208636990,unclassified,False,16.499,"LINESTRING (-6.864082 33.9813912, -6.8642221 33.9814835)",,Accès principal,20,,1,,
6769303590,6769303591,0,208636990,unclassified,False,8.807,"LINESTRING (-6.864082 33.9813912, -6.8640063 33.9813429)",,Accès principal,20,,1,,
6769303591,6769303590,0,208636990,unclassified,False,8.807,"LINESTRING (-6.8640063 33.9813429, -6.864082 33.9813912)",,Accès principal,20,,1,,
6769303591,7042486050,0,208636990,unclassified,False,2.706,"LINESTRING (-6.8640063 33.9813429, -6.8639831 33.981328)",,Accès principal,20,,1,,
6769303592,7042486050,0,208636990,unclassified,False,4.353,"LINESTRING (-6.8639459 33.9813039, -6.8639831 33.981328)",,Accès principal,20,,1,,
6769303592,6769303593,0,208636990,unclassified,False,2.71,"LINESTRING (-6.8639459 33.9813039, -6.8639291 33.9812839)",,Accès principal,20,,1,,
6769303593,6769303592,0,208636990,unclassified,False,2.71,"LINESTRING (-6.8639291 33.9812839, -6.8639459 33.9813039)",,Accès principal,20,,1,,
6769303593,6770127105,0,208636990,unclassified,False,2.096,"LINESTRING (-6.8639291 33.9812839, -6.8639254 33.9812653)",,Accès principal,20,,1,,
6769303593,6925637372,0,739669222,service,False,42.815,"LINESTRING (-6.8639291 33.9812839, -6.8635744 33.9810354)",,Parking_etudiant,20,,,,
6769303594,6770127105,0,208636990,unclassified,False,2.272,"LINESTRING (-6.8639298 33.9812452, -6.8639254 33.9812653)",,Accès principal,20,,1,,
6769303594,6769303595,0,208636990,unclassified,False,3.892,"LINESTRING (-6.8639298 33.9812452, -6.8639505 33.9812147)",,Accès principal,20,,1,,
6769303595,6769303594,0,208636990,unclassified,False,3.892,"LINESTRING (-6.8639505 33.9812147, -6.8639298 33.9812452)",,Accès principal,20,,1,,
6769303595,6769303596,0,208636990,unclassified,False,6.964,"LINESTRING (-6.8639505 33.9812147, -6.8639915 33.9811621)",,Accès principal,20,,1,,
6769303596,6769303595,0,208636990,unclassified,False,6.964,"LINESTRING (-6.8639915 33.9811621, -6.8639505 33.9812147)",,Accès principal,20,,1,,
6769303596,2189092203,0,208636990,unclassified,False,5.503,"LINESTRING (-6.8639915 33.9811621, -6.8640284 33.9811232)",,Accès principal,20,,1,,
6769320229,2189092297,0,208636990,unclassified,False,12.975,"LINESTRING (-6.8645239 33.9805316, -6.8644562 33.9806339)",,Accès principal,20,,1,,
6769320229,2189092321,0,208636990,unclassified,False,10.704,"LINESTRING (-6.8645239 33.9805316, -6.8645795 33.9804471)",,Accès principal,20,,1,,
6769436481,6769436483,0,240002999,residential,True,6.383,"LINESTRING (-6.8852118 33.9574304, -6.8852644 33.9573931)",,,30,,1,destination,
6769436482,6769436481,0,240002999,residential,True,6.524,"LINESTRING (-6.8851578 33.9574683, -6.8852118 33.9574304)",,,30,,1,destination,
6769436483,6775201990,0,240002999,residential,True,11.038,"LINESTRING (-6.8852644 33.9573931, -6.8853526 33.957326)",,,30,,1,destination,
6769481194,6769481219,0,721631637,pedestrian,False,40.91,"LINESTRING (-6.8665181 33.9770129, -6.8667501 33.9773265)",,veto_route,20,,,,
6769481194,6769481208,0,721631637,pedestrian,False,19.579,"LINESTRING (-6.8665181 33.9770129, -6.8664095 33.9768616)",,veto_route,20,,,,
6769481195,6769481196,0,721631637,pedestrian,False,40.018,"LINESTRING (-6.8679249 33.974783, -6.8676527 33.9750633)",,veto_route,20,,,,
6769481195,6757497151,0,721631637,pedestrian,False,53.975,"LINESTRING (-6.8679249 33.974783, -6.8682817 33.9743982)",,veto_route,20,,,,
6769481196,6769481207,0,721631637,pedestrian,False,31.294,"LINESTRING (-6.8676527 33.9750633, -6.8674388 33.9752818)",,veto_route,20,,,,
6769481196,6769481195,0,721631637,pedestrian,False,40.018,"LINESTRING (-6.8676527 33.9750633, -6.8679249 33.974783)",,veto_route,20,,,,
6769481197,6769481215,0,721631637,pedestrian,False,12.309,"LINESTRING (-6.8669312 33.9759341, -6.8668467 33.9760198)",,veto_route,20,,,,
6769481197,6769481216,0,721631637,pedestrian,False,17.438,"LINESTRING (-6.8669312 33.9759341, -6.8670559 33.9758162)",,veto_route,20,,,,
6769481198,6769481216,0,721631637,pedestrian,False,15.157,"LINESTRING (-6.8671565 33.9757084, -6.8670559 33.9758162)",,veto_route,20,,,,
6769481198,6769481203,0,721631637,pedestrian,False,12.618,"LINESTRING (-6.8671565 33.9757084, -6.8672477 33.9756238)",,veto_route,20,,,,
6769481199,6769481202,0,721631637,pedestrian,False,2.985,"LINESTRING (-6.8672685 33.9755688, -6.8672651 33.9755955)",,veto_route,20,,,,
6769481199,6769481201,0,721631637,pedestrian,False,2.728,"LINESTRING (-6.8672685 33.9755688, -6.8672618 33.9755449)",,veto_route,20,,,,
6769481200,6769481201,0,721631637,pedestrian,False,4.098,"LINESTRING (-6.8672577 33.9755082, -6.8672618 33.9755449)",,veto_route,20,,,,
6769481200,6769481204,0,721631637,pedestrian,False,3.111,"LINESTRING (-6.8672577 33.9755082, -6.8672651 33.9754809)",,veto_route,20,,,,
6769481201,6769481199,0,721631637,pedestrian,False,2.728,"LINESTRING (-6.8672618 33.9755449, -6.8672685 33.9755688)",,veto_route,20,,,,
6769481201,6769481200,0,721631637,pedestrian,False,4.098,"LINESTRING (-6.8672618 33.9755449, -6.8672577 33.9755082)",,veto_route,20,,,,
6769481202,6769481203,0,721631637,pedestrian,False,3.532,"LINESTRING (-6.8672651 33.9755955, -6.8672477 33.9756238)",,veto_route,20,,,,
6769481202,6769481199,0,721631637,pedestrian,False,2.985,"LINESTRING (-6.8672651 33.9755955, -6.8672685 33.9755688)",,veto_route,20,,,,
6769481203,6769481198,0,721631637,pedestrian,False,12.618,"LINESTRING (-6.8672477 33.9756238, -6.8671565 33.9757084)",,veto_route,20,,,,
6769481203,6769481202,0,721631637,pedestrian,False,3.532,"LINESTRING (-6.8672477 33.9756238, -6.8672651 33.9755955)",,veto_route,20,,,,
6769481204,6769481200,0,721631637,pedestrian,False,3.111,"LINESTRING (-6.8672651 33.9754809, -6.8672577 33.9755082)",,veto_route,20,,,,
6769481204,6769481205,0,721631637,pedestrian,False,6.318,"LINESTRING (-6.8672651 33.9754809, -6.8673 33.975432)",,veto_route,20,,,,
6769481205,6769481204,0,721631637,pedestrian,False,6.318,"LINESTRING (-6.8673 33.975432, -6.8672651 33.9754809)",,veto_route,20,,,,
6769481205,6769481206,0,721631637,pedestrian,False,7.729,"LINESTRING (-6.8673 33.975432, -6.8673503 33.9753764)",,veto_route,20,,,,
6769481206,6769481205,0,721631637,pedestrian,False,7.729,"LINESTRING (-6.8673503 33.9753764, -6.8673 33.975432)",,veto_route,20,,,,
6769481206,6769481207,0,721631637,pedestrian,False,13.313,"LINESTRING (-6.8673503 33.9753764, -6.8674388 33.9752818)",,veto_route,20,,,,
6769481207,6769481206,0,721631637,pedestrian,False,13.313,"LINESTRING (-6.8674388 33.9752818, -6.8673503 33.9753764)",,veto_route,20,,,,
6769481207,6769481196,0,721631637,pedestrian,False,31.294,"LINESTRING (-6.8674388 33.9752818, -6.8676527 33.9750633)",,veto_route,20,,,,
6769481208,6769481194,0,721631637,pedestrian,False,19.579,"LINESTRING (-6.8664095 33.9768616, -6.8665181 33.9770129)",,veto_route,20,,,,
6769481208,6769481217,0,721631637,pedestrian,False,13.034,"LINESTRING (-6.8664095 33.9768616, -6.8663572 33.9767527)",,veto_route,20,,,,
6769481209,6769481217,0,721631637,pedestrian,False,8.224,"LINESTRING (-6.8663384 33.9766804, -6.8663572 33.9767527)",,veto_route,20,,,,
6769481209,6769481210,0,721631637,pedestrian,False,7.118,"LINESTRING (-6.8663384 33.9766804, -6.8663491 33.976617)",,veto_route,20,,,,
6769481210,6769481209,0,721631637,pedestrian,False,7.118,"LINESTRING (-6.8663491 33.976617, -6.8663384 33.9766804)",,veto_route,20,,,,
6769481210,6769481211,0,721631637,pedestrian,False,6.773,"LINESTRING (-6.8663491 33.976617, -6.8663719 33.9765591)",,veto_route,20,,,,
6769481211,6769481210,0,721631637,pedestrian,False,6.773,"LINESTRING (-6.8663719 33.9765591, -6.8663491 33.976617)",,veto_route,20,,,,
6769481211,6769481212,0,721631637,pedestrian,False,12.858,"LINESTRING (-6.8663719 33.9765591, -6.8664417 33.976459)",,veto_route,20,,,,
6769481212,6769481211,0,721631637,pedestrian,False,12.858,"LINESTRING (-6.8664417 33.976459, -6.8663719 33.9765591)",,veto_route,20,,,,
6769481212,7068175050,0,721631637,pedestrian,False,6.598,"LINESTRING (-6.8664417 33.976459, -6.8664831 33.9764106)",,veto_route,20,,,,
6769481213,7068175050,0,721631637,pedestrian,False,7.501,"LINESTRING (-6.8665302 33.9763556, -6.8664831 33.9764106)",,veto_route,20,,,,
6769481213,6769481214,0,721631637,pedestrian,False,21.091,"LINESTRING (-6.8665302 33.9763556, -6.8666683 33.9762044)",,veto_route,20,,,,
6769481214,6769481213,0,721631637,pedestrian,False,21.091,"LINESTRING (-6.8666683 33.9762044, -6.8665302 33.9763556)",,veto_route,20,,,,
6769481214,6769481215,0,721631637,pedestrian,False,26.305,"LINESTRING (-6.8666683 33.9762044, -6.8668467 33.9760198)",,veto_route,20,,,,
6769481215,6769481214,0,721631637,pedestrian,False,26.305,"LINESTRING (-6.8668467 33.9760198, -6.8666683 33.9762044)",,veto_route,20,,,,
6769481215,6769481197,0,721631637,pedestrian,False,12.309,"LINESTRING (-6.8668467 33.9760198, -6.8669312 33.9759341)",,veto_route,20,,,,
6769481216,6769481197,0,721631637,pedestrian,False,17.438,"LINESTRING (-6.8670559 33.9758162, -6.8669312 33.9759341)",,veto_route,20,,,,
6769481216,6769481198,0,721631637,pedestrian,False,15.157,"LINESTRING (-6.8670559 33.9758162, -6.8671565 33.9757084)",,veto_route,20,,,,
6769481217,6769481208,0,721631637,pedestrian,False,13.034,"LINESTRING (-6.8663572 33.9767527, -6.8664095 33.9768616)",,veto_route,20,,,,
6769481217,6769481209,0,721631637,pedestrian,False,8.224,"LINESTRING (-6.8663572 33.9767527, -6.8663384 33.9766804)",,veto_route,20,,,,
6769481218,6769481220,0,721631637,pedestrian,False,30.922,"LINESTRING (-6.8669043 33.9775612, -6.867071 33.9778025)",,veto_route,20,,,,
6769481218,6769481219,0,721631637,pedestrian,False,29.72,"LINESTRING (-6.8669043 33.9775612, -6.8667501 33.9773265)",,veto_route,20,,,,
6769481219,6769481218,0,721631637,pedestrian,False,29.72,"LINESTRING (-6.8667501 33.9773265, -6.8669043 33.9775612)",,veto_route,20,,,,
6769481219,6769481194,0,721631637,pedestrian,False,40.91,"LINESTRING (-6.8667501 33.9773265, -6.8665181 33.9770129)",,veto_route,20,,,,
6769481220,6769481218,0,721631637,pedestrian,False,30.922,"LINESTRING (-6.867071 33.9778025, -6.8669043 33.9775612)",,veto_route,20,,,,
6770127105,6769303593,0,208636990,unclassified,False,2.096,"LINESTRING (-6.8639254 33.9812653, -6.8639291 33.9812839)",,Accès principal,20,,1,,
6770127105,6769303594,0,208636990,unclassified,False,2.272,"LINESTRING (-6.8639254 33.9812653, -6.8639298 33.9812452)",,Accès principal,20,,1,,
6774211908,896417755,0,75923998,pedestrian,False,13.679,"LINESTRING (-6.8304685 34.0258263, -6.8303337 34.0258778)",,Rue du Mellah زنقة الملاح,20,,,,
6774211908,6774211912,0,75923998,pedestrian,False,12.914,"LINESTRING (-6.8304685 34.0258263, -6.8305503 34.0259206)",,Rue du Mellah زنقة الملاح,20,,,,
6774211912,6774211908,0,75923998,pedestrian,False,12.914,"LINESTRING (-6.8305503 34.0259206, -6.8304685 34.0258263)",,Rue du Mellah زنقة الملاح,20,,,,
6774211912,896422133,0,75923998,pedestrian,False,14.611,"LINESTRING (-6.8305503 34.0259206, -6.8306786 34.0258434)",,Rue du Mellah زنقة الملاح,20,,,,
6774211913,6958844612,0,279226507,living_street,False,17.897,"LINESTRING (-6.8332609 34.0272641, -6.8331338 34.0271424)",,Rue des Consuls شارع القناصل,20,,,,
6774211913,2610947146,0,279226507,living_street,False,28.31,"LINESTRING (-6.8332609 34.0272641, -6.8334587 34.0274589)",,Rue des Consuls شارع القناصل,20,,,,
6774211914,2610947146,0,279226507,living_street,False,27.313,"LINESTRING (-6.8336503 34.0276463, -6.8334587 34.0274589)",,Rue des Consuls شارع القناصل,20,,,,
6774211914,2610947145,0,279226507,living_street,False,30.256,"LINESTRING (-6.8336503 34.0276463, -6.8338677 34.0278502)",,Rue des Consuls شارع القناصل,20,,,,
6775179269,5790236003,0,240002999,residential,True,28.364,"LINESTRING (-6.8857187 33.9570038, -6.8859148 33.9568073)",,,30,,1,destination,
6775179270,5790236005,0,240002999,residential,True,41.595,"LINESTRING (-6.8860198 33.9566958, -6.8862957 33.9563999)",,,30,,1,destination,
6775179271,6775179274,0,240002999,residential,True,14.44,"LINESTRING (-6.8863839 33.9563137, -6.8864811 33.9562119)",,,30,,1,destination,
6775179272,6775179273,0,240002999,residential,True,8.482,"LINESTRING (-6.8865522 33.9561363, -6.8866079 33.9560756)",,,30,,1,destination,
6775179273,5790236007,0,240002999,residential,True,9.728,"LINESTRING (-6.8866079 33.9560756, -6.8866729 33.9560067)",,,30,,1,destination,
6775179274,6775179272,0,240002999,residential,True,10.662,"LINESTRING (-6.8864811 33.9562119, -6.8865522 33.9561363)",,,30,,1,destination,
6775201989,6769436482,0,240002999,residential,True,3.514,"LINESTRING (-6.8851284 33.9574884, -6.8851578 33.9574683)",,,30,,1,destination,
6775201990,6775201991,0,240002999,residential,True,11.2,"LINESTRING (-6.8853526 33.957326, -6.8854414 33.9572573)",,,30,,1,destination,
6775201991,2477699045,0,240002999,residential,True,20.299,"LINESTRING (-6.8854414 33.9572573, -6.885597 33.9571282)",,,30,,1,destination,
6800103856,2477699048,0,240002999,residential,True,2.424,"LINESTRING (-6.8867105 33.9559616, -6.8867215 33.9559418)",,,30,,1,destination,
6800135690,405933226,0,240002999,residential,True,12.945,"LINESTRING (-6.8849382 33.9575192, -6.8850785 33.957516)",,,30,,1,destination,
6840277725,6840277726,0,101917979,service,True,26.683,"LINESTRING (-6.8551905 34.0021822, -6.8553973 34.0020143)",,,30,driveway,,,
6840277726,6840277727,0,101917979,service,True,2.872,"LINESTRING (-6.8553973 34.0020143, -6.8554151 34.0019931)",,,30,driveway,,,
6840277727,21070193,0,101917979,service,True,3.311,"LINESTRING (-6.8554151 34.0019931, -6.8554094 34.0019637)",,,30,driveway,,,
6850964650,3312042371,0,324493907,living_street,False,5.531,"LINESTRING (-6.8347115 34.0263917, -6.8346937 34.0263442)",,Derb El Fassi,20,,,,8
6850964650,3312042370,0,324493907,living_street,False,6.162,"LINESTRING (-6.8347115 34.0263917, -6.8347365 34.0264431)",,Derb El Fassi,20,,,,8
6850964658,6850964659,0,255400674,living_street,False,2.981,"LINESTRING (-6.8352296 34.0292291, -6.8352208 34.0292033)",,Rue des Consuls شارع القناصل,20,,,,
6850964658,2610928464,0,255400674,living_street,False,3.782,"LINESTRING (-6.8352296 34.0292291, -6.8352342 34.0292629)",,Rue des Consuls شارع القناصل,20,,,,
6850964659,6958844005,0,255400674,living_street,False,39.712,"LINESTRING (-6.8352208 34.0292033, -6.8349885 34.0289025)",,Rue des Consuls شارع القناصل,20,,,,
6850964659,6850964658,0,255400674,living_street,False,2.981,"LINESTRING (-6.8352208 34.0292033, -6.8352296 34.0292291)",,Rue des Consuls شارع القناصل,20,,,,
6850964671,6958844606,0,255405180,living_street,False,7.344,"LINESTRING (-6.8349676 34.0269775, -6.8349351 34.0269172)",,Rue Porte Maoun,20,,,,
6850964671,6850964672,0,255405180,living_street,False,7.426,"LINESTRING (-6.8349676 34.0269775, -6.8350092 34.0270347)",,Rue Porte Maoun,20,,,,
6850964672,6850964671,0,255405180,living_street,False,7.426,"LINESTRING (-6.8350092 34.0270347, -6.8349676 34.0269775)",,Rue Porte Maoun,20,,,,
6850964672,2610951213,0,255405180,living_street,False,2.135,"LINESTRING (-6.8350092 34.0270347, -6.8350302 34.0270266)",,Rue Porte Maoun,20,,,,
6850964674,2610975346,0,255405180,living_street,False,5.421,"LINESTRING (-6.8351003 34.0272306, -6.8351523 34.0272078)",,Rue Porte Maoun,20,,,,
6850964674,6958844607,0,255405180,living_street,False,14.544,"LINESTRING (-6.8351003 34.0272306, -6.8351631 34.0273506)",,Rue Porte Maoun,20,,,,
6925637362,2189092203,0,208636990,unclassified,False,16.988,"LINESTRING (-6.8641438 33.9810041, -6.8640284 33.9811232)",,Accès principal,20,,1,,
6925637362,6769303589,0,208636990,unclassified,False,13.707,"LINESTRING (-6.8641438 33.9810041, -6.8642369 33.980908)",,Accès principal,20,,1,,
6925637362,6925637363,0,739669222,service,False,10.356,"LINESTRING (-6.8641438 33.9810041, -6.8640438 33.9810465)",,Parking_etudiant,20,,,,
6925637363,6925637362,0,739669222,service,False,10.356,"LINESTRING (-6.8640438 33.9810465, -6.8641438 33.9810041)",,Parking_etudiant,20,,,,
6925637363,6925637364,0,739669222,service,False,6.146,"LINESTRING (-6.8640438 33.9810465, -6.8639807 33.9810643)",,Parking_etudiant,20,,,,
6925637364,6925637363,0,739669222,service,False,6.146,"LINESTRING (-6.8639807 33.9810643, -6.8640438 33.9810465)",,Parking_etudiant,20,,,,
6925637364,6925637365,0,739669222,service,False,7.049,"LINESTRING (-6.8639807 33.9810643, -6.8639043 33.981062)",,Parking_etudiant,20,,,,
6925637365,6925637364,0,739669222,service,False,7.049,"LINESTRING (-6.8639043 33.981062, -6.8639807 33.9810643)",,Parking_etudiant,20,,,,
6925637365,6925637366,0,739669222,service,False,53.345,"LINESTRING (-6.8639043 33.981062, -6.8634416 33.980774)",,Parking_etudiant,20,,,,
6925637366,6925637365,0,739669222,service,False,53.345,"LINESTRING (-6.8634416 33.980774, -6.8639043 33.981062)",,Parking_etudiant,20,,,,
6925637366,6925637367,0,739669222,service,False,9.508,"LINESTRING (-6.8634416 33.980774, -6.8633491 33.9807362)",,Parking_etudiant,20,,,,
6925637367,6925637366,0,739669222,service,False,9.508,"LINESTRING (-6.8633491 33.9807362, -6.8634416 33.980774)",,Parking_etudiant,20,,,,
6925637367,6925637368,0,739669222,service,False,4.717,"LINESTRING (-6.8633491 33.9807362, -6.8632981 33.9807329)",,Parking_etudiant,20,,,,
6925637368,6925637367,0,739669222,service,False,4.717,"LINESTRING (-6.8632981 33.9807329, -6.8633491 33.9807362)",,Parking_etudiant,20,,,,
6925637368,6925637369,0,739669222,service,False,3.559,"LINESTRING (-6.8632981 33.9807329, -6.8632619 33.980744)",,Parking_etudiant,20,,,,
6925637369,6925637368,0,739669222,service,False,3.559,"LINESTRING (-6.8632619 33.980744, -6.8632981 33.9807329)",,Parking_etudiant,20,,,,
6925637369,6925637370,0,739669222,service,False,4.736,"LINESTRING (-6.8632619 33.980744, -6.8632337 33.9807796)",,Parking_etudiant,20,,,,
6925637370,6925637369,0,739669222,service,False,4.736,"LINESTRING (-6.8632337 33.9807796, -6.8632619 33.980744)",,Parking_etudiant,20,,,,
6925637370,6925637371,0,739669222,service,False,5.671,"LINESTRING (-6.8632337 33.9807796, -6.8632458 33.9808296)",,Parking_etudiant,20,,,,
6925637371,6925637370,0,739669222,service,False,5.671,"LINESTRING (-6.8632458 33.9808296, -6.8632337 33.9807796)",,Parking_etudiant,20,,,,
6925637371,6925637372,0,739669222,service,False,37.97,"LINESTRING (-6.8632458 33.9808296, -6.8635744 33.9810354)",,Parking_etudiant,20,,,,
6925637372,6925637371,0,739669222,service,False,37.97,"LINESTRING (-6.8635744 33.9810354, -6.8632458 33.9808296)",,Parking_etudiant,20,,,,
6925637372,6769303593,0,739669222,service,False,42.815,"LINESTRING (-6.8635744 33.9810354, -6.8639291 33.9812839)",,Parking_etudiant,20,,,,
6958844005,3314747532,0,255400674,living_street,False,34.77,"LINESTRING (-6.8349885 34.0289025, -6.8347831 34.0286402)",,Rue des Consuls شارع القناصل,20,,,,
6958844005,6850964659,0,255400674,living_street,False,39.712,"LINESTRING (-6.8349885 34.0289025, -6.8352208 34.0292033)",,Rue des Consuls شارع القناصل,20,,,,
6958844591,896412494,0,324493907,living_street,False,10.177,"LINESTRING (-6.834584 34.0261339, -6.8345214 34.0260585)",,Derb El Fassi,20,,,,8
6958844591,3314827261,0,324493907,living_street,False,10.911,"LINESTRING (-6.834584 34.0261339, -6.8346421 34.0262194)",,Derb El Fassi,20,,,,8
6958844594,896413590,0,324493907,living_street,False,6.314,"LINESTRING (-6.8346789 34.0263022, -6.8346581 34.0262481)",,Derb El Fassi,20,,,,8
6958844594,3312042371,0,324493907,living_street,False,4.865,"LINESTRING (-6.8346789 34.0263022, -6.8346937 34.0263442)",,Derb El Fassi,20,,,,8
6958844598,896416284,0,324493907,living_street,False,17.003,"LINESTRING (-6.8348506 34.0266259, -6.8347651 34.0264904)",,Derb El Fassi,20,,,,8
6958844598,486077546,0,324493907,living_street,False,8.373,"LINESTRING (-6.8348506 34.0266259, -6.8348847 34.0266957)",,Derb El Fassi,20,,,,8
6958844603,2610975349,0,255405180,living_street,False,5.138,"LINESTRING (-6.8349043 34.0267665, -6.8348927 34.0267213)",,Rue Porte Maoun,20,,,,
6958844603,6958844604,0,255405180,living_street,False,5.053,"LINESTRING (-6.8349043 34.0267665, -6.834911 34.0268116)",,Rue Porte Maoun,20,,,,
6958844604,6958844603,0,255405180,living_street,False,5.053,"LINESTRING (-6.834911 34.0268116, -6.8349043 34.0267665)",,Rue Porte Maoun,20,,,,
6958844604,6958844605,0,255405180,living_street,False,6.16,"LINESTRING (-6.834911 34.0268116, -6.834919 34.0268666)",,Rue Porte Maoun,20,,,,
6958844605,6958844604,0,255405180,living_street,False,6.16,"LINESTRING (-6.834919 34.0268666, -6.834911 34.0268116)",,Rue Porte Maoun,20,,,,
6958844605,6958844606,0,255405180,living_street,False,5.819,"LINESTRING (-6.834919 34.0268666, -6.8349351 34.0269172)",,Rue Porte Maoun,20,,,,
6958844606,6958844605,0,255405180,living_street,False,5.819,"LINESTRING (-6.8349351 34.0269172, -6.834919 34.0268666)",,Rue Porte Maoun,20,,,,
6958844606,6850964671,0,255405180,living_street,False,7.344,"LINESTRING (-6.8349351 34.0269172, -6.8349676 34.0269775)",,Rue Porte Maoun,20,,,,
6958844607,6850964674,0,255405180,living_street,False,14.544,"LINESTRING (-6.8351631 34.0273506, -6.8351003 34.0272306)",,Rue Porte Maoun,20,,,,
6958844607,486077520,0,255405180,living_street,False,16.293,"LINESTRING (-6.8351631 34.0273506, -6.8352449 34.0274805)",,Rue Porte Maoun,20,,,,
6958844608,6958844609,0,255400674,living_street,False,12.808,"LINESTRING (-6.8343743 34.0281867, -6.8342679 34.0281126)",,Rue des Consuls شارع القناصل,20,,,,
6958844608,2610928465,0,255400674,living_street,False,11.709,"LINESTRING (-6.8343743 34.0281867, -6.8344625 34.0282625)",,Rue des Consuls شارع القناصل,20,,,,
6958844609,486077522,0,255400674,living_street,False,8.279,"LINESTRING (-6.8342679 34.0281126, -6.8341943 34.0280699)",,Rue des Consuls شارع القناصل,20,,,,
6958844609,6958844608,0,255400674,living_street,False,12.808,"LINESTRING (-6.8342679 34.0281126, -6.8343743 34.0281867)",,Rue des Consuls شارع القناصل,20,,,,
6958844610,3315216439,0,279226506,living_street,False,12.502,"LINESTRING (-6.8340773 34.0279997, -6.8339731 34.0279277)",,Rue des Consuls شارع القناصل,20,,,,
6958844610,486077522,0,279226506,living_street,False,13.311,"LINESTRING (-6.8340773 34.0279997, -6.8341943 34.0280699)",,Rue des Consuls شارع القناصل,20,,,,
6958844612,2697105809,0,279226507,living_street,False,5.4,"LINESTRING (-6.8331338 34.0271424, -6.8330957 34.0271055)",,Rue des Consuls شارع القناصل,20,,,,
6958844612,6774211913,0,279226507,living_street,False,17.897,"LINESTRING (-6.8331338 34.0271424, -6.8332609 34.0272641)",,Rue des Consuls شارع القناصل,20,,,,
6958844642,896423529,0,75923998,pedestrian,False,4.274,"LINESTRING (-6.8290271 34.0263416, -6.8289843 34.0263564)",,Rue du Mellah زنقة الملاح,20,,,,
6958844642,896423384,0,75923998,pedestrian,False,24.741,"LINESTRING (-6.8290271 34.0263416, -6.8292749 34.026256)",,Rue du Mellah زنقة الملاح,20,,,,
6958844650,896423384,0,75923998,pedestrian,False,2.516,"LINESTRING (-6.8292999 34.0262469, -6.8292749 34.026256)",,Rue du Mellah زنقة الملاح,20,,,,
6958844650,896423248,0,75923998,pedestrian,False,26.206,"LINESTRING (-6.8292999 34.0262469, -6.8295604 34.0261524)",,Rue du Mellah زنقة الملاح,20,,,,
6958844662,896423611,0,75923998,pedestrian,False,5.696,"LINESTRING (-6.8287718 34.0264276, -6.8287145 34.0264468)",,Rue du Mellah زنقة الملاح,20,,,,
6958844662,896423529,0,75923998,pedestrian,False,21.123,"LINESTRING (-6.8287718 34.0264276, -6.8289843 34.0263564)",,Rue du Mellah زنقة الملاح,20,,,,
6958844684,896423248,0,75923998,pedestrian,False,4.585,"LINESTRING (-6.8296063 34.0261365, -6.8295604 34.0261524)",,Rue du Mellah زنقة الملاح,20,,,,
6958844684,896423004,0,75923998,pedestrian,False,20.488,"LINESTRING (-6.8296063 34.0261365, -6.8298113 34.0260652)",,Rue du Mellah زنقة الملاح,20,,,,
6958844685,896422133,0,75923998,pedestrian,False,7.227,"LINESTRING (-6.8307424 34.0258056, -6.8306786 34.0258434)",,Rue du Mellah زنقة الملاح,20,,,,
6958844685,3315212021,0,75923998,pedestrian,False,4.831,"LINESTRING (-6.8307424 34.0258056, -6.8307776 34.0257734)",,Rue du Mellah زنقة الملاح,20,,,,
6958844686,3315212021,0,75923998,pedestrian,False,7.137,"LINESTRING (-6.8308286 34.0257251, -6.8307776 34.0257734)",,Rue du Mellah زنقة الملاح,20,,,,
6958844686,896422214,0,75923998,pedestrian,False,8.335,"LINESTRING (-6.8308286 34.0257251, -6.8308833 34.0256654)",,Rue du Mellah زنقة الملاح,20,,,,
6969816730,5771399829,0,609299334,tertiary,False,7.919,"LINESTRING (-6.851399 33.9935075, -6.851397 33.9935787)",,Avenue Ibn Sina شارع ابن سينا,20,,4,,
6969816730,2423964909,0,609299334,tertiary,False,14.315,"LINESTRING (-6.851399 33.9935075, -6.8514026 33.9933788)",,Avenue Ibn Sina شارع ابن سينا,20,,4,,
7042486050,6769303591,0,208636990,unclassified,False,2.706,"LINESTRING (-6.8639831 33.981328, -6.8640063 33.9813429)",,Accès principal,20,,1,,
7042486050,6769303592,0,208636990,unclassified,False,4.353,"LINESTRING (-6.8639831 33.981328, -6.8639459 33.9813039)",,Accès principal,20,,1,,
7068175050,6769481212,0,721631637,pedestrian,False,6.598,"LINESTRING (-6.8664831 33.9764106, -6.8664417 33.976459)",,veto_route,20,,,,
7068175050,6769481213,0,721631637,pedestrian,False,7.501,"LINESTRING (-6.8664831 33.9764106, -6.8665302 33.9763556)",,veto_route,20,,,,
7068175066,7068175067,0,756777857,service,False,4.31,"LINESTRING (-6.8669346 33.9740112, -6.8668879 33.9740127)",,Route_Sport,20,parking_aisle,,,
7068175067,7068175068,0,756777857,service,False,2.969,"LINESTRING (-6.8668879 33.9740127, -6.8668557 33.9740127)",,Route_Sport,20,parking_aisle,,,
7068175067,7068175066,0,756777857,service,False,4.31,"LINESTRING (-6.8668879 33.9740127, -6.8669346 33.9740112)",,Route_Sport,20,parking_aisle,,,
7068175068,7068175069,0,756777857,service,False,3.002,"LINESTRING (-6.8668557 33.9740127, -6.8668236 33.9740082)",,Route_Sport,20,parking_aisle,,,
7068175068,7068175067,0,756777857,service,False,2.969,"LINESTRING (-6.8668557 33.9740127, -6.8668879 33.9740127)",,Route_Sport,20,parking_aisle,,,
7068175069,7068175070,0,756777857,service,False,2.888,"LINESTRING (-6.8668236 33.9740082, -6.8667967 33.9739949)",,Route_Sport,20,parking_aisle,,,
7068175069,7068175068,0,756777857,service,False,3.002,"LINESTRING (-6.8668236 33.9740082, -6.8668557 33.9740127)",,Route_Sport,20,parking_aisle,,,
7068175070,7068175071,0,756777857,service,False,5.878,"LINESTRING (-6.8667967 33.9739949, -6.8667377 33.9739749)",,Route_Sport,20,parking_aisle,,,
7068175070,7068175069,0,756777857,service,False,2.888,"LINESTRING (-6.8667967 33.9739949, -6.8668236 33.9740082)",,Route_Sport,20,parking_aisle,,,
7068175071,7068175072,0,756777857,service,False,4.372,"LINESTRING (-6.8667377 33.9739749, -6.8667029 33.9739482)",,Route_Sport,20,parking_aisle,,,
7068175071,7068175070,0,756777857,service,False,5.878,"LINESTRING (-6.8667377 33.9739749, -6.8667967 33.9739949)",,Route_Sport,20,parking_aisle,,,
7068175072,7068175073,0,756777857,service,False,4.063,"LINESTRING (-6.8667029 33.9739482, -6.866668 33.9739259)",,Route_Sport,20,parking_aisle,,,
7068175072,7068175071,0,756777857,service,False,4.372,"LINESTRING (-6.8667029 33.9739482, -6.8667377 33.9739749)",,Route_Sport,20,parking_aisle,,,
7068175073,7068175074,0,756777857,service,False,7.432,"LINESTRING (-6.866668 33.9739259, -6.8666385 33.9738637)",,Route_Sport,20,parking_aisle,,,
7068175073,7068175072,0,756777857,service,False,4.063,"LINESTRING (-6.866668 33.9739259, -6.8667029 33.9739482)",,Route_Sport,20,parking_aisle,,,
7068175074,7068175075,0,756777857,service,False,4.0,"LINESTRING (-6.8666385 33.9738637, -6.8666224 33.9738303)",,Route_Sport,20,parking_aisle,,,
7068175074,7068175073,0,756777857,service,False,7.432,"LINESTRING (-6.8666385 33.9738637, -6.866668 33.9739259)",,Route_Sport,20,parking_aisle,,,
7068175075,7068175076,0,756777857,service,False,5.973,"LINESTRING (-6.8666224 33.9738303, -6.8665956 33.9737814)",,Route_Sport,20,parking_aisle,,,
7068175075,7068175074,0,756777857,service,False,4.0,"LINESTRING (-6.8666224 33.9738303, -6.8666385 33.9738637)",,Route_Sport,20,parking_aisle,,,
7068175076,7068175077,0,756777857,service,False,6.876,"LINESTRING (-6.8665956 33.9737814, -6.866558 33.973728)",,Route_Sport,20,parking_aisle,,,
7068175076,7068175075,0,756777857,service,False,5.973,"LINESTRING (-6.8665956 33.9737814, -6.8666224 33.9738303)",,Route_Sport,20,parking_aisle,,,
7068175077,7068175078,0,756777857,service,False,9.897,"LINESTRING (-6.866558 33.973728, -6.8664936 33.9736568)",,Route_Sport,20,parking_aisle,,,
7068175077,7068175076,0,756777857,service,False,6.876,"LINESTRING (-6.866558 33.973728, -6.8665956 33.9737814)",,Route_Sport,20,parking_aisle,,,
7068175078,7068175079,0,756777857,service,False,6.649,"LINESTRING (-6.8664936 33.9736568, -6.86644 33.9736168)",,Route_Sport,20,parking_aisle,,,
7068175078,7068175077,0,756777857,service,False,9.897,"LINESTRING (-6.8664936 33.9736568, -6.866558 33.973728)",,Route_Sport,20,parking_aisle,,,
7068175079,7068175080,0,756777857,service,False,5.426,"LINESTRING (-6.86644 33.9736168, -6.8663971 33.9735834)",,Route_Sport,20,parking_aisle,,,
7068175079,7068175078,0,756777857,service,False,6.649,"LINESTRING (-6.86644 33.9736168, -6.8664936 33.9736568)",,Route_Sport,20,parking_aisle,,,
7068175080,7068175081,0,756777857,service,False,4.757,"LINESTRING (-6.8663971 33.9735834, -6.8663568 33.9735567)",,Route_Sport,20,parking_aisle,,,
7068175080,7068175079,0,756777857,service,False,5.426,"LINESTRING (-6.8663971 33.9735834, -6.86644 33.9736168)",,Route_Sport,20,parking_aisle,,,
7068175081,7068175082,0,756777857,service,False,4.4,"LINESTRING (-6.8663568 33.9735567, -6.8663273 33.9735256)",,Route_Sport,20,parking_aisle,,,
7068175081,7068175080,0,756777857,service,False,4.757,"LINESTRING (-6.8663568 33.9735567, -6.8663971 33.9735834)",,Route_Sport,20,parking_aisle,,,
7068175082,7068175083,0,756777857,service,False,3.681,"LINESTRING (-6.8663273 33.9735256, -6.8662978 33.9735033)",,Route_Sport,20,parking_aisle,,,
7068175082,7068175081,0,756777857,service,False,4.4,"LINESTRING (-6.8663273 33.9735256, -6.8663568 33.9735567)",,Route_Sport,20,parking_aisle,,,
7068175083,7068175084,0,756777857,service,False,3.565,"LINESTRING (-6.8662978 33.9735033, -6.8662764 33.9734766)",,Route_Sport,20,parking_aisle,,,
7068175083,7068175082,0,756777857,service,False,3.681,"LINESTRING (-6.8662978 33.9735033, -6.8663273 33.9735256)",,Route_Sport,20,parking_aisle,,,
7068175084,7068187985,0,756777857,service,False,6.018,"LINESTRING (-6.8662764 33.9734766, -6.8662549 33.9734255)",,Route_Sport,20,parking_aisle,,,
7068175084,7068175083,0,756777857,service,False,3.565,"LINESTRING (-6.8662764 33.9734766, -6.8662978 33.9735033)",,Route_Sport,20,parking_aisle,,,
7068187985,7068187986,0,756777857,service,False,4.847,"LINESTRING (-6.8662549 33.9734255, -6.8662273 33.9733884)",,Route_Sport,20,parking_aisle,,,
7068187985,7068175084,0,756777857,service,False,6.018,"LINESTRING (-6.8662549 33.9734255, -6.8662764 33.9734766)",,Route_Sport,20,parking_aisle,,,
7068187986,7068187987,0,756777857,service,False,3.673,"LINESTRING (-6.8662273 33.9733884, -6.8662217 33.9733557)",,Route_Sport,20,parking_aisle,,,
7068187986,7068187985,0,756777857,service,False,4.847,"LINESTRING (-6.8662273 33.9733884, -6.8662549 33.9734255)",,Route_Sport,20,parking_aisle,,,
7068187987,7068187988,0,756777857,service,False,4.257,"LINESTRING (-6.8662217 33.9733557, -6.866231 33.9733182)",,Route_Sport,20,parking_aisle,,,
7068187987,7068187986,0,756777857,service,False,3.673,"LINESTRING (-6.8662217 33.9733557, -6.8662273 33.9733884)",,Route_Sport,20,parking_aisle,,,
7068187988,7068187989,0,756777857,service,False,4.715,"LINESTRING (-6.866231 33.9733182, -6.8662764 33.9732987)",,Route_Sport,20,parking_aisle,,,
7068187988,7068187987,0,756777857,service,False,4.257,"LINESTRING (-6.866231 33.9733182, -6.8662217 33.9733557)",,Route_Sport,20,parking_aisle,,,
7068187989,7068187990,0,756777857,service,False,2.822,"LINESTRING (-6.8662764 33.9732987, -6.8662844 33.9732742)",,Route_Sport,20,parking_aisle,,,
7068187989,7068187988,0,756777857,service,False,4.715,"LINESTRING (-6.8662764 33.9732987, -6.866231 33.9733182)",,Route_Sport,20,parking_aisle,,,
7068187990,7068187991,0,756777857,service,False,3.216,"LINESTRING (-6.8662844 33.9732742, -6.8662978 33.9732475)",,Route_Sport,20,parking_aisle,,,
7068187990,7068187989,0,756777857,service,False,2.822,"LINESTRING (-6.8662844 33.9732742, -6.8662764 33.9732987)",,Route_Sport,20,parking_aisle,,,
7068187991,7068187992,0,756777857,service,False,6.666,"LINESTRING (-6.8662978 33.9732475, -6.8663354 33.9731963)",,Route_Sport,20,parking_aisle,,,
7068187991,7068187990,0,756777857,service,False,3.216,"LINESTRING (-6.8662978 33.9732475, -6.8662844 33.9732742)",,Route_Sport,20,parking_aisle,,,
7068187992,7068187993,0,756777857,service,False,6.986,"LINESTRING (-6.8663354 33.9731963, -6.866389 33.9731519)",,Route_Sport,20,parking_aisle,,,
7068187992,7068187991,0,756777857,service,False,6.666,"LINESTRING (-6.8663354 33.9731963, -6.8662978 33.9732475)",,Route_Sport,20,parking_aisle,,,
7068187993,7068187994,0,756777857,service,False,8.777,"LINESTRING (-6.866389 33.9731519, -6.8664507 33.9730918)",,Route_Sport,20,parking_aisle,,,
7068187993,7068187992,0,756777857,service,False,6.986,"LINESTRING (-6.866389 33.9731519, -6.8663354 33.9731963)",,Route_Sport,20,parking_aisle,,,
7068187994,7068187995,0,756777857,service,False,5.775,"LINESTRING (-6.8664507 33.9730918, -6.8664963 33.9730562)",,Route_Sport,20,parking_aisle,,,
7068187994,7068187993,0,756777857,service,False,8.777,"LINESTRING (-6.8664507 33.9730918, -6.866389 33.9731519)",,Route_Sport,20,parking_aisle,,,
7068187995,7068187996,0,756777857,service,False,9.659,"LINESTRING (-6.8664963 33.9730562, -6.8665634 33.9729895)",,Route_Sport,20,parking_aisle,,,
7068187995,7068187994,0,756777857,service,False,5.775,"LINESTRING (-6.8664963 33.9730562, -6.8664507 33.9730918)",,Route_Sport,20,parking_aisle,,,
7068187996,7068187997,0,756777857,service,False,15.47,"LINESTRING (-6.8665634 33.9729895, -6.8666699 33.972882)",,Route_Sport,20,parking_aisle,,,
7068187996,7068187995,0,756777857,service,False,9.659,"LINESTRING (-6.8665634 33.9729895, -6.8664963 33.9730562)",,Route_Sport,20,parking_aisle,,,
7068187997,7068187998,0,756777857,service,False,9.146,"LINESTRING (-6.8666699 33.972882, -6.8667518 33.9728356)",,Route_Sport,20,parking_aisle,,,
7068187997,7068187996,0,756777857,service,False,15.47,"LINESTRING (-6.8666699 33.972882, -6.8665634 33.9729895)",,Route_Sport,20,parking_aisle,,,
7068187998,7068187999,0,756777857,service,False,6.037,"LINESTRING (-6.8667518 33.9728356, -6.866786 33.9727893)",,Route_Sport,20,parking_aisle,,,
7068187998,7068187997,0,756777857,service,False,9.146,"LINESTRING (-6.8667518 33.9728356, -6.8666699 33.972882)",,Route_Sport,20,parking_aisle,,,
7068187999,7068188000,0,756777857,service,False,5.434,"LINESTRING (-6.866786 33.9727893, -6.8668155 33.972747)",,Route_Sport,20,parking_aisle,,,
7068187999,7068187998,0,756777857,service,False,6.037,"LINESTRING (-6.866786 33.9727893, -6.8667518 33.9728356)",,Route_Sport,20,parking_aisle,,,
7068188000,7068188001,0,756777857,service,False,8.303,"LINESTRING (-6.8668155 33.972747, -6.8668691 33.972687)",,Route_Sport,20,parking_aisle,,,
7068188000,7068187999,0,756777857,service,False,5.434,"LINESTRING (-6.8668155 33.972747, -6.866786 33.9727893)",,Route_Sport,20,parking_aisle,,,
7068188001,7068188002,0,756777857,service,False,7.431,"LINESTRING (-6.8668691 33.972687, -6.8669389 33.9726536)",,Route_Sport,20,parking_aisle,,,
7068188001,7068188000,0,756777857,service,False,8.303,"LINESTRING (-6.8668691 33.972687, -6.8668155 33.972747)",,Route_Sport,20,parking_aisle,,,
7068188002,7068188003,0,756777857,service,False,10.357,"LINESTRING (-6.8669389 33.9726536, -6.8670247 33.9725935)",,Route_Sport,20,parking_aisle,,,
7068188002,7068188001,0,756777857,service,False,7.431,"LINESTRING (-6.8669389 33.9726536, -6.8668691 33.972687)",,Route_Sport,20,parking_aisle,,,
7068188003,7068188004,0,756777857,service,False,14.058,"LINESTRING (-6.8670247 33.9725935, -6.8671105 33.972489)",,Route_Sport,20,parking_aisle,,,
7068188003,7068188002,0,756777857,service,False,10.357,"LINESTRING (-6.8670247 33.9725935, -6.8669389 33.9726536)",,Route_Sport,20,parking_aisle,,,
7068188004,7068188005,0,756777857,service,False,8.573,"LINESTRING (-6.8671105 33.972489, -6.8671749 33.9724334)",,Route_Sport,20,parking_aisle,,,
7068188004,7068188003,0,756777857,service,False,14.058,"LINESTRING (-6.8671105 33.972489, -6.8670247 33.9725935)",,Route_Sport,20,parking_aisle,,,
7068188005,7068188006,0,756777857,service,False,8.314,"LINESTRING (-6.8671749 33.9724334, -6.8672205 33.9723689)",,Route_Sport,20,parking_aisle,,,
7068188005,7068188004,0,756777857,service,False,8.573,"LINESTRING (-6.8671749 33.9724334, -6.8671105 33.972489)",,Route_Sport,20,parking_aisle,,,
7068188006,7068188007,0,756777857,service,False,9.702,"LINESTRING (-6.8672205 33.9723689, -6.8672849 33.9722999)",,Route_Sport,20,parking_aisle,,,
7068188006,7068188005,0,756777857,service,False,8.314,"LINESTRING (-6.8672205 33.9723689, -6.8671749 33.9724334)",,Route_Sport,20,parking_aisle,,,
7068188007,7068188006,0,756777857,service,False,9.702,"LINESTRING (-6.8672849 33.9722999, -6.8672205 33.9723689)",,Route_Sport,20,parking_aisle,,,
