osmid,oneway,highway,maxspeed,service,length,lanes,name,access,width,geometry,u,v,key
856345248,True,service,30,driveway,62.0,,,,,"LINESTRING (-6.8544981 34.0019657, -6.8549764 34.0023577)",21070189,2008210258,0
101917979,True,service,30,driveway,6.142,,,,,"LINESTRING (-6.8554094 34.0019637, -6.8553568 34.0019298)",21070193,2008210253,0
153021718,True,residential,20,,115.438,1,Rue Sanbra,,,"LINESTRING (-6.8281826 33.9809942, -6.8269448 33.9808385)",21505170,2143859298,0
584702932,False,residential,30,,81.021,2,Rue Maghrawa,,,"LINESTRING (-6.8224521 33.9456429, -6.8233077 33.9454782)",21539703,5667144927,0
240002999,True,residential,30,,5.532,1,,destination,,"LINESTRING (-6.8850785 33.957516, -6.8851284 33.9574884)",405933226,6775201989,0
264036339,True,primary,20,,15.311,2,Avenue Ibn Toumert شارع ابن تومرت,,,"LINESTRING (-6.8385782 34.0133528, -6.8385923 34.01349)",410910139,6726933022,0
255405180,False,living_street,20,,16.293,,Rue Porte Maoun,,,"LINESTRING (-6.8352449 34.0274805, -6.8351631 34.0273506)",486077520,6958844607,0
255400674,False,living_street,20,,8.279,,Rue des Consuls شارع القناصل,,,"LINESTRING (-6.8341943 34.0280699, -6.8342679 34.0281126)",486077522,6958844609,0
279226506,False,living_street,20,,13.311,,Rue des Consuls شارع القناصل,,,"LINESTRING (-6.8341943 34.0280699, -6.8340773 34.0279997)",486077522,6958844610,0
324493907,False,living_street,20,,8.373,,Derb El Fassi,,8,"LINESTRING (-6.8348847 34.0266957, -6.8348506 34.0266259)",486077546,6958844598,0
324493907,False,living_street,20,,2.941,,Derb El Fassi,,8,"LINESTRING (-6.8348847 34.0266957, -6.8348927 34.0267213)",486077546,2610975349,0
324803741,False,living_street,20,,12.756,,Derb El Fassi,,,"LINESTRING (-6.8342054 34.0257142, -6.8342903 34.0258048)",486077570,3314756726,0
279226507,False,living_street,20,,41.065,,Rue des Consuls شارع القناصل,,,"LINESTRING (-6.8327956 34.0268325, -6.8330957 34.0271055)",486077574,2697105809,0
255400674,False,living_street,20,,27.906,,Rue des Consuls شارع القناصل,,,"LINESTRING (-6.8347447 34.0285905, -6.8345776 34.0283812)",516664660,896416651,0
255400674,False,living_street,20,,6.562,,Rue des Consuls شارع القناصل,,,"LINESTRING (-6.8347447 34.0285905, -6.8347831 34.0286402)",516664660,3314747532,0
324493907,False,living_street,20,,10.177,,Derb El Fassi,,8,"LINESTRING (-6.8345214 34.0260585, -6.834584 34.0261339)",896412494,6958844591,0
324803741,False,living_street,20,,35.347,,Derb El Fassi,,,"LINESTRING (-6.8345214 34.0260585, -6.8342903 34.0258048)",896412494,3314756726,0
324493907,False,living_street,20,,3.515,,Derb El Fassi,,8,"LINESTRING (-6.8346581 34.0262481, -6.8346421 34.0262194)",896413590,3314827261,0
324493907,False,living_street,20,,6.314,,Derb El Fassi,,8,"LINESTRING (-6.8346581 34.0262481, -6.8346789 34.0263022)",896413590,6958844594,0
324493907,False,living_street,20,,5.883,,Derb El Fassi,,8,"LINESTRING (-6.8347651 34.0264904, -6.8347365 34.0264431)",896416284,3312042370,0
324493907,False,living_street,20,,17.003,,Derb El Fassi,,8,"LINESTRING (-6.8347651 34.0264904, -6.8348506 34.0266259)",896416284,6958844598,0
255400674,False,living_street,20,,16.933,,Rue des Consuls شارع القناصل,,,"LINESTRING (-6.8345776 34.0283812, -6.8344625 34.0282625)",896416651,2610928465,0
255400674,False,living_street,20,,27.906,,Rue des Consuls شارع القناصل,,,"LINESTRING (-6.8345776 34.0283812, -6.8347447 34.0285905)",896416651,516664660,0
75923998,False,pedestrian,20,,45.317,,Rue du Mellah زنقة الملاح,,,"LINESTRING (-6.8277314 34.0267733, -6.8281879 34.0266218)",896417752,896424072,0
75923998,False,pedestrian,20,,12.673,,Rue du Mellah زنقة الملاح,,,"LINESTRING (-6.8303337 34.0258778, -6.8302071 34.0259223)",896417755,896421759,0
75923998,False,pedestrian,20,,13.679,,Rue du Mellah زنقة الملاح,,,"LINESTRING (-6.8303337 34.0258778, -6.8304685 34.0258263)",896417755,6774211908,0
75923998,False,pedestrian,20,,7.609,,Rue du Mellah زنقة الملاح,,,"LINESTRING (-6.8309441 34.0256191, -6.8308833 34.0256654)",896420293,896422214,0
75923998,False,pedestrian,20,,40.083,,Rue du Mellah زنقة الملاح,,,"LINESTRING (-6.8309441 34.0256191, -6.8312789 34.025389)",896420293,3315253096,0
75923998,False,pedestrian,20,,15.304,,Rue du Mellah زنقة الملاح,,,"LINESTRING (-6.8302071 34.0259223, -6.8300542 34.025976)",896421759,896422711,0
75923998,False,pedestrian,20,,12.673,,Rue du Mellah زنقة الملاح,,,"LINESTRING (-6.8302071 34.0259223, -6.8303337 34.0258778)",896421759,896417755,0
75923998,False,pedestrian,20,,14.611,,Rue du Mellah زنقة الملاح,,,"LINESTRING (-6.8306786 34.0258434, -6.8305503 34.0259206)",896422133,6774211912,0
75923998,False,pedestrian,20,,7.227,,Rue du Mellah زنقة الملاح,,,"LINESTRING (-6.8306786 34.0258434, -6.8307424 34.0258056)",896422133,6958844685,0
75923998,False,pedestrian,20,,8.335,,Rue du Mellah زنقة الملاح,,,"LINESTRING (-6.8308833 34.0256654, -6.8308286 34.0257251)",896422214,6958844686,0
75923998,False,pedestrian,20,,7.609,,Rue du Mellah زنقة الملاح,,,"LINESTRING (-6.8308833 34.0256654, -6.8309441 34.0256191)",896422214,896420293,0
75923998,False,pedestrian,20,,13.6,,Rue du Mellah زنقة الملاح,,,"LINESTRING (-6.8300542 34.025976, -6.8299199 34.0260267)",896422711,896422884,0
75923998,False,pedestrian,20,,15.304,,Rue du Mellah زنقة الملاح,,,"LINESTRING (-6.8300542 34.025976, -6.8302071 34.0259223)",896422711,896421759,0
75923998,False,pedestrian,20,,10.885,,Rue du Mellah زنقة الملاح,,,"LINESTRING (-6.8299199 34.0260267, -6.8298113 34.0260652)",896422884,896423004,0
75923998,False,pedestrian,20,,13.6,,Rue du Mellah زنقة الملاح,,,"LINESTRING (-6.8299199 34.0260267, -6.8300542 34.025976)",896422884,896422711,0
75923998,False,pedestrian,20,,20.488,,Rue du Mellah زنقة الملاح,,,"LINESTRING (-6.8298113 34.0260652, -6.8296063 34.0261365)",896423004,6958844684,0
75923998,False,pedestrian,20,,10.885,,Rue du Mellah زنقة الملاح,,,"LINESTRING (-6.8298113 34.0260652, -6.8299199 34.0260267)",896423004,896422884,0
75923998,False,pedestrian,20,,26.206,,Rue du Mellah زنقة الملاح,,,"LINESTRING (-6.8295604 34.0261524, -6.8292999 34.0262469)",896423248,6958844650,0
75923998,False,pedestrian,20,,4.585,,Rue du Mellah زنقة الملاح,,,"LINESTRING (-6.8295604 34.0261524, -6.8296063 34.0261365)",896423248,6958844684,0
75923998,False,pedestrian,20,,24.741,,Rue du Mellah زنقة الملاح,,,"LINESTRING (-6.8292749 34.026256, -6.8290271 34.0263416)",896423384,6958844642,0
75923998,False,pedestrian,20,,2.516,,Rue du Mellah زنقة الملاح,,,"LINESTRING (-6.8292749 34.026256, -6.8292999 34.0262469)",896423384,6958844650,0
75923998,False,pedestrian,20,,21.123,,Rue du Mellah زنقة الملاح,,,"LINESTRING (-6.8289843 34.0263564, -6.8287718 34.0264276)",896423529,6958844662,0
75923998,False,pedestrian,20,,4.274,,Rue du Mellah زنقة الملاح,,,"LINESTRING (-6.8289843 34.0263564, -6.8290271 34.0263416)",896423529,6958844642,0
75923998,False,pedestrian,20,,18.711,,Rue du Mellah زنقة الملاح,,,"LINESTRING (-6.8287145 34.0264468, -6.828525 34.0265072)",896423611,896423891,0
75923998,False,pedestrian,20,,5.696,,Rue du Mellah زنقة الملاح,,,"LINESTRING (-6.8287145 34.0264468, -6.8287718 34.0264276)",896423611,6958844662,0
75923998,False,pedestrian,20,,18.585,,Rue du Mellah زنقة الملاح,,,"LINESTRING (-6.8284327 34.0265375, -6.8282468 34.0266023)",896423822,896423992,0
75923998,False,pedestrian,20,,9.149,,Rue du Mellah زنقة الملاح,,,"LINESTRING (-6.8284327 34.0265375, -6.828525 34.0265072)",896423822,896423891,0
75923998,False,pedestrian,20,,9.149,,Rue du Mellah زنقة الملاح,,,"LINESTRING (-6.828525 34.0265072, -6.8284327 34.0265375)",896423891,896423822,0
75923998,False,pedestrian,20,,18.711,,Rue du Mellah زنقة الملاح,,,"LINESTRING (-6.828525 34.0265072, -6.8287145 34.0264468)",896423891,896423611,0
75923998,False,pedestrian,20,,5.845,,Rue du Mellah زنقة الملاح,,,"LINESTRING (-6.8282468 34.0266023, -6.8281879 34.0266218)",896423992,896424072,0
75923998,False,pedestrian,20,,18.585,,Rue du Mellah زنقة الملاح,,,"LINESTRING (-6.8282468 34.0266023, -6.8284327 34.0265375)",896423992,896423822,0
75923998,False,pedestrian,20,,45.317,,Rue du Mellah زنقة الملاح,,,"LINESTRING (-6.8281879 34.0266218, -6.8277314 34.0267733)",896424072,896417752,0
75923998,False,pedestrian,20,,5.845,,Rue du Mellah زنقة الملاح,,,"LINESTRING (-6.8281879 34.0266218, -6.8282468 34.0266023)",896424072,896423992,0
264036339,True,primary,20,,2.98,2,Avenue Ibn Toumert شارع ابن تومرت,,,"LINESTRING (-6.8384458 34.0148565, -6.8384609 34.0148802)",1686040423,6726933040,0
264036339,True,primary,20,,16.409,2,Avenue Ibn Toumert شارع ابن تومرت,,,"LINESTRING (-6.8385447 34.0138369, -6.8384998 34.0139797)",1686040425,4501133372,0
264036339,True,primary,20,,9.834,2,Avenue Ibn Toumert شارع ابن تومرت,,,"LINESTRING (-6.8385903 34.0136301, -6.8385775 34.0137179)",1686040451,6726933037,0
255400674,False,living_street,20,,8.307,,Rue des Consuls شارع القناصل,,,"LINESTRING (-6.8352227 34.029337, -6.8352342 34.0292629)",1772520942,2610928464,0
584702932,False,residential,30,,1.919,2,Rue Maghrawa,,,"LINESTRING (-6.8285461 33.9445465, -6.8285263 33.9445412)",1872091546,6581849687,0
101917979,True,service,30,driveway,27.755,,,,,"LINESTRING (-6.8549764 34.0023577, -6.8551905 34.0021822)",2008210258,6840277725,0
153021718,True,residential,20,,6.916,1,Rue Sanbra,,,"LINESTRING (-6.8269448 33.9808385, -6.826871 33.9808274)",2143859298,6727446516,0
153021718,True,residential,20,,8.492,1,Rue Sanbra,,,"LINESTRING (-6.8267021 33.980883, -6.8266404 33.9809397)",2143859783,6727446513,0
208636990,False,unclassified,20,,5.503,1,Accès principal,,,"LINESTRING (-6.8640284 33.9811232, -6.8639915 33.9811621)",2189092203,6769303596,0
208636990,False,unclassified,20,,16.988,1,Accès principal,,,"LINESTRING (-6.8640284 33.9811232, -6.8641438 33.9810041)",2189092203,6925637362,0
208636990,False,unclassified,20,,16.499,1,Accès principal,,,"LINESTRING (-6.8642221 33.9814835, -6.864082 33.9813912)",2189092296,6769303590,0
208636990,False,unclassified,20,,11.785,1,Accès principal,,,"LINESTRING (-6.8644562 33.9806339, -6.8643958 33.9807273)",2189092297,6769303588,0
208636990,False,unclassified,20,,12.975,1,Accès principal,,,"LINESTRING (-6.8644562 33.9806339, -6.8645239 33.9805316)",2189092297,6769320229,0
208636990,False,unclassified,20,,10.704,1,Accès principal,,,"LINESTRING (-6.8645795 33.9804471, -6.8645239 33.9805316)",2189092321,6769320229,0
609299334,False,tertiary,20,,14.315,4,Avenue Ibn Sina شارع ابن سينا,,,"LINESTRING (-6.8514026 33.9933788, -6.851399 33.9935075)",2423964909,6969816730,0
609299334,False,tertiary,20,,44.912,4,Avenue Ibn Sina شارع ابن سينا,,,"LINESTRING (-6.8514026 33.9933788, -6.8514008 33.9929749)",2423964909,5771399828,0
240002999,True,residential,30,,17.814,1,,destination,,"LINESTRING (-6.885597 33.9571282, -6.8857187 33.9570038)",2477699045,6775179269,0
240002999,True,residential,30,,10.197,1,,destination,,"LINESTRING (-6.8867215 33.9559418, -6.886771 33.9558598)",2477699048,6800135686,0
153021718,True,residential,20,,119.697,1,Rue Sanbra,,,"LINESTRING (-6.8294674 33.9811482, -6.8281826 33.9809942)",2569054601,21505170,0
255400674,False,living_street,20,,3.782,,Rue des Consuls شارع القناصل,,,"LINESTRING (-6.8352342 34.0292629, -6.8352296 34.0292291)",2610928464,6850964658,0
255400674,False,living_street,20,,8.307,,Rue des Consuls شارع القناصل,,,"LINESTRING (-6.8352342 34.0292629, -6.8352227 34.029337)",2610928464,1772520942,0
255400674,False,living_street,20,,11.709,,Rue des Consuls شارع القناصل,,,"LINESTRING (-6.8344625 34.0282625, -6.8343743 34.0281867)",2610928465,6958844608,0
255400674,False,living_street,20,,16.933,,Rue des Consuls شارع القناصل,,,"LINESTRING (-6.8344625 34.0282625, -6.8345776 34.0283812)",2610928465,896416651,0
279226506,False,living_street,20,,12.985,,Rue des Consuls شارع القناصل,,,"LINESTRING (-6.8338677 34.0278502, -6.8339731 34.0279277)",2610947145,3315216439,0
279226507,False,living_street,20,,30.256,,Rue des Consuls شارع القناصل,,,"LINESTRING (-6.8338677 34.0278502, -6.8336503 34.0276463)",2610947145,6774211914,0
279226507,False,living_street,20,,28.31,,Rue des Consuls شارع القناصل,,,"LINESTRING (-6.8334587 34.0274589, -6.8332609 34.0272641)",2610947146,6774211913,0
279226507,False,living_street,20,,27.313,,Rue des Consuls شارع القناصل,,,"LINESTRING (-6.8334587 34.0274589, -6.8336503 34.0276463)",2610947146,6774211914,0
255405180,False,living_street,20,,2.135,,Rue Porte Maoun,,,"LINESTRING (-6.8350302 34.0270266, -6.8350092 34.0270347)",2610951213,6850964672,0
255405180,False,living_street,20,,23.078,,Rue Porte Maoun,,,"LINESTRING (-6.8350302 34.0270266, -6.8351523 34.0272078)",2610951213,2610975346,0
255405180,False,living_street,20,,23.078,,Rue Porte Maoun,,,"LINESTRING (-6.8351523 34.0272078, -6.8350302 34.0270266)",2610975346,2610951213,0
255405180,False,living_street,20,,5.421,,Rue Porte Maoun,,,"LINESTRING (-6.8351523 34.0272078, -6.8351003 34.0272306)",2610975346,6850964674,0
255405180,False,living_street,20,,5.138,,Rue Porte Maoun,,,"LINESTRING (-6.8348927 34.0267213, -6.8349043 34.0267665)",2610975349,6958844603,0
324493907,False,living_street,20,,2.941,,Derb El Fassi,,8,"LINESTRING (-6.8348927 34.0267213, -6.8348847 34.0266957)",2610975349,486077546,0
279226507,False,living_street,20,,41.065,,Rue des Consuls شارع القناصل,,,"LINESTRING (-6.8330957 34.0271055, -6.8327956 34.0268325)",2697105809,486077574,0
279226507,False,living_street,20,,5.4,,Rue des Consuls شارع القناصل,,,"LINESTRING (-6.8330957 34.0271055, -6.8331338 34.0271424)",2697105809,6958844612,0
324493907,False,living_street,20,,6.162,,Derb El Fassi,,8,"LINESTRING (-6.8347365 34.0264431, -6.8347115 34.0263917)",3312042370,6850964650,0
324493907,False,living_street,20,,5.883,,Derb El Fassi,,8,"LINESTRING (-6.8347365 34.0264431, -6.8347651 34.0264904)",3312042370,896416284,0
324493907,False,living_street,20,,4.865,,Derb El Fassi,,8,"LINESTRING (-6.8346937 34.0263442, -6.8346789 34.0263022)",3312042371,6958844594,0
324493907,False,living_street,20,,5.531,,Derb El Fassi,,8,"LINESTRING (-6.8346937 34.0263442, -6.8347115 34.0263917)",3312042371,6850964650,0
255400674,False,living_street,20,,6.562,,Rue des Consuls شارع القناصل,,,"LINESTRING (-6.8347831 34.0286402, -6.8347447 34.0285905)",3314747532,516664660,0
255400674,False,living_street,20,,34.77,,Rue des Consuls شارع القناصل,,,"LINESTRING (-6.8347831 34.0286402, -6.8349885 34.0289025)",3314747532,6958844005,0
324803741,False,living_street,20,,12.756,,Derb El Fassi,,,"LINESTRING (-6.8342903 34.0258048, -6.8342054 34.0257142)",3314756726,486077570,0
324803741,False,living_street,20,,35.347,,Derb El Fassi,,,"LINESTRING (-6.8342903 34.0258048, -6.8345214 34.0260585)",3314756726,896412494,0
324493907,False,living_street,20,,10.911,,Derb El Fassi,,8,"LINESTRING (-6.8346421 34.0262194, -6.834584 34.0261339)",3314827261,6958844591,0
324493907,False,living_street,20,,3.515,,Derb El Fassi,,8,"LINESTRING (-6.8346421 34.0262194, -6.8346581 34.0262481)",3314827261,896413590,0
75923998,False,pedestrian,20,,4.831,,Rue du Mellah زنقة الملاح,,,"LINESTRING (-6.8307776 34.0257734, -6.8307424 34.0258056)",3315212021,6958844685,0
75923998,False,pedestrian,20,,7.137,,Rue du Mellah زنقة الملاح,,,"LINESTRING (-6.8307776 34.0257734, -6.8308286 34.0257251)",3315212021,6958844686,0
279226506,False,living_street,20,,12.985,,Rue des Consuls شارع القناصل,,,"LINESTRING (-6.8339731 34.0279277, -6.8338677 34.0278502)",3315216439,2610947145,0
279226506,False,living_street,20,,12.502,,Rue des Consuls شارع القناصل,,,"LINESTRING (-6.8339731 34.0279277, -6.8340773 34.0279997)",3315216439,6958844610,0
75923998,False,pedestrian,20,,40.083,,Rue du Mellah زنقة الملاح,,,"LINESTRING (-6.8312789 34.025389, -6.8309441 34.0256191)",3315253096,896420293,0
264036339,True,primary,20,,8.864,2,Avenue Ibn Toumert شارع ابن تومرت,,,"LINESTRING (-6.8384575 34.0141203, -6.838434 34.0141976)",4460652052,6726933041,0
264036339,True,primary,20,,12.978,2,Avenue Ibn Toumert شارع ابن تومرت,,,"LINESTRING (-6.8384106 34.0144427, -6.8384126 34.0145594)",4460652053,6726933044,0
264036339,True,primary,20,,0.681,2,Avenue Ibn Toumert شارع ابن تومرت,,,"LINESTRING (-6.8385046 34.0149391, -6.8385087 34.0149442)",4460652055,6727197402,0
264036339,True,primary,20,,16.113,2,Avenue Ibn Toumert شارع ابن تومرت,,,"LINESTRING (-6.8384998 34.0139797, -6.8384575 34.0141203)",4501133372,4460652052,0
584702932,False,residential,30,,81.021,2,Rue Maghrawa,,,"LINESTRING (-6.8233077 33.9454782, -6.8224521 33.9456429)",5667144927,21539703,0
584702932,False,residential,30,,68.982,2,Rue Maghrawa,,,"LINESTRING (-6.8233077 33.9454782, -6.8240386 33.945347)",5667144927,6756025195,0
584702932,False,residential,30,,80.595,2,Rue Maghrawa,,,"LINESTRING (-6.8248916 33.9451901, -6.8240386 33.945347)",5667144930,6756025195,0
584702932,False,residential,30,,175.965,2,Rue Maghrawa,,,"LINESTRING (-6.8248916 33.9451901, -6.8267557 33.9448541)",5667144930,6756025205,0
609299334,False,tertiary,20,,44.912,4,Avenue Ibn Sina شارع ابن سينا,,,"LINESTRING (-6.8514008 33.9929749, -6.8514026 33.9933788)",5771399828,2423964909,0
609299334,False,tertiary,20,,7.919,4,Avenue Ibn Sina شارع ابن سينا,,,"LINESTRING (-6.851397 33.9935787, -6.851399 33.9935075)",5771399829,6969816730,0
240002999,True,residential,30,,15.732,1,,destination,,"LINESTRING (-6.8859148 33.9568073, -6.8860198 33.9566958)",5790236003,6775179270,0
240002999,True,residential,30,,12.572,1,,destination,,"LINESTRING (-6.8862957 33.9563999, -6.8863839 33.9563137)",5790236005,6775179271,0
240002999,True,residential,30,,6.097,1,,destination,,"LINESTRING (-6.8866729 33.9560067, -6.8867105 33.9559616)",5790236007,6800103856,0
584702932,False,residential,30,,1.643,2,Rue Maghrawa,,,"LINESTRING (-6.8285263 33.9445412, -6.8285085 33.9445418)",6581849687,6756025207,0
584702932,False,residential,30,,1.919,2,Rue Maghrawa,,,"LINESTRING (-6.8285263 33.9445412, -6.8285461 33.9445465)",6581849687,1872091546,0
264036339,True,primary,20,,15.58,2,Avenue Ibn Toumert شارع ابن تومرت,,,"LINESTRING (-6.8385923 34.01349, -6.8385903 34.0136301)",6726933022,1686040451,0
264036339,True,primary,20,,13.573,2,Avenue Ibn Toumert شارع ابن تومرت,,,"LINESTRING (-6.8385775 34.0137179, -6.8385447 34.0138369)",6726933037,1686040425,0
264036339,True,primary,20,,11.784,2,Avenue Ibn Toumert شارع ابن تومرت,,,"LINESTRING (-6.8384253 34.0147084, -6.8384361 34.014814)",6726933038,6726933039,0
264036339,True,primary,20,,4.81,2,Avenue Ibn Toumert شارع ابن تومرت,,,"LINESTRING (-6.8384361 34.014814, -6.8384458 34.0148565)",6726933039,1686040423,0
264036339,True,primary,20,,3.244,2,Avenue Ibn Toumert شارع ابن تومرت,,,"LINESTRING (-6.8384609 34.0148802, -6.838478 34.0149057)",6726933040,6726933045,0
264036339,True,primary,20,,12.332,2,Avenue Ibn Toumert شارع ابن تومرت,,,"LINESTRING (-6.838434 34.0141976, -6.8384179 34.0143077)",6726933041,6726933043,0
264036339,True,primary,20,,7.23,2,Avenue Ibn Toumert شارع ابن تومرت,,,"LINESTRING (-6.8384126 34.0143777, -6.8384106 34.0144427)",6726933042,4460652053,0
264036339,True,primary,20,,7.799,2,Avenue Ibn Toumert شارع ابن تومرت,,,"LINESTRING (-6.8384179 34.0143077, -6.8384126 34.0143777)",6726933043,6726933042,0
264036339,True,primary,20,,16.609,2,Avenue Ibn Toumert شارع ابن تومرت,,,"LINESTRING (-6.8384126 34.0145594, -6.8384253 34.0147084)",6726933044,6726933038,0
264036339,True,primary,20,,4.45,2,Avenue Ibn Toumert شارع ابن تومرت,,,"LINESTRING (-6.838478 34.0149057, -6.8385046 34.0149391)",6726933045,4460652055,0
264036339,True,primary,20,,1.725,2,Avenue Ibn Toumert شارع ابن تومرت,,,"LINESTRING (-6.8385291 34.0149728, -6.8385374 34.0149867)",6726933046,6727197403,0
264036339,True,primary,20,,2.623,2,Avenue Ibn Toumert شارع ابن تومرت,,,"LINESTRING (-6.8385148 34.0149524, -6.8385291 34.0149728)",6726933047,6726933046,0
264036339,True,primary,20,,2.522,2,Avenue Ibn Toumert شارع ابن تومرت,,,"LINESTRING (-6.8385418 34.0149944, -6.8385527 34.0150152)",6726933048,1686040428,0
264036339,True,primary,20,,1.071,2,Avenue Ibn Toumert شارع ابن تومرت,,,"LINESTRING (-6.8385087 34.0149442, -6.8385148 34.0149524)",6727197402,6726933047,0
264036339,True,primary,20,,0.947,2,Avenue Ibn Toumert شارع ابن تومرت,,,"LINESTRING (-6.8385374 34.0149867, -6.8385418 34.0149944)",6727197403,6726933048,0
153021718,True,residential,20,,35.069,1,Rue Sanbra,,,"LINESTRING (-6.8265532 33.9809575, -6.826175 33.9809241)",6727446511,2143859238,0
153021718,True,residential,20,,4.966,1,Rue Sanbra,,,"LINESTRING (-6.8266068 33.9809531, -6.8265532 33.9809575)",6727446512,6727446511,0
153021718,True,residential,20,,3.438,1,Rue Sanbra,,,"LINESTRING (-6.8266404 33.9809397, -6.8266068 33.9809531)",6727446513,6727446512,0
153021718,True,residential,20,,3.965,1,Rue Sanbra,,,"LINESTRING (-6.8267839 33.9808296, -6.8267443 33.9808435)",6727446514,6732701376,0
153021718,True,residential,20,,3.963,1,Rue Sanbra,,,"LINESTRING (-6.8268268 33.9808274, -6.8267839 33.9808296)",6727446515,6727446514,0
153021718,True,residential,20,,4.075,1,Rue Sanbra,,,"LINESTRING (-6.826871 33.9808274, -6.8268268 33.9808274)",6727446516,6727446515,0
153021718,True,residential,20,,5.868,1,Rue Sanbra,,,"LINESTRING (-6.8267443 33.9808435, -6.8267021 33.980883)",6732701376,2143859783,0
584702932,False,residential,30,,68.982,2,Rue Maghrawa,,,"LINESTRING (-6.8240386 33.945347, -6.8233077 33.9454782)",6756025195,5667144927,0
584702932,False,residential,30,,80.595,2,Rue Maghrawa,,,"LINESTRING (-6.8240386 33.945347, -6.8248916 33.9451901)",6756025195,5667144930,0
584702932,False,residential,30,,128.736,2,Rue Maghrawa,,,"LINESTRING (-6.8281209 33.9446138, -6.8267557 33.9448541)",6756025204,6756025205,0
584702932,False,residential,30,,36.64,2,Rue Maghrawa,,,"LINESTRING (-6.8281209 33.9446138, -6.8285085 33.9445418)",6756025204,6756025207,0
584702932,False,residential,30,,175.965,2,Rue Maghrawa,,,"LINESTRING (-6.8267557 33.9448541, -6.8248916 33.9451901)",6756025205,5667144930,0
584702932,False,residential,30,,128.736,2,Rue Maghrawa,,,"LINESTRING (-6.8267557 33.9448541, -6.8281209 33.9446138)",6756025205,6756025204,0
584702932,False,residential,30,,36.64,2,Rue Maghrawa,,,"LINESTRING (-6.8285085 33.9445418, -6.8281209 33.9446138)",6756025207,6756025204,0
584702932,False,residential,30,,1.643,2,Rue Maghrawa,,,"LINESTRING (-6.8285085 33.9445418, -6.8285263 33.9445412)",6756025207,6581849687,0
721631637,False,pedestrian,20,,53.975,,veto_route,,,"LINESTRING (-6.8682817 33.9743982, -6.8679249 33.974783)",6757497151,6769481195,0
208636990,False,unclassified,20,,16.46,1,Accès principal,,,"LINESTRING (-6.8643475 33.9807918, -6.8642369 33.980908)",6769303587,6769303589,0
208636990,False,unclassified,20,,8.442,1,Accès principal,,,"LINESTRING (-6.8643475 33.9807918, -6.8643958 33.9807273)",6769303587,6769303588,0
208636990,False,unclassified,20,,8.442,1,Accès principal,,,"LINESTRING (-6.8643958 33.9807273, -6.8643475 33.9807918)",6769303588,6769303587,0
208636990,False,unclassified,20,,11.785,1,Accès principal,,,"LINESTRING (-6.8643958 33.9807273, -6.8644562 33.9806339)",6769303588,2189092297,0
208636990,False,unclassified,20,,13.707,1,Accès principal,,,"LINESTRING (-6.8642369 33.980908, -6.8641438 33.9810041)",6769303589,6925637362,0
208636990,False,unclassified,20,,16.46,1,Accès principal,,,"LINESTRING (-6.8642369 33.980908, -6.8643475 33.9807918)",6769303589,6769303587,0
208636990,False,unclassified,20,,16.499,1,Accès principal,,,"LINESTRING (-6.864082 33.9813912, -6.8642221 33.9814835)",6769303590,2189092296,0
208636990,False,unclassified,20,,8.807,1,Accès principal,,,"LINESTRING (-6.864082 33.9813912, -6.8640063 33.9813429)",6769303590,6769303591,0
208636990,False,unclassified,20,,8.807,1,Accès principal,,,"LINESTRING (-6.8640063 33.9813429, -6.864082 33.9813912)",6769303591,6769303590,0
208636990,False,unclassified,20,,2.706,1,Accès principal,,,"LINESTRING (-6.8640063 33.9813429, -6.8639831 33.981328)",6769303591,7042486050,0
208636990,False,unclassified,20,,4.353,1,Accès principal,,,"LINESTRING (-6.8639459 33.9813039, -6.8639831 33.981328)",6769303592,7042486050,0
208636990,False,unclassified,20,,2.71,1,Accès principal,,,"LINESTRING (-6.8639459 33.9813039, -6.8639291 33.9812839)",6769303592,6769303593,0
208636990,False,unclassified,20,,2.71,1,Accès principal,,,"LINESTRING (-6.8639291 33.9812839, -6.8639459 33.9813039)",6769303593,6769303592,0
208636990,False,unclassified,20,,2.096,1,Accès principal,,,"LINESTRING (-6.8639291 33.9812839, -6.8639254 33.9812653)",6769303593,6770127105,0
739669222,False,service,20,,42.815,,Parking_etudiant,,,"LINESTRING (-6.8639291 33.9812839, -6.8635744 33.9810354)",6769303593,6925637372,0
208636990,False,unclassified,20,,2.272,1,Accès principal,,,"LINESTRING (-6.8639298 33.9812452, -6.8639254 33.9812653)",6769303594,6770127105,0
208636990,False,unclassified,20,,3.892,1,Accès principal,,,"LINESTRING (-6.8639298 33.9812452, -6.8639505 33.9812147)",6769303594,6769303595,0
208636990,False,unclassified,20,,3.892,1,Accès principal,,,"LINESTRING (-6.8639505 33.9812147, -6.8639298 33.9812452)",6769303595,6769303594,0
208636990,False,unclassified,20,,6.964,1,Accès principal,,,"LINESTRING (-6.8639505 33.9812147, -6.8639915 33.9811621)",6769303595,6769303596,0
208636990,False,unclassified,20,,6.964,1,Accès principal,,,"LINESTRING (-6.8639915 33.9811621, -6.8639505 33.9812147)",6769303596,6769303595,0
208636990,False,unclassified,20,,5.503,1,Accès principal,,,"LINESTRING (-6.8639915 33.9811621, -6.8640284 33.9811232)",6769303596,2189092203,0
208636990,False,unclassified,20,,12.975,1,Accès principal,,,"LINESTRING (-6.8645239 33.9805316, -6.8644562 33.9806339)",6769320229,2189092297,0
208636990,False,unclassified,20,,10.704,1,Accès principal,,,"LINESTRING (-6.8645239 33.9805316, -6.8645795 33.9804471)",6769320229,2189092321,0
240002999,True,residential,30,,6.383,1,,destination,,"LINESTRING (-6.8852118 33.9574304, -6.8852644 33.9573931)",6769436481,6769436483,0
240002999,True,residential,30,,6.524,1,,destination,,"LINESTRING (-6.8851578 33.9574683, -6.8852118 33.9574304)",6769436482,6769436481,0
240002999,True,residential,30,,11.038,1,,destination,,"LINESTRING (-6.8852644 33.9573931, -6.8853526 33.957326)",6769436483,6775201990,0
721631637,False,pedestrian,20,,40.91,,veto_route,,,"LINESTRING (-6.8665181 33.9770129, -6.8667501 33.9773265)",6769481194,6769481219,0
721631637,False,pedestrian,20,,19.579,,veto_route,,,"LINESTRING (-6.8665181 33.9770129, -6.8664095 33.9768616)",6769481194,6769481208,0
721631637,False,pedestrian,20,,40.018,,veto_route,,,"LINESTRING (-6.8679249 33.974783, -6.8676527 33.9750633)",6769481195,6769481196,0
721631637,False,pedestrian,20,,53.975,,veto_route,,,"LINESTRING (-6.8679249 33.974783, -6.8682817 33.9743982)",6769481195,6757497151,0
721631637,False,pedestrian,20,,31.294,,veto_route,,,"LINESTRING (-6.8676527 33.9750633, -6.8674388 33.9752818)",6769481196,6769481207,0
721631637,False,pedestrian,20,,40.018,,veto_route,,,"LINESTRING (-6.8676527 33.9750633, -6.8679249 33.974783)",6769481196,6769481195,0
721631637,False,pedestrian,20,,12.309,,veto_route,,,"LINESTRING (-6.8669312 33.9759341, -6.8668467 33.9760198)",6769481197,6769481215,0
721631637,False,pedestrian,20,,17.438,,veto_route,,,"LINESTRING (-6.8669312 33.9759341, -6.8670559 33.9758162)",6769481197,6769481216,0
721631637,False,pedestrian,20,,15.157,,veto_route,,,"LINESTRING (-6.8671565 33.9757084, -6.8670559 33.9758162)",6769481198,6769481216,0
721631637,False,pedestrian,20,,12.618,,veto_route,,,"LINESTRING (-6.8671565 33.9757084, -6.8672477 33.9756238)",6769481198,6769481203,0
721631637,False,pedestrian,20,,2.985,,veto_route,,,"LINESTRING (-6.8672685 33.9755688, -6.8672651 33.9755955)",6769481199,6769481202,0
721631637,False,pedestrian,20,,2.728,,veto_route,,,"LINESTRING (-6.8672685 33.9755688, -6.8672618 33.9755449)",6769481199,6769481201,0
721631637,False,pedestrian,20,,4.098,,veto_route,,,"LINESTRING (-6.8672577 33.9755082, -6.8672618 33.9755449)",6769481200,6769481201,0
721631637,False,pedestrian,20,,3.111,,veto_route,,,"LINESTRING (-6.8672577 33.9755082, -6.8672651 33.9754809)",6769481200,6769481204,0
721631637,False,pedestrian,20,,2.728,,veto_route,,,"LINESTRING (-6.8672618 33.9755449, -6.8672685 33.9755688)",6769481201,6769481199,0
721631637,False,pedestrian,20,,4.098,,veto_route,,,"LINESTRING (-6.8672618 33.9755449, -6.8672577 33.9755082)",6769481201,6769481200,0
721631637,False,pedestrian,20,,3.532,,veto_route,,,"LINESTRING (-6.8672651 33.9755955, -6.8672477 33.9756238)",6769481202,6769481203,0
721631637,False,pedestrian,20,,2.985,,veto_route,,,"LINESTRING (-6.8672651 33.9755955, -6.8672685 33.9755688)",6769481202,6769481199,0
721631637,False,pedestrian,20,,12.618,,veto_route,,,"LINESTRING (-6.8672477 33.9756238, -6.8671565 33.9757084)",6769481203,6769481198,0
721631637,False,pedestrian,20,,3.532,,veto_route,,,"LINESTRING (-6.8672477 33.9756238, -6.8672651 33.9755955)",6769481203,6769481202,0
721631637,False,pedestrian,20,,3.111,,veto_route,,,"LINESTRING (-6.8672651 33.9754809, -6.8672577 33.9755082)",6769481204,6769481200,0
721631637,False,pedestrian,20,,6.318,,veto_route,,,"LINESTRING (-6.8672651 33.9754809, -6.8673 33.975432)",6769481204,6769481205,0
721631637,False,pedestrian,20,,6.318,,veto_route,,,"LINESTRING (-6.8673 33.975432, -6.8672651 33.9754809)",6769481205,6769481204,0
721631637,False,pedestrian,20,,7.729,,veto_route,,,"LINESTRING (-6.8673 33.975432, -6.8673503 33.9753764)",6769481205,6769481206,0
721631637,False,pedestrian,20,,7.729,,veto_route,,,"LINESTRING (-6.8673503 33.9753764, -6.8673 33.975432)",6769481206,6769481205,0
721631637,False,pedestrian,20,,13.313,,veto_route,,,"LINESTRING (-6.8673503 33.9753764, -6.8674388 33.9752818)",6769481206,6769481207,0
721631637,False,pedestrian,20,,13.313,,veto_route,,,"LINESTRING (-6.8674388 33.9752818, -6.8673503 33.9753764)",6769481207,6769481206,0
721631637,False,pedestrian,20,,31.294,,veto_route,,,"LINESTRING (-6.8674388 33.9752818, -6.8676527 33.9750633)",6769481207,6769481196,0
721631637,False,pedestrian,20,,19.579,,veto_route,,,"LINESTRING (-6.8664095 33.9768616, -6.8665181 33.9770129)",6769481208,6769481194,0
721631637,False,pedestrian,20,,13.034,,veto_route,,,"LINESTRING (-6.8664095 33.9768616, -6.8663572 33.9767527)",6769481208,6769481217,0
721631637,False,pedestrian,20,,8.224,,veto_route,,,"LINESTRING (-6.8663384 33.9766804, -6.8663572 33.9767527)",6769481209,6769481217,0
721631637,False,pedestrian,20,,7.118,,veto_route,,,"LINESTRING (-6.8663384 33.9766804, -6.8663491 33.976617)",6769481209,6769481210,0
721631637,False,pedestrian,20,,7.118,,veto_route,,,"LINESTRING (-6.8663491 33.976617, -6.8663384 33.9766804)",6769481210,6769481209,0
721631637,False,pedestrian,20,,6.773,,veto_route,,,"LINESTRING (-6.8663491 33.976617, -6.8663719 33.9765591)",6769481210,6769481211,0
721631637,False,pedestrian,20,,6.773,,veto_route,,,"LINESTRING (-6.8663719 33.9765591, -6.8663491 33.976617)",6769481211,6769481210,0
721631637,False,pedestrian,20,,12.858,,veto_route,,,"LINESTRING (-6.8663719 33.9765591, -6.8664417 33.976459)",6769481211,6769481212,0
721631637,False,pedestrian,20,,12.858,,veto_route,,,"LINESTRING (-6.8664417 33.976459, -6.8663719 33.9765591)",6769481212,6769481211,0
721631637,False,pedestrian,20,,6.598,,veto_route,,,"LINESTRING (-6.8664417 33.976459, -6.8664831 33.9764106)",6769481212,7068175050,0
721631637,False,pedestrian,20,,7.501,,veto_route,,,"LINESTRING (-6.8665302 33.9763556, -6.8664831 33.9764106)",6769481213,7068175050,0
721631637,False,pedestrian,20,,21.091,,veto_route,,,"LINESTRING (-6.8665302 33.9763556, -6.8666683 33.9762044)",6769481213,6769481214,0
721631637,False,pedestrian,20,,21.091,,veto_route,,,"LINESTRING (-6.8666683 33.9762044, -6.8665302 33.9763556)",6769481214,6769481213,0
721631637,False,pedestrian,20,,26.305,,veto_route,,,"LINESTRING (-6.8666683 33.9762044, -6.8668467 33.9760198)",6769481214,6769481215,0
721631637,False,pedestrian,20,,26.305,,veto_route,,,"LINESTRING (-6.8668467 33.9760198, -6.8666683 33.9762044)",6769481215,6769481214,0
721631637,False,pedestrian,20,,12.309,,veto_route,,,"LINESTRING (-6.8668467 33.9760198, -6.8669312 33.9759341)",6769481215,6769481197,0
721631637,False,pedestrian,20,,17.438,,veto_route,,,"LINESTRING (-6.8670559 33.9758162, -6.8669312 33.9759341)",6769481216,6769481197,0
721631637,False,pedestrian,20,,15.157,,veto_route,,,"LINESTRING (-6.8670559 33.9758162, -6.8671565 33.9757084)",6769481216,6769481198,0
721631637,False,pedestrian,20,,13.034,,veto_route,,,"LINESTRING (-6.8663572 33.9767527, -6.8664095 33.9768616)",6769481217,6769481208,0
721631637,False,pedestrian,20,,8.224,,veto_route,,,"LINESTRING (-6.8663572 33.9767527, -6.8663384 33.9766804)",6769481217,6769481209,0
721631637,False,pedestrian,20,,30.922,,veto_route,,,"LINESTRING (-6.8669043 33.9775612, -6.867071 33.9778025)",6769481218,6769481220,0
721631637,False,pedestrian,20,,29.72,,veto_route,,,"LINESTRING (-6.8669043 33.9775612, -6.8667501 33.9773265)",6769481218,6769481219,0
721631637,False,pedestrian,20,,29.72,,veto_route,,,"LINESTRING (-6.8667501 33.9773265, -6.8669043 33.9775612)",6769481219,6769481218,0
721631637,False,pedestrian,20,,40.91,,veto_route,,,"LINESTRING (-6.8667501 33.9773265, -6.8665181 33.9770129)",6769481219,6769481194,0
721631637,False,pedestrian,20,,30.922,,veto_route,,,"LINESTRING (-6.867071 33.9778025, -6.8669043 33.9775612)",6769481220,6769481218,0
208636990,False,unclassified,20,,2.096,1,Accès principal,,,"LINESTRING (-6.8639254 33.9812653, -6.8639291 33.9812839)",6770127105,6769303593,0
208636990,False,unclassified,20,,2.272,1,Accès principal,,,"LINESTRING (-6.8639254 33.9812653, -6.8639298 33.9812452)",6770127105,6769303594,0
75923998,False,pedestrian,20,,13.679,,Rue du Mellah زنقة الملاح,,,"LINESTRING (-6.8304685 34.0258263, -6.8303337 34.0258778)",6774211908,896417755,0
75923998,False,pedestrian,20,,12.914,,Rue du Mellah زنقة الملاح,,,"LINESTRING (-6.8304685 34.0258263, -6.8305503 34.0259206)",6774211908,6774211912,0
75923998,False,pedestrian,20,,12.914,,Rue du Mellah زنقة الملاح,,,"LINESTRING (-6.8305503 34.0259206, -6.8304685 34.0258263)",6774211912,6774211908,0
75923998,False,pedestrian,20,,14.611,,Rue du Mellah زنقة الملاح,,,"LINESTRING (-6.8305503 34.0259206, -6.8306786 34.0258434)",6774211912,896422133,0
279226507,False,living_street,20,,17.897,,Rue des Consuls شارع القناصل,,,"LINESTRING (-6.8332609 34.0272641, -6.8331338 34.0271424)",6774211913,6958844612,0
279226507,False,living_street,20,,28.31,,Rue des Consuls شارع القناصل,,,"LINESTRING (-6.8332609 34.0272641, -6.8334587 34.0274589)",6774211913,2610947146,0
279226507,False,living_street,20,,27.313,,Rue des Consuls شارع القناصل,,,"LINESTRING (-6.8336503 34.0276463, -6.8334587 34.0274589)",6774211914,2610947146,0
279226507,False,living_street,20,,30.256,,Rue des Consuls شارع القناصل,,,"LINESTRING (-6.8336503 34.0276463, -6.8338677 34.0278502)",6774211914,2610947145,0
240002999,True,residential,30,,28.364,1,,destination,,"LINESTRING (-6.8857187 33.9570038, -6.8859148 33.9568073)",6775179269,5790236003,0
240002999,True,residential,30,,41.595,1,,destination,,"LINESTRING (-6.8860198 33.9566958, -6.8862957 33.9563999)",6775179270,5790236005,0
240002999,True,residential,30,,14.44,1,,destination,,"LINESTRING (-6.8863839 33.9563137, -6.8864811 33.9562119)",6775179271,6775179274,0
240002999,True,residential,30,,8.482,1,,destination,,"LINESTRING (-6.8865522 33.9561363, -6.8866079 33.9560756)",6775179272,6775179273,0
240002999,True,residential,30,,9.728,1,,destination,,"LINESTRING (-6.8866079 33.9560756, -6.8866729 33.9560067)",6775179273,5790236007,0
240002999,True,residential,30,,10.662,1,,destination,,"LINESTRING (-6.8864811 33.9562119, -6.8865522 33.9561363)",6775179274,6775179272,0
240002999,True,residential,30,,3.514,1,,destination,,"LINESTRING (-6.8851284 33.9574884, -6.8851578 33.9574683)",6775201989,6769436482,0
240002999,True,residential,30,,11.2,1,,destination,,"LINESTRING (-6.8853526 33.957326, -6.8854414 33.9572573)",6775201990,6775201991,0
240002999,True,residential,30,,20.299,1,,destination,,"LINESTRING (-6.8854414 33.9572573, -6.885597 33.9571282)",6775201991,2477699045,0
240002999,True,residential,30,,2.424,1,,destination,,"LINESTRING (-6.8867105 33.9559616, -6.8867215 33.9559418)",6800103856,2477699048,0
240002999,True,residential,30,,12.945,1,,destination,,"LINESTRING (-6.8849382 33.9575192, -6.8850785 33.957516)",6800135690,405933226,0
101917979,True,service,30,driveway,26.683,,,,,"LINESTRING (-6.8551905 34.0021822, -6.8553973 34.0020143)",6840277725,6840277726,0
101917979,True,service,30,driveway,2.872,,,,,"LINESTRING (-6.8553973 34.0020143, -6.8554151 34.0019931)",6840277726,6840277727,0
101917979,True,service,30,driveway,3.311,,,,,"LINESTRING (-6.8554151 34.0019931, -6.8554094 34.0019637)",6840277727,21070193,0
324493907,False,living_street,20,,5.531,,Derb El Fassi,,8,"LINESTRING (-6.8347115 34.0263917, -6.8346937 34.0263442)",6850964650,3312042371,0
324493907,False,living_street,20,,6.162,,Derb El Fassi,,8,"LINESTRING (-6.8347115 34.0263917, -6.8347365 34.0264431)",6850964650,3312042370,0
255400674,False,living_street,20,,2.981,,Rue des Consuls شارع القناصل,,,"LINESTRING (-6.8352296 34.0292291, -6.8352208 34.0292033)",6850964658,6850964659,0
255400674,False,living_street,20,,3.782,,Rue des Consuls شارع القناصل,,,"LINESTRING (-6.8352296 34.0292291, -6.8352342 34.0292629)",6850964658,2610928464,0
255400674,False,living_street,20,,39.712,,Rue des Consuls شارع القناصل,,,"LINESTRING (-6.8352208 34.0292033, -6.8349885 34.0289025)",6850964659,6958844005,0
255400674,False,living_street,20,,2.981,,Rue des Consuls شارع القناصل,,,"LINESTRING (-6.8352208 34.0292033, -6.8352296 34.0292291)",6850964659,6850964658,0
255405180,False,living_street,20,,7.344,,Rue Porte Maoun,,,"LINESTRING (-6.8349676 34.0269775, -6.8349351 34.0269172)",6850964671,6958844606,0
255405180,False,living_street,20,,7.426,,Rue Porte Maoun,,,"LINESTRING (-6.8349676 34.0269775, -6.8350092 34.0270347)",6850964671,6850964672,0
255405180,False,living_street,20,,7.426,,Rue Porte Maoun,,,"LINESTRING (-6.8350092 34.0270347, -6.8349676 34.0269775)",6850964672,6850964671,0
255405180,False,living_street,20,,2.135,,Rue Porte Maoun,,,"LINESTRING (-6.8350092 34.0270347, -6.8350302 34.0270266)",6850964672,2610951213,0
255405180,False,living_street,20,,5.421,,Rue Porte Maoun,,,"LINESTRING (-6.8351003 34.0272306, -6.8351523 34.0272078)",6850964674,2610975346,0
255405180,False,living_street,20,,14.544,,Rue Porte Maoun,,,"LINESTRING (-6.8351003 34.0272306, -6.8351631 34.0273506)",6850964674,6958844607,0
208636990,False,unclassified,20,,16.988,1,Accès principal,,,"LINESTRING (-6.8641438 33.9810041, -6.8640284 33.9811232)",6925637362,2189092203,0
208636990,False,unclassified,20,,13.707,1,Accès principal,,,"LINESTRING (-6.8641438 33.9810041, -6.8642369 33.980908)",6925637362,6769303589,0
739669222,False,service,20,,10.356,,Parking_etudiant,,,"LINESTRING (-6.8641438 33.9810041, -6.8640438 33.9810465)",6925637362,6925637363,0
739669222,False,service,20,,10.356,,Parking_etudiant,,,"LINESTRING (-6.8640438 33.9810465, -6.8641438 33.9810041)",6925637363,6925637362,0
739669222,False,service,20,,6.146,,Parking_etudiant,,,"LINESTRING (-6.8640438 33.9810465, -6.8639807 33.9810643)",6925637363,6925637364,0
739669222,False,service,20,,6.146,,Parking_etudiant,,,"LINESTRING (-6.8639807 33.9810643, -6.8640438 33.9810465)",6925637364,6925637363,0
739669222,False,service,20,,7.049,,Parking_etudiant,,,"LINESTRING (-6.8639807 33.9810643, -6.8639043 33.981062)",6925637364,6925637365,0
739669222,False,service,20,,7.049,,Parking_etudiant,,,"LINESTRING (-6.8639043 33.981062, -6.8639807 33.9810643)",6925637365,6925637364,0
739669222,False,service,20,,53.345,,Parking_etudiant,,,"LINESTRING (-6.8639043 33.981062, -6.8634416 33.980774)",6925637365,6925637366,0
739669222,False,service,20,,53.345,,Parking_etudiant,,,"LINESTRING (-6.8634416 33.980774, -6.8639043 33.981062)",6925637366,6925637365,0
739669222,False,service,20,,9.508,,Parking_etudiant,,,"LINESTRING (-6.8634416 33.980774, -6.8633491 33.9807362)",6925637366,6925637367,0
739669222,False,service,20,,9.508,,Parking_etudiant,,,"LINESTRING (-6.8633491 33.9807362, -6.8634416 33.980774)",6925637367,6925637366,0
739669222,False,service,20,,4.717,,Parking_etudiant,,,"LINESTRING (-6.8633491 33.9807362, -6.8632981 33.9807329)",6925637367,6925637368,0
739669222,False,service,20,,4.717,,Parking_etudiant,,,"LINESTRING (-6.8632981 33.9807329, -6.8633491 33.9807362)",6925637368,6925637367,0
739669222,False,service,20,,3.559,,Parking_etudiant,,,"LINESTRING (-6.8632981 33.9807329, -6.8632619 33.980744)",6925637368,6925637369,0
739669222,False,service,20,,3.559,,Parking_etudiant,,,"LINESTRING (-6.8632619 33.980744, -6.8632981 33.9807329)",6925637369,6925637368,0
739669222,False,service,20,,4.736,,Parking_etudiant,,,"LINESTRING (-6.8632619 33.980744, -6.8632337 33.9807796)",6925637369,6925637370,0
739669222,False,service,20,,4.736,,Parking_etudiant,,,"LINESTRING (-6.8632337 33.9807796, -6.8632619 33.980744)",6925637370,6925637369,0
739669222,False,service,20,,5.671,,Parking_etudiant,,,"LINESTRING (-6.8632337 33.9807796, -6.8632458 33.9808296)",6925637370,6925637371,0
739669222,False,service,20,,5.671,,Parking_etudiant,,,"LINESTRING (-6.8632458 33.9808296, -6.8632337 33.9807796)",6925637371,6925637370,0
739669222,False,service,20,,37.97,,Parking_etudiant,,,"LINESTRING (-6.8632458 33.9808296, -6.8635744 33.9810354)",6925637371,6925637372,0
739669222,False,service,20,,37.97,,Parking_etudiant,,,"LINESTRING (-6.8635744 33.9810354, -6.8632458 33.9808296)",6925637372,6925637371,0
739669222,False,service,20,,42.815,,Parking_etudiant,,,"LINESTRING (-6.8635744 33.9810354, -6.8639291 33.9812839)",6925637372,6769303593,0
255400674,False,living_street,20,,34.77,,Rue des Consuls شارع القناصل,,,"LINESTRING (-6.8349885 34.0289025, -6.8347831 34.0286402)",6958844005,3314747532,0
255400674,False,living_street,20,,39.712,,Rue des Consuls شارع القناصل,,,"LINESTRING (-6.8349885 34.0289025, -6.8352208 34.0292033)",6958844005,6850964659,0
324493907,False,living_street,20,,10.177,,Derb El Fassi,,8,"LINESTRING (-6.834584 34.0261339, -6.8345214 34.0260585)",6958844591,896412494,0
324493907,False,living_street,20,,10.911,,Derb El Fassi,,8,"LINESTRING (-6.834584 34.0261339, -6.8346421 34.0262194)",6958844591,3314827261,0
324493907,False,living_street,20,,6.314,,Derb El Fassi,,8,"LINESTRING (-6.8346789 34.0263022, -6.8346581 34.0262481)",6958844594,896413590,0
324493907,False,living_street,20,,4.865,,Derb El Fassi,,8,"LINESTRING (-6.8346789 34.0263022, -6.8346937 34.0263442)",6958844594,3312042371,0
324493907,False,living_street,20,,17.003,,Derb El Fassi,,8,"LINESTRING (-6.8348506 34.0266259, -6.8347651 34.0264904)",6958844598,896416284,0
324493907,False,living_street,20,,8.373,,Derb El Fassi,,8,"LINESTRING (-6.8348506 34.0266259, -6.8348847 34.0266957)",6958844598,486077546,0
255405180,False,living_street,20,,5.138,,Rue Porte Maoun,,,"LINESTRING (-6.8349043 34.0267665, -6.8348927 34.0267213)",6958844603,2610975349,0
255405180,False,living_street,20,,5.053,,Rue Porte Maoun,,,"LINESTRING (-6.8349043 34.0267665, -6.834911 34.0268116)",6958844603,6958844604,0
255405180,False,living_street,20,,5.053,,Rue Porte Maoun,,,"LINESTRING (-6.834911 34.0268116, -6.8349043 34.0267665)",6958844604,6958844603,0
255405180,False,living_street,20,,6.16,,Rue Porte Maoun,,,"LINESTRING (-6.834911 34.0268116, -6.834919 34.0268666)",6958844604,6958844605,0
255405180,False,living_street,20,,6.16,,Rue Porte Maoun,,,"LINESTRING (-6.834919 34.0268666, -6.834911 34.0268116)",6958844605,6958844604,0
255405180,False,living_street,20,,5.819,,Rue Porte Maoun,,,"LINESTRING (-6.834919 34.0268666, -6.8349351 34.0269172)",6958844605,6958844606,0
255405180,False,living_street,20,,5.819,,Rue Porte Maoun,,,"LINESTRING (-6.8349351 34.0269172, -6.834919 34.0268666)",6958844606,6958844605,0
255405180,False,living_street,20,,7.344,,Rue Porte Maoun,,,"LINESTRING (-6.8349351 34.0269172, -6.8349676 34.0269775)",6958844606,6850964671,0
255405180,False,living_street,20,,14.544,,Rue Porte Maoun,,,"LINESTRING (-6.8351631 34.0273506, -6.8351003 34.0272306)",6958844607,6850964674,0
255405180,False,living_street,20,,16.293,,Rue Porte Maoun,,,"LINESTRING (-6.8351631 34.0273506, -6.8352449 34.0274805)",6958844607,486077520,0
255400674,False,living_street,20,,12.808,,Rue des Consuls شارع القناصل,,,"LINESTRING (-6.8343743 34.0281867, -6.8342679 34.0281126)",6958844608,6958844609,0
255400674,False,living_street,20,,11.709,,Rue des Consuls شارع القناصل,,,"LINESTRING (-6.8343743 34.0281867, -6.8344625 34.0282625)",6958844608,2610928465,0
255400674,False,living_street,20,,8.279,,Rue des Consuls شارع القناصل,,,"LINESTRING (-6.8342679 34.0281126, -6.8341943 34.0280699)",6958844609,486077522,0
255400674,False,living_street,20,,12.808,,Rue des Consuls شارع القناصل,,,"LINESTRING (-6.8342679 34.0281126, -6.8343743 34.0281867)",6958844609,6958844608,0
279226506,False,living_street,20,,12.502,,Rue des Consuls شارع القناصل,,,"LINESTRING (-6.8340773 34.0279997, -6.8339731 34.0279277)",6958844610,3315216439,0
279226506,False,living_street,20,,13.311,,Rue des Consuls شارع القناصل,,,"LINESTRING (-6.8340773 34.0279997, -6.8341943 34.0280699)",6958844610,486077522,0
279226507,False,living_street,20,,5.4,,Rue des Consuls شارع القناصل,,,"LINESTRING (-6.8331338 34.0271424, -6.8330957 34.0271055)",6958844612,2697105809,0
279226507,False,living_street,20,,17.897,,Rue des Consuls شارع القناصل,,,"LINESTRING (-6.8331338 34.0271424, -6.8332609 34.0272641)",6958844612,6774211913,0
75923998,False,pedestrian,20,,4.274,,Rue du Mellah زنقة الملاح,,,"LINESTRING (-6.8290271 34.0263416, -6.8289843 34.0263564)",6958844642,896423529,0
75923998,False,pedestrian,20,,24.741,,Rue du Mellah زنقة الملاح,,,"LINESTRING (-6.8290271 34.0263416, -6.8292749 34.026256)",6958844642,896423384,0
75923998,False,pedestrian,20,,2.516,,Rue du Mellah زنقة الملاح,,,"LINESTRING (-6.8292999 34.0262469, -6.8292749 34.026256)",6958844650,896423384,0
75923998,False,pedestrian,20,,26.206,,Rue du Mellah زنقة الملاح,,,"LINESTRING (-6.8292999 34.0262469, -6.8295604 34.0261524)",6958844650,896423248,0
75923998,False,pedestrian,20,,5.696,,Rue du Mellah زنقة الملاح,,,"LINESTRING (-6.8287718 34.0264276, -6.8287145 34.0264468)",6958844662,896423611,0
75923998,False,pedestrian,20,,21.123,,Rue du Mellah زنقة الملاح,,,"LINESTRING (-6.8287718 34.0264276, -6.8289843 34.0263564)",6958844662,896423529,0
75923998,False,pedestrian,20,,4.585,,Rue du Mellah زنقة الملاح,,,"LINESTRING (-6.8296063 34.0261365, -6.8295604 34.0261524)",6958844684,896423248,0
75923998,False,pedestrian,20,,20.488,,Rue du Mellah زنقة الملاح,,,"LINESTRING (-6.8296063 34.0261365, -6.8298113 34.0260652)",6958844684,896423004,0
75923998,False,pedestrian,20,,7.227,,Rue du Mellah زنقة الملاح,,,"LINESTRING (-6.8307424 34.0258056, -6.8306786 34.0258434)",6958844685,896422133,0
75923998,False,pedestrian,20,,4.831,,Rue du Mellah زنقة الملاح,,,"LINESTRING (-6.8307424 34.0258056, -6.8307776 34.0257734)",6958844685,3315212021,0
75923998,False,pedestrian,20,,7.137,,Rue du Mellah زنقة الملاح,,,"LINESTRING (-6.8308286 34.0257251, -6.8307776 34.0257734)",6958844686,3315212021,0
75923998,False,pedestrian,20,,8.335,,Rue du Mellah زنقة الملاح,,,"LINESTRING (-6.8308286 34.0257251, -6.8308833 34.0256654)",6958844686,896422214,0
609299334,False,tertiary,20,,7.919,4,Avenue Ibn Sina شارع ابن سينا,,,"LINESTRING (-6.851399 33.9935075, -6.851397 33.9935787)",6969816730,5771399829,0
609299334,False,tertiary,20,,14.315,4,Avenue Ibn Sina شارع ابن سينا,,,"LINESTRING (-6.851399 33.9935075, -6.8514026 33.9933788)",6969816730,2423964909,0
208636990,False,unclassified,20,,2.706,1,Accès principal,,,"LINESTRING (-6.8639831 33.981328, -6.8640063 33.9813429)",7042486050,6769303591,0
208636990,False,unclassified,20,,4.353,1,Accès principal,,,"LINESTRING (-6.8639831 33.981328, -6.8639459 33.9813039)",7042486050,6769303592,0
721631637,False,pedestrian,20,,6.598,,veto_route,,,"LINESTRING (-6.8664831 33.9764106, -6.8664417 33.976459)",7068175050,6769481212,0
721631637,False,pedestrian,20,,7.501,,veto_route,,,"LINESTRING (-6.8664831 33.9764106, -6.8665302 33.9763556)",7068175050,6769481213,0
756777857,False,service,20,parking_aisle,4.31,,Route_Sport,,,"LINESTRING (-6.8669346 33.9740112, -6.8668879 33.9740127)",7068175066,7068175067,0
756777857,False,service,20,parking_aisle,2.969,,Route_Sport,,,"LINESTRING (-6.8668879 33.9740127, -6.8668557 33.9740127)",7068175067,7068175068,0
756777857,False,service,20,parking_aisle,4.31,,Route_Sport,,,"LINESTRING (-6.8668879 33.9740127, -6.8669346 33.9740112)",7068175067,7068175066,0
756777857,False,service,20,parking_aisle,3.002,,Route_Sport,,,"LINESTRING (-6.8668557 33.9740127, -6.8668236 33.9740082)",7068175068,7068175069,0
756777857,False,service,20,parking_aisle,2.969,,Route_Sport,,,"LINESTRING (-6.8668557 33.9740127, -6.8668879 33.9740127)",7068175068,7068175067,0
756777857,False,service,20,parking_aisle,2.888,,Route_Sport,,,"LINESTRING (-6.8668236 33.9740082, -6.8667967 33.9739949)",7068175069,7068175070,0
756777857,False,service,20,parking_aisle,3.002,,Route_Sport,,,"LINESTRING (-6.8668236 33.9740082, -6.8668557 33.9740127)",7068175069,7068175068,0
756777857,False,service,20,parking_aisle,5.878,,Route_Sport,,,"LINESTRING (-6.8667967 33.9739949, -6.8667377 33.9739749)",7068175070,7068175071,0
756777857,False,service,20,parking_aisle,2.888,,Route_Sport,,,"LINESTRING (-6.8667967 33.9739949, -6.8668236 33.9740082)",7068175070,7068175069,0
756777857,False,service,20,parking_aisle,4.372,,Route_Sport,,,"LINESTRING (-6.8667377 33.9739749, -6.8667029 33.9739482)",7068175071,7068175072,0
756777857,False,service,20,parking_aisle,5.878,,Route_Sport,,,"LINESTRING (-6.8667377 33.9739749, -6.8667967 33.9739949)",7068175071,7068175070,0
756777857,False,service,20,parking_aisle,4.063,,Route_Sport,,,"LINESTRING (-6.8667029 33.9739482, -6.866668 33.9739259)",7068175072,7068175073,0
756777857,False,service,20,parking_aisle,4.372,,Route_Sport,,,"LINESTRING (-6.8667029 33.9739482, -6.8667377 33.9739749)",7068175072,7068175071,0
756777857,False,service,20,parking_aisle,7.432,,Route_Sport,,,"LINESTRING (-6.866668 33.9739259, -6.8666385 33.9738637)",7068175073,7068175074,0
756777857,False,service,20,parking_aisle,4.063,,Route_Sport,,,"LINESTRING (-6.866668 33.9739259, -6.8667029 33.9739482)",7068175073,7068175072,0
756777857,False,service,20,parking_aisle,4.0,,Route_Sport,,,"LINESTRING (-6.8666385 33.9738637, -6.8666224 33.9738303)",7068175074,7068175075,0
756777857,False,service,20,parking_aisle,7.432,,Route_Sport,,,"LINESTRING (-6.8666385 33.9738637, -6.866668 33.9739259)",7068175074,7068175073,0
756777857,False,service,20,parking_aisle,5.973,,Route_Sport,,,"LINESTRING (-6.8666224 33.9738303, -6.8665956 33.9737814)",7068175075,7068175076,0
756777857,False,service,20,parking_aisle,4.0,,Route_Sport,,,"LINESTRING (-6.8666224 33.9738303, -6.8666385 33.9738637)",7068175075,7068175074,0
756777857,False,service,20,parking_aisle,6.876,,Route_Sport,,,"LINESTRING (-6.8665956 33.9737814, -6.866558 33.973728)",7068175076,7068175077,0
756777857,False,service,20,parking_aisle,5.973,,Route_Sport,,,"LINESTRING (-6.8665956 33.9737814, -6.8666224 33.9738303)",7068175076,7068175075,0
756777857,False,service,20,parking_aisle,9.897,,Route_Sport,,,"LINESTRING (-6.866558 33.973728, -6.8664936 33.9736568)",7068175077,7068175078,0
756777857,False,service,20,parking_aisle,6.876,,Route_Sport,,,"LINESTRING (-6.866558 33.973728, -6.8665956 33.9737814)",7068175077,7068175076,0
756777857,False,service,20,parking_aisle,6.649,,Route_Sport,,,"LINESTRING (-6.8664936 33.9736568, -6.86644 33.9736168)",7068175078,7068175079,0
756777857,False,service,20,parking_aisle,9.897,,Route_Sport,,,"LINESTRING (-6.8664936 33.9736568, -6.866558 33.973728)",7068175078,7068175077,0
756777857,False,service,20,parking_aisle,5.426,,Route_Sport,,,"LINESTRING (-6.86644 33.9736168, -6.8663971 33.9735834)",7068175079,7068175080,0
756777857,False,service,20,parking_aisle,6.649,,Route_Sport,,,"LINESTRING (-6.86644 33.9736168, -6.8664936 33.9736568)",7068175079,7068175078,0
756777857,False,service,20,parking_aisle,4.757,,Route_Sport,,,"LINESTRING (-6.8663971 33.9735834, -6.8663568 33.9735567)",7068175080,7068175081,0
756777857,False,service,20,parking_aisle,5.426,,Route_Sport,,,"LINESTRING (-6.8663971 33.9735834, -6.86644 33.9736168)",7068175080,7068175079,0
756777857,False,service,20,parking_aisle,4.4,,Route_Sport,,,"LINESTRING (-6.8663568 33.9735567, -6.8663273 33.9735256)",7068175081,7068175082,0
756777857,False,service,20,parking_aisle,4.757,,Route_Sport,,,"LINESTRING (-6.8663568 33.9735567, -6.8663971 33.9735834)",7068175081,7068175080,0
756777857,False,service,20,parking_aisle,3.681,,Route_Sport,,,"LINESTRING (-6.8663273 33.9735256, -6.8662978 33.9735033)",7068175082,7068175083,0
756777857,False,service,20,parking_aisle,4.4,,Route_Sport,,,"LINESTRING (-6.8663273 33.9735256, -6.8663568 33.9735567)",7068175082,7068175081,0
756777857,False,service,20,parking_aisle,3.565,,Route_Sport,,,"LINESTRING (-6.8662978 33.9735033, -6.8662764 33.9734766)",7068175083,7068175084,0
756777857,False,service,20,parking_aisle,3.681,,Route_Sport,,,"LINESTRING (-6.8662978 33.9735033, -6.8663273 33.9735256)",7068175083,7068175082,0
756777857,False,service,20,parking_aisle,6.018,,Route_Sport,,,"LINESTRING (-6.8662764 33.9734766, -6.8662549 33.9734255)",7068175084,7068187985,0
756777857,False,service,20,parking_aisle,3.565,,Route_Sport,,,"LINESTRING (-6.8662764 33.9734766, -6.8662978 33.9735033)",7068175084,7068175083,0
756777857,False,service,20,parking_aisle,4.847,,Route_Sport,,,"LINESTRING (-6.8662549 33.9734255, -6.8662273 33.9733884)",7068187985,7068187986,0
756777857,False,service,20,parking_aisle,6.018,,Route_Sport,,,"LINESTRING (-6.8662549 33.9734255, -6.8662764 33.9734766)",7068187985,7068175084,0
756777857,False,service,20,parking_aisle,3.673,,Route_Sport,,,"LINESTRING (-6.8662273 33.9733884, -6.8662217 33.9733557)",7068187986,7068187987,0
756777857,False,service,20,parking_aisle,4.847,,Route_Sport,,,"LINESTRING (-6.8662273 33.9733884, -6.8662549 33.9734255)",7068187986,7068187985,0
756777857,False,service,20,parking_aisle,4.257,,Route_Sport,,,"LINESTRING (-6.8662217 33.9733557, -6.866231 33.9733182)",7068187987,7068187988,0
756777857,False,service,20,parking_aisle,3.673,,Route_Sport,,,"LINESTRING (-6.8662217 33.9733557, -6.8662273 33.9733884)",7068187987,7068187986,0
756777857,False,service,20,parking_aisle,4.715,,Route_Sport,,,"LINESTRING (-6.866231 33.9733182, -6.8662764 33.9732987)",7068187988,7068187989,0
756777857,False,service,20,parking_aisle,4.257,,Route_Sport,,,"LINESTRING (-6.866231 33.9733182, -6.8662217 33.9733557)",7068187988,7068187987,0
756777857,False,service,20,parking_aisle,2.822,,Route_Sport,,,"LINESTRING (-6.8662764 33.9732987, -6.8662844 33.9732742)",7068187989,7068187990,0
756777857,False,service,20,parking_aisle,4.715,,Route_Sport,,,"LINESTRING (-6.8662764 33.9732987, -6.866231 33.9733182)",7068187989,7068187988,0
756777857,False,service,20,parking_aisle,3.216,,Route_Sport,,,"LINESTRING (-6.8662844 33.9732742, -6.8662978 33.9732475)",7068187990,7068187991,0
756777857,False,service,20,parking_aisle,2.822,,Route_Sport,,,"LINESTRING (-6.8662844 33.9732742, -6.8662764 33.9732987)",7068187990,7068187989,0
756777857,False,service,20,parking_aisle,6.666,,Route_Sport,,,"LINESTRING (-6.8662978 33.9732475, -6.8663354 33.9731963)",7068187991,7068187992,0
756777857,False,service,20,parking_aisle,3.216,,Route_Sport,,,"LINESTRING (-6.8662978 33.9732475, -6.8662844 33.9732742)",7068187991,7068187990,0
756777857,False,service,20,parking_aisle,6.986,,Route_Sport,,,"LINESTRING (-6.8663354 33.9731963, -6.866389 33.9731519)",7068187992,7068187993,0
756777857,False,service,20,parking_aisle,6.666,,Route_Sport,,,"LINESTRING (-6.8663354 33.9731963, -6.8662978 33.9732475)",7068187992,7068187991,0
756777857,False,service,20,parking_aisle,8.777,,Route_Sport,,,"LINESTRING (-6.866389 33.9731519, -6.8664507 33.9730918)",7068187993,7068187994,0
756777857,False,service,20,parking_aisle,6.986,,Route_Sport,,,"LINESTRING (-6.866389 33.9731519, -6.8663354 33.9731963)",7068187993,7068187992,0
756777857,False,service,20,parking_aisle,5.775,,Route_Sport,,,"LINESTRING (-6.8664507 33.9730918, -6.8664963 33.9730562)",7068187994,7068187995,0
756777857,False,service,20,parking_aisle,8.777,,Route_Sport,,,"LINESTRING (-6.8664507 33.9730918, -6.866389 33.9731519)",7068187994,7068187993,0
756777857,False,service,20,parking_aisle,9.659,,Route_Sport,,,"LINESTRING (-6.8664963 33.9730562, -6.8665634 33.9729895)",7068187995,7068187996,0
756777857,False,service,20,parking_aisle,5.775,,Route_Sport,,,"LINESTRING (-6.8664963 33.9730562, -6.8664507 33.9730918)",7068187995,7068187994,0
756777857,False,service,20,parking_aisle,15.47,,Route_Sport,,,"LINESTRING (-6.8665634 33.9729895, -6.8666699 33.972882)",7068187996,7068187997,0
756777857,False,service,20,parking_aisle,9.659,,Route_Sport,,,"LINESTRING (-6.8665634 33.9729895, -6.8664963 33.9730562)",7068187996,7068187995,0
756777857,False,service,20,parking_aisle,9.146,,Route_Sport,,,"LINESTRING (-6.8666699 33.972882, -6.8667518 33.9728356)",7068187997,7068187998,0
756777857,False,service,20,parking_aisle,15.47,,Route_Sport,,,"LINESTRING (-6.8666699 33.972882, -6.8665634 33.9729895)",7068187997,7068187996,0
756777857,False,service,20,parking_aisle,6.037,,Route_Sport,,,"LINESTRING (-6.8667518 33.9728356, -6.866786 33.9727893)",7068187998,7068187999,0
756777857,False,service,20,parking_aisle,9.146,,Route_Sport,,,"LINESTRING (-6.8667518 33.9728356, -6.8666699 33.972882)",7068187998,7068187997,0
756777857,False,service,20,parking_aisle,5.434,,Route_Sport,,,"LINESTRING (-6.866786 33.9727893, -6.8668155 33.972747)",7068187999,7068188000,0
756777857,False,service,20,parking_aisle,6.037,,Route_Sport,,,"LINESTRING (-6.866786 33.9727893, -6.8667518 33.9728356)",7068187999,7068187998,0
756777857,False,service,20,parking_aisle,8.303,,Route_Sport,,,"LINESTRING (-6.8668155 33.972747, -6.8668691 33.972687)",7068188000,7068188001,0
756777857,False,service,20,parking_aisle,5.434,,Route_Sport,,,"LINESTRING (-6.8668155 33.972747, -6.866786 33.9727893)",7068188000,7068187999,0
756777857,False,service,20,parking_aisle,7.431,,Route_Sport,,,"LINESTRING (-6.8668691 33.972687, -6.8669389 33.9726536)",7068188001,7068188002,0
756777857,False,service,20,parking_aisle,8.303,,Route_Sport,,,"LINESTRING (-6.8668691 33.972687, -6.8668155 33.972747)",7068188001,7068188000,0
756777857,False,service,20,parking_aisle,10.357,,Route_Sport,,,"LINESTRING (-6.8669389 33.9726536, -6.8670247 33.9725935)",7068188002,7068188003,0
756777857,False,service,20,parking_aisle,7.431,,Route_Sport,,,"LINESTRING (-6.8669389 33.9726536, -6.8668691 33.972687)",7068188002,7068188001,0
756777857,False,service,20,parking_aisle,14.058,,Route_Sport,,,"LINESTRING (-6.8670247 33.9725935, -6.8671105 33.972489)",7068188003,7068188004,0
756777857,False,service,20,parking_aisle,10.357,,Route_Sport,,,"LINESTRING (-6.8670247 33.9725935, -6.8669389 33.9726536)",7068188003,7068188002,0
756777857,False,service,20,parking_aisle,8.573,,Route_Sport,,,"LINESTRING (-6.8671105 33.972489, -6.8671749 33.9724334)",7068188004,7068188005,0
756777857,False,service,20,parking_aisle,14.058,,Route_Sport,,,"LINESTRING (-6.8671105 33.972489, -6.8670247 33.9725935)",7068188004,7068188003,0
756777857,False,service,20,parking_aisle,8.314,,Route_Sport,,,"LINESTRING (-6.8671749 33.9724334, -6.8672205 33.9723689)",7068188005,7068188006,0
756777857,False,service,20,parking_aisle,8.573,,Route_Sport,,,"LINESTRING (-6.8671749 33.9724334, -6.8671105 33.972489)",7068188005,7068188004,0
756777857,False,service,20,parking_aisle,9.702,,Route_Sport,,,"LINESTRING (-6.8672205 33.9723689, -6.8672849 33.9722999)",7068188006,7068188007,0
756777857,False,service,20,parking_aisle,8.314,,Route_Sport,,,"LINESTRING (-6.8672205 33.9723689, -6.8671749 33.9724334)",7068188006,7068188005,0
756777857,False,service,20,parking_aisle,9.702,,Route_Sport,,,"LINESTRING (-6.8672849 33.9722999, -6.8672205 33.9723689)",7068188007,7068188006,0
