u,v,key,osmid,oneway,highway,maxspeed,service,length,geometry,lanes,access,name,width
21070189,2008210258,0,101917979,True,service,30,driveway,62.0,"LINESTRING (-6.8544981 34.0019657, -6.8549764 34.0023577)",,,,
21070193,2008210253,0,101917979,True,service,30,driveway,6.142,"LINESTRING (-6.8554094 34.0019637, -6.8553568 34.0019298)",,,,
405933226,6775201989,0,240002999,True,residential,30,,5.532,"LINESTRING (-6.8850785 33.957516, -6.8851284 33.9574884)",1,destination,,
410910139,6726933022,0,264036339,True,primary,20,,15.311,"LINESTRING (-6.8385782 34.0133528, -6.8385923 34.01349)",2,,Avenue Ibn Toumert شارع ابن تومرت,
486077520,6958844607,0,255405180,False,living_street,20,,16.293,"LINESTRING (-6.8352449 34.0274805, -6.8351631 34.0273506)",,,Rue Porte Maoun,
486077522,6958844609,0,255400674,False,living_street,20,,8.279,"LINESTRING (-6.8341943 34.0280699, -6.8342679 34.0281126)",,,Rue des Consuls شارع القناصل,
486077522,6958844610,0,279226506,False,living_street,20,,13.311,"LINESTRING (-6.8341943 34.0280699, -6.8340773 34.0279997)",,,Rue des Consuls شارع القناصل,
486077546,6958844598,0,324493907,False,living_street,20,,8.373,"LINESTRING (-6.8348847 34.0266957, -6.8348506 34.0266259)",,,Derb El Fassi,8
486077546,2610975349,0,324493907,False,living_street,20,,2.941,"LINESTRING (-6.8348847 34.0266957, -6.8348927 34.0267213)",,,Derb El Fassi,8
486077570,3314756726,0,324803741,False,living_street,20,,12.756,"LINESTRING (-6.8342054 34.0257142, -6.8342903 34.0258048)",,,Derb El Fassi,
486077574,2697105809,0,279226507,False,living_street,20,,41.065,"LINESTRING (-6.8327956 34.0268325, -6.8330957 34.0271055)",,,Rue des Consuls شارع القناصل,
516664660,896416651,0,255400674,False,living_street,20,,27.906,"LINESTRING (-6.8347447 34.0285905, -6.8345776 34.0283812)",,,Rue des Consuls شارع القناصل,
516664660,3314747532,0,255400674,False,living_street,20,,6.562,"LINESTRING (-6.8347447 34.0285905, -6.8347831 34.0286402)",,,Rue des Consuls شارع القناصل,
896412494,6958844591,0,324493907,False,living_street,20,,10.177,"LINESTRING (-6.8345214 34.0260585, -6.834584 34.0261339)",,,Derb El Fassi,8
896412494,3314756726,0,324803741,False,living_street,20,,35.347,"LINESTRING (-6.8345214 34.0260585, -6.8342903 34.0258048)",,,Derb El Fassi,
896413590,3314827261,0,324493907,False,living_street,20,,3.515,"LINESTRING (-6.8346581 34.0262481, -6.8346421 34.0262194)",,,Derb El Fassi,8
896413590,6958844594,0,324493907,False,living_street,20,,6.314,"LINESTRING (-6.8346581 34.0262481, -6.8346789 34.0263022)",,,Derb El Fassi,8
896416284,3312042370,0,324493907,False,living_street,20,,5.883,"LINESTRING (-6.8347651 34.0264904, -6.8347365 34.0264431)",,,Derb El Fassi,8
896416284,6958844598,0,324493907,False,living_street,20,,17.003,"LINESTRING (-6.8347651 34.0264904, -6.8348506 34.0266259)",,,Derb El Fassi,8
896416651,2610928465,0,255400674,False,living_street,20,,16.933,"LINESTRING (-6.8345776 34.0283812, -6.8344625 34.0282625)",,,Rue des Consuls شارع القناصل,
896416651,516664660,0,255400674,False,living_street,20,,27.906,"LINESTRING (-6.8345776 34.0283812, -6.8347447 34.0285905)",,,Rue des Consuls شارع القناصل,
896417752,896424072,0,75923998,False,pedestrian,20,,45.317,"LINESTRING (-6.8277314 34.0267733, -6.8281879 34.0266218)",,,Rue du Mellah زنقة الملاح,
896417755,896421759,0,75923998,False,pedestrian,20,,12.673,"LINESTRING (-6.8303337 34.0258778, -6.8302071 34.0259223)",,,Rue du Mellah زنقة الملاح,
896417755,6774211908,0,75923998,False,pedestrian,20,,13.679,"LINESTRING (-6.8303337 34.0258778, -6.8304685 34.0258263)",,,Rue du Mellah زنقة الملاح,
896420293,896422214,0,75923998,False,pedestrian,20,,7.609,"LINESTRING (-6.8309441 34.0256191, -6.8308833 34.0256654)",,,Rue du Mellah زنقة الملاح,
896420293,3315253096,0,75923998,False,pedestrian,20,,40.083,"LINESTRING (-6.8309441 34.0256191, -6.8312789 34.025389)",,,Rue du Mellah زنقة الملاح,
896421759,896422711,0,75923998,False,pedestrian,20,,15.304,"LINESTRING (-6.8302071 34.0259223, -6.8300542 34.025976)",,,Rue du Mellah زنقة الملاح,
896421759,896417755,0,75923998,False,pedestrian,20,,12.673,"LINESTRING (-6.8302071 34.0259223, -6.8303337 34.0258778)",,,Rue du Mellah زنقة الملاح,
896422133,6774211912,0,75923998,False,pedestrian,20,,14.611,"LINESTRING (-6.8306786 34.0258434, -6.8305503 34.0259206)",,,Rue du Mellah زنقة الملاح,
896422133,6958844685,0,75923998,False,pedestrian,20,,7.227,"LINESTRING (-6.8306786 34.0258434, -6.8307424 34.0258056)",,,Rue du Mellah زنقة الملاح,
896422214,6958844686,0,75923998,False,pedestrian,20,,8.335,"LINESTRING (-6.8308833 34.0256654, -6.8308286 34.0257251)",,,Rue du Mellah زنقة الملاح,
896422214,896420293,0,75923998,False,pedestrian,20,,7.609,"LINESTRING (-6.8308833 34.0256654, -6.8309441 34.0256191)",,,Rue du Mellah زنقة الملاح,
896422711,896422884,0,75923998,False,pedestrian,20,,13.6,"LINESTRING (-6.8300542 34.025976, -6.8299199 34.0260267)",,,Rue du Mellah زنقة الملاح,
896422711,896421759,0,75923998,False,pedestrian,20,,15.304,"LINESTRING (-6.8300542 34.025976, -6.8302071 34.0259223)",,,Rue du Mellah زنقة الملاح,
896422884,896423004,0,75923998,False,pedestrian,20,,10.885,"LINESTRING (-6.8299199 34.0260267, -6.8298113 34.0260652)",,,Rue du Mellah زنقة الملاح,
896422884,896422711,0,75923998,False,pedestrian,20,,13.6,"LINESTRING (-6.8299199 34.0260267, -6.8300542 34.025976)",,,Rue du Mellah زنقة الملاح,
896423004,6958844684,0,75923998,False,pedestrian,20,,20.488,"LINESTRING (-6.8298113 34.0260652, -6.8296063 34.0261365)",,,Rue du Mellah زنقة الملاح,
896423004,896422884,0,75923998,False,pedestrian,20,,10.885,"LINESTRING (-6.8298113 34.0260652, -6.8299199 34.0260267)",,,Rue du Mellah زنقة الملاح,
896423248,6958844650,0,75923998,False,pedestrian,20,,26.206,"LINESTRING (-6.8295604 34.0261524, -6.8292999 34.0262469)",,,Rue du Mellah زنقة الملاح,
896423248,6958844684,0,75923998,False,pedestrian,20,,4.585,"LINESTRING (-6.8295604 34.0261524, -6.8296063 34.0261365)",,,Rue du Mellah زنقة الملاح,
896423384,6958844642,0,75923998,False,pedestrian,20,,24.741,"LINESTRING (-6.8292749 34.026256, -6.8290271 34.0263416)",,,Rue du Mellah زنقة الملاح,
896423384,6958844650,0,75923998,False,pedestrian,20,,2.516,"LINESTRING (-6.8292749 34.026256, -6.8292999 34.0262469)",,,Rue du Mellah زنقة الملاح,
896423529,6958844662,0,75923998,False,pedestrian,20,,21.123,"LINESTRING (-6.8289843 34.0263564, -6.8287718 34.0264276)",,,Rue du Mellah زنقة الملاح,
896423529,6958844642,0,75923998,False,pedestrian,20,,4.274,"LINESTRING (-6.8289843 34.0263564, -6.8290271 34.0263416)",,,Rue du Mellah زنقة الملاح,
896423611,896423891,0,75923998,False,pedestrian,20,,18.711,"LINESTRING (-6.8287145 34.0264468, -6.828525 34.0265072)",,,Rue du Mellah زنقة الملاح,
896423611,6958844662,0,75923998,False,pedestrian,20,,5.696,"LINESTRING (-6.8287145 34.0264468, -6.8287718 34.0264276)",,,Rue du Mellah زنقة الملاح,
896423822,896423992,0,75923998,False,pedestrian,20,,18.585,"LINESTRING (-6.8284327 34.0265375, -6.8282468 34.0266023)",,,Rue du Mellah زنقة الملاح,
896423822,896423891,0,75923998,False,pedestrian,20,,9.149,"LINESTRING (-6.8284327 34.0265375, -6.828525 34.0265072)",,,Rue du Mellah زنقة الملاح,
896423891,896423822,0,75923998,False,pedestrian,20,,9.149,"LINESTRING (-6.828525 34.0265072, -6.8284327 34.0265375)",,,Rue du Mellah زنقة الملاح,
896423891,896423611,0,75923998,False,pedestrian,20,,18.711,"LINESTRING (-6.828525 34.0265072, -6.8287145 34.0264468)",,,Rue du Mellah زنقة الملاح,
896423992,896424072,0,75923998,False,pedestrian,20,,5.845,"LINESTRING (-6.8282468 34.0266023, -6.8281879 34.0266218)",,,Rue du Mellah زنقة الملاح,
896423992,896423822,0,75923998,False,pedestrian,20,,18.585,"LINESTRING (-6.8282468 34.0266023, -6.8284327 34.0265375)",,,Rue du Mellah زنقة الملاح,
896424072,896417752,0,75923998,False,pedestrian,20,,45.317,"LINESTRING (-6.8281879 34.0266218, -6.8277314 34.0267733)",,,Rue du Mellah زنقة الملاح,
896424072,896423992,0,75923998,False,pedestrian,20,,5.845,"LINESTRING (-6.8281879 34.0266218, -6.8282468 34.0266023)",,,Rue du Mellah زنقة الملاح,
1686040423,6726933040,0,264036339,True,primary,20,,2.98,"LINESTRING (-6.8384458 34.0148565, -6.8384609 34.0148802)",2,,Avenue Ibn Toumert شارع ابن تومرت,
1686040425,4501133372,0,264036339,True,primary,20,,16.409,"LINESTRING (-6.8385447 34.0138369, -6.8384998 34.0139797)",2,,Avenue Ibn Toumert شارع ابن تومرت,
1686040451,6726933037,0,264036339,True,primary,20,,9.834,"LINESTRING (-6.8385903 34.0136301, -6.8385775 34.0137179)",2,,Avenue Ibn Toumert شارع ابن تومرت,
1772520942,2610928464,0,255400674,False,living_street,20,,8.307,"LINESTRING (-6.8352227 34.029337, -6.8352342 34.0292629)",,,Rue des Consuls شارع القناصل,
2008210258,6840277725,0,101917979,True,service,30,driveway,27.755,"LINESTRING (-6.8549764 34.0023577, -6.8551905 34.0021822)",,,,
2189092203,6769303596,0,208636990,False,unclassified,20,,5.503,"LINESTRING (-6.8640284 33.9811232, -6.8639915 33.9811621)",1,,Accès principal,
2189092203,6925637362,0,208636990,False,unclassified,20,,16.988,"LINESTRING (-6.8640284 33.9811232, -6.8641438 33.9810041)",1,,Accès principal,
2189092296,6769303590,0,208636990,False,unclassified,20,,16.499,"LINESTRING (-6.8642221 33.9814835, -6.864082 33.9813912)",1,,Accès principal,
2189092297,6769303588,0,208636990,False,unclassified,20,,11.785,"LINESTRING (-6.8644562 33.9806339, -6.8643958 33.9807273)",1,,Accès principal,
2189092297,6769320229,0,208636990,False,unclassified,20,,12.975,"LINESTRING (-6.8644562 33.9806339, -6.8645239 33.9805316)",1,,Accès principal,
2189092321,6769320229,0,208636990,False,unclassified,20,,10.704,"LINESTRING (-6.8645795 33.9804471, -6.8645239 33.9805316)",1,,Accès principal,
2423964909,6969816730,0,609299334,False,tertiary,20,,14.315,"LINESTRING (-6.8514026 33.9933788, -6.851399 33.9935075)",4,,Avenue Ibn Sina شارع ابن سينا,
2423964909,5771399828,0,609299334,False,tertiary,20,,44.912,"LINESTRING (-6.8514026 33.9933788, -6.8514008 33.9929749)",4,,Avenue Ibn Sina شارع ابن سينا,
2477699045,6775179269,0,240002999,True,residential,30,,17.814,"LINESTRING (-6.885597 33.9571282, -6.8857187 33.9570038)",1,destination,,
2477699048,6800135686,0,240002999,True,residential,30,,10.197,"LINESTRING (-6.8867215 33.9559418, -6.886771 33.9558598)",1,destination,,
2610928464,6850964658,0,255400674,False,living_street,20,,3.782,"LINESTRING (-6.8352342 34.0292629, -6.8352296 34.0292291)",,,Rue des Consuls شارع القناصل,
2610928464,1772520942,0,255400674,False,living_street,20,,8.307,"LINESTRING (-6.8352342 34.0292629, -6.8352227 34.029337)",,,Rue des Consuls شارع القناصل,
2610928465,6958844608,0,255400674,False,living_street,20,,11.709,"LINESTRING (-6.8344625 34.0282625, -6.8343743 34.0281867)",,,Rue des Consuls شارع القناصل,
2610928465,896416651,0,255400674,False,living_street,20,,16.933,"LINESTRING (-6.8344625 34.0282625, -6.8345776 34.0283812)",,,Rue des Consuls شارع القناصل,
2610947145,3315216439,0,279226506,False,living_street,20,,12.985,"LINESTRING (-6.8338677 34.0278502, -6.8339731 34.0279277)",,,Rue des Consuls شارع القناصل,
2610947145,6774211914,0,279226507,False,living_street,20,,30.256,"LINESTRING (-6.8338677 34.0278502, -6.8336503 34.0276463)",,,Rue des Consuls شارع القناصل,
2610947146,6774211913,0,279226507,False,living_street,20,,28.31,"LINESTRING (-6.8334587 34.0274589, -6.8332609 34.0272641)",,,Rue des Consuls شارع القناصل,
2610947146,6774211914,0,279226507,False,living_street,20,,27.313,"LINESTRING (-6.8334587 34.0274589, -6.8336503 34.0276463)",,,Rue des Consuls شارع القناصل,
2610951213,6850964672,0,255405180,False,living_street,20,,2.135,"LINESTRING (-6.8350302 34.0270266, -6.8350092 34.0270347)",,,Rue Porte Maoun,
2610951213,2610975346,0,255405180,False,living_street,20,,23.078,"LINESTRING (-6.8350302 34.0270266, -6.8351523 34.0272078)",,,Rue Porte Maoun,
2610975346,2610951213,0,255405180,False,living_street,20,,23.078,"LINESTRING (-6.8351523 34.0272078, -6.8350302 34.0270266)",,,Rue Porte Maoun,
2610975346,6850964674,0,255405180,False,living_street,20,,5.421,"LINESTRING (-6.8351523 34.0272078, -6.8351003 34.0272306)",,,Rue Porte Maoun,
2610975349,6958844603,0,255405180,False,living_street,20,,5.138,"LINESTRING (-6.8348927 34.0267213, -6.8349043 34.0267665)",,,Rue Porte Maoun,
2610975349,486077546,0,324493907,False,living_street,20,,2.941,"LINESTRING (-6.8348927 34.0267213, -6.8348847 34.0266957)",,,Derb El Fassi,8
2697105809,486077574,0,279226507,False,living_street,20,,41.065,"LINESTRING (-6.8330957 34.0271055, -6.8327956 34.0268325)",,,Rue des Consuls شارع القناصل,
2697105809,6958844612,0,279226507,False,living_street,20,,5.4,"LINESTRING (-6.8330957 34.0271055, -6.8331338 34.0271424)",,,Rue des Consuls شارع القناصل,
3312042370,6850964650,0,324493907,False,living_street,20,,6.162,"LINESTRING (-6.8347365 34.0264431, -6.8347115 34.0263917)",,,Derb El Fassi,8
3312042370,896416284,0,324493907,False,living_street,20,,5.883,"LINESTRING (-6.8347365 34.0264431, -6.8347651 34.0264904)",,,Derb El Fassi,8
3312042371,6958844594,0,324493907,False,living_street,20,,4.865,"LINESTRING (-6.8346937 34.0263442, -6.8346789 34.0263022)",,,Derb El Fassi,8
3312042371,6850964650,0,324493907,False,living_street,20,,5.531,"LINESTRING (-6.8346937 34.0263442, -6.8347115 34.0263917)",,,Derb El Fassi,8
3314747532,516664660,0,255400674,False,living_street,20,,6.562,"LINESTRING (-6.8347831 34.0286402, -6.8347447 34.0285905)",,,Rue des Consuls شارع القناصل,
3314747532,6958844005,0,255400674,False,living_street,20,,34.77,"LINESTRING (-6.8347831 34.0286402, -6.8349885 34.0289025)",,,Rue des Consuls شارع القناصل,
3314756726,486077570,0,324803741,False,living_street,20,,12.756,"LINESTRING (-6.8342903 34.0258048, -6.8342054 34.0257142)",,,Derb El Fassi,
3314756726,896412494,0,324803741,False,living_street,20,,35.347,"LINESTRING (-6.8342903 34.0258048, -6.8345214 34.0260585)",,,Derb El Fassi,
3314827261,6958844591,0,324493907,False,living_street,20,,10.911,"LINESTRING (-6.8346421 34.0262194, -6.834584 34.0261339)",,,Derb El Fassi,8
3314827261,896413590,0,324493907,False,living_street,20,,3.515,"LINESTRING (-6.8346421 34.0262194, -6.8346581 34.0262481)",,,Derb El Fassi,8
3315212021,6958844685,0,75923998,False,pedestrian,20,,4.831,"LINESTRING (-6.8307776 34.0257734, -6.8307424 34.0258056)",,,Rue du Mellah زنقة الملاح,
3315212021,6958844686,0,75923998,False,pedestrian,20,,7.137,"LINESTRING (-6.8307776 34.0257734, -6.8308286 34.0257251)",,,Rue du Mellah زنقة الملاح,
3315216439,2610947145,0,279226506,False,living_street,20,,12.985,"LINESTRING (-6.8339731 34.0279277, -6.8338677 34.0278502)",,,Rue des Consuls شارع القناصل,
3315216439,6958844610,0,279226506,False,living_street,20,,12.502,"LINESTRING (-6.8339731 34.0279277, -6.8340773 34.0279997)",,,Rue des Consuls شارع القناصل,
3315253096,896420293,0,75923998,False,pedestrian,20,,40.083,"LINESTRING (-6.8312789 34.025389, -6.8309441 34.0256191)",,,Rue du Mellah زنقة الملاح,
4460652052,6726933041,0,264036339,True,primary,20,,8.864,"LINESTRING (-6.8384575 34.0141203, -6.838434 34.0141976)",2,,Avenue Ibn Toumert شارع ابن تومرت,
4460652053,6726933044,0,264036339,True,primary,20,,12.978,"LINESTRING (-6.8384106 34.0144427, -6.8384126 34.0145594)",2,,Avenue Ibn Toumert شارع ابن تومرت,
4460652055,6727197402,0,264036339,True,primary,20,,0.681,"LINESTRING (-6.8385046 34.0149391, -6.8385087 34.0149442)",2,,Avenue Ibn Toumert شارع ابن تومرت,
4501133372,4460652052,0,264036339,True,primary,20,,16.113,"LINESTRING (-6.8384998 34.0139797, -6.8384575 34.0141203)",2,,Avenue Ibn Toumert شارع ابن تومرت,
5771399828,2423964909,0,609299334,False,tertiary,20,,44.912,"LINESTRING (-6.8514008 33.9929749, -6.8514026 33.9933788)",4,,Avenue Ibn Sina شارع ابن سينا,
5771399829,6969816730,0,609299334,False,tertiary,20,,7.919,"LINESTRING (-6.851397 33.9935787, -6.851399 33.9935075)",4,,Avenue Ibn Sina شارع ابن سينا,
5790236003,6775179270,0,240002999,True,residential,30,,15.732,"LINESTRING (-6.8859148 33.9568073, -6.8860198 33.9566958)",1,destination,,
5790236005,6775179271,0,240002999,True,residential,30,,12.572,"LINESTRING (-6.8862957 33.9563999, -6.8863839 33.9563137)",1,destination,,
5790236007,6800103856,0,240002999,True,residential,30,,6.097,"LINESTRING (-6.8866729 33.9560067, -6.8867105 33.9559616)",1,destination,,
6726933022,1686040451,0,264036339,True,primary,20,,15.58,"LINESTRING (-6.8385923 34.01349, -6.8385903 34.0136301)",2,,Avenue Ibn Toumert شارع ابن تومرت,
6726933037,1686040425,0,264036339,True,primary,20,,13.573,"LINESTRING (-6.8385775 34.0137179, -6.8385447 34.0138369)",2,,Avenue Ibn Toumert شارع ابن تومرت,
6726933038,6726933039,0,264036339,True,primary,20,,11.784,"LINESTRING (-6.8384253 34.0147084, -6.8384361 34.014814)",2,,Avenue Ibn Toumert شارع ابن تومرت,
6726933039,1686040423,0,264036339,True,primary,20,,4.81,"LINESTRING (-6.8384361 34.014814, -6.8384458 34.0148565)",2,,Avenue Ibn Toumert شارع ابن تومرت,
6726933040,6726933045,0,264036339,True,primary,20,,3.244,"LINESTRING (-6.8384609 34.0148802, -6.838478 34.0149057)",2,,Avenue Ibn Toumert شارع ابن تومرت,
6726933041,6726933043,0,264036339,True,primary,20,,12.332,"LINESTRING (-6.838434 34.0141976, -6.8384179 34.0143077)",2,,Avenue Ibn Toumert شارع ابن تومرت,
6726933042,4460652053,0,264036339,True,primary,20,,7.23,"LINESTRING (-6.8384126 34.0143777, -6.8384106 34.0144427)",2,,Avenue Ibn Toumert شارع ابن تومرت,
6726933043,6726933042,0,264036339,True,primary,20,,7.799,"LINESTRING (-6.8384179 34.0143077, -6.8384126 34.0143777)",2,,Avenue Ibn Toumert شارع ابن تومرت,
6726933044,6726933038,0,264036339,True,primary,20,,16.609,"LINESTRING (-6.8384126 34.0145594, -6.8384253 34.0147084)",2,,Avenue Ibn Toumert شارع ابن تومرت,
6726933045,4460652055,0,264036339,True,primary,20,,4.45,"LINESTRING (-6.838478 34.0149057, -6.8385046 34.0149391)",2,,Avenue Ibn Toumert شارع ابن تومرت,
6726933046,6727197403,0,264036339,True,primary,20,,1.725,"LINESTRING (-6.8385291 34.0149728, -6.8385374 34.0149867)",2,,Avenue Ibn Toumert شارع ابن تومرت,
6726933047,6726933046,0,264036339,True,primary,20,,2.623,"LINESTRING (-6.8385148 34.0149524, -6.8385291 34.0149728)",2,,Avenue Ibn Toumert شارع ابن تومرت,
6726933048,1686040428,0,264036339,True,primary,20,,2.522,"LINESTRING (-6.8385418 34.0149944, -6.8385527 34.0150152)",2,,Avenue Ibn Toumert شارع ابن تومرت,
6727197402,6726933047,0,264036339,True,primary,20,,1.071,"LINESTRING (-6.8385087 34.0149442, -6.8385148 34.0149524)",2,,Avenue Ibn Toumert شارع ابن تومرت,
6727197403,6726933048,0,264036339,True,primary,20,,0.947,"LINESTRING (-6.8385374 34.0149867, -6.8385418 34.0149944)",2,,Avenue Ibn Toumert شارع ابن تومرت,
6757497151,6769481195,0,721631637,False,pedestrian,20,,53.975,"LINESTRING (-6.8682817 33.9743982, -6.8679249 33.974783)",,,veto_route,
6769303587,6769303589,0,208636990,False,unclassified,20,,16.46,"LINESTRING (-6.8643475 33.9807918, -6.8642369 33.980908)",1,,Accès principal,
6769303587,6769303588,0,208636990,False,unclassified,20,,8.442,"LINESTRING (-6.8643475 33.9807918, -6.8643958 33.9807273)",1,,Accès principal,
6769303588,6769303587,0,208636990,False,unclassified,20,,8.442,"LINESTRING (-6.8643958 33.9807273, -6.8643475 33.9807918)",1,,Accès principal,
6769303588,2189092297,0,208636990,False,unclassified,20,,11.785,"LINESTRING (-6.8643958 33.9807273, -6.8644562 33.9806339)",1,,Accès principal,
6769303589,6925637362,0,208636990,False,unclassified,20,,13.707,"LINESTRING (-6.8642369 33.980908, -6.8641438 33.9810041)",1,,Accès principal,
6769303589,6769303587,0,208636990,False,unclassified,20,,16.46,"LINESTRING (-6.8642369 33.980908, -6.8643475 33.9807918)",1,,Accès principal,
6769303590,2189092296,0,208636990,False,unclassified,20,,16.499,"LINESTRING (-6.864082 33.9813912, -6.8642221 33.9814835)",1,,Accès principal,
6769303590,6769303591,0,208636990,False,unclassified,20,,8.807,"LINESTRING (-6.864082 33.9813912, -6.8640063 33.9813429)",1,,Accès principal,
6769303591,6769303590,0,208636990,False,unclassified,20,,8.807,"LINESTRING (-6.8640063 33.9813429, -6.864082 33.9813912)",1,,Accès principal,
6769303591,7042486050,0,208636990,False,unclassified,20,,2.706,"LINESTRING (-6.8640063 33.9813429, -6.8639831 33.981328)",1,,Accès principal,
6769303592,7042486050,0,208636990,False,unclassified,20,,4.353,"LINESTRING (-6.8639459 33.9813039, -6.8639831 33.981328)",1,,Accès principal,
6769303592,6769303593,0,208636990,False,unclassified,20,,2.71,"LINESTRING (-6.8639459 33.9813039, -6.8639291 33.9812839)",1,,Accès principal,
6769303593,6769303592,0,208636990,False,unclassified,20,,2.71,"LINESTRING (-6.8639291 33.9812839, -6.8639459 33.9813039)",1,,Accès principal,
6769303593,6770127105,0,208636990,False,unclassified,20,,2.096,"LINESTRING (-6.8639291 33.9812839, -6.8639254 33.9812653)",1,,Accès principal,
6769303593,6925637372,0,739669222,False,service,20,,42.815,"LINESTRING (-6.8639291 33.9812839, -6.8635744 33.9810354)",,,Parking_etudiant,
6769303594,6770127105,0,208636990,False,unclassified,20,,2.272,"LINESTRING (-6.8639298 33.9812452, -6.8639254 33.9812653)",1,,Accès principal,
6769303594,6769303595,0,208636990,False,unclassified,20,,3.892,"LINESTRING (-6.8639298 33.9812452, -6.8639505 33.9812147)",1,,Accès principal,
6769303595,6769303594,0,208636990,False,unclassified,20,,3.892,"LINESTRING (-6.8639505 33.9812147, -6.8639298 33.9812452)",1,,Accès principal,
6769303595,6769303596,0,208636990,False,unclassified,20,,6.964,"LINESTRING (-6.8639505 33.9812147, -6.8639915 33.9811621)",1,,Accès principal,
6769303596,6769303595,0,208636990,False,unclassified,20,,6.964,"LINESTRING (-6.8639915 33.9811621, -6.8639505 33.9812147)",1,,Accès principal,
6769303596,2189092203,0,208636990,False,unclassified,20,,5.503,"LINESTRING (-6.8639915 33.9811621, -6.8640284 33.9811232)",1,,Accès principal,
6769320229,2189092297,0,208636990,False,unclassified,20,,12.975,"LINESTRING (-6.8645239 33.9805316, -6.8644562 33.9806339)",1,,Accès principal,
6769320229,2189092321,0,208636990,False,unclassified,20,,10.704,"LINESTRING (-6.8645239 33.9805316, -6.8645795 33.9804471)",1,,Accès principal,
6769436481,6769436483,0,240002999,True,residential,30,,6.383,"LINESTRING (-6.8852118 33.9574304, -6.8852644 33.9573931)",1,destination,,
6769436482,6769436481,0,240002999,True,residential,30,,6.524,"LINESTRING (-6.8851578 33.9574683, -6.8852118 33.9574304)",1,destination,,
6769436483,6775201990,0,240002999,True,residential,30,,11.038,"LINESTRING (-6.8852644 33.9573931, -6.8853526 33.957326)",1,destination,,
6769481194,6769481219,0,721631637,False,pedestrian,20,,40.91,"LINESTRING (-6.8665181 33.9770129, -6.8667501 33.9773265)",,,veto_route,
6769481194,6769481208,0,721631637,False,pedestrian,20,,19.579,"LINESTRING (-6.8665181 33.9770129, -6.8664095 33.9768616)",,,veto_route,
6769481195,6769481196,0,721631637,False,pedestrian,20,,40.018,"LINESTRING (-6.8679249 33.974783, -6.8676527 33.9750633)",,,veto_route,
6769481195,6757497151,0,721631637,False,pedestrian,20,,53.975,"LINESTRING (-6.8679249 33.974783, -6.8682817 33.9743982)",,,veto_route,
6769481196,6769481207,0,721631637,False,pedestrian,20,,31.294,"LINESTRING (-6.8676527 33.9750633, -6.8674388 33.9752818)",,,veto_route,
6769481196,6769481195,0,721631637,False,pedestrian,20,,40.018,"LINESTRING (-6.8676527 33.9750633, -6.8679249 33.974783)",,,veto_route,
6769481197,6769481215,0,721631637,False,pedestrian,20,,12.309,"LINESTRING (-6.8669312 33.9759341, -6.8668467 33.9760198)",,,veto_route,
6769481197,6769481216,0,721631637,False,pedestrian,20,,17.438,"LINESTRING (-6.8669312 33.9759341, -6.8670559 33.9758162)",,,veto_route,
6769481198,6769481216,0,721631637,False,pedestrian,20,,15.157,"LINESTRING (-6.8671565 33.9757084, -6.8670559 33.9758162)",,,veto_route,
6769481198,6769481203,0,721631637,False,pedestrian,20,,12.618,"LINESTRING (-6.8671565 33.9757084, -6.8672477 33.9756238)",,,veto_route,
6769481199,6769481202,0,721631637,False,pedestrian,20,,2.985,"LINESTRING (-6.8672685 33.9755688, -6.8672651 33.9755955)",,,veto_route,
6769481199,6769481201,0,721631637,False,pedestrian,20,,2.728,"LINESTRING (-6.8672685 33.9755688, -6.8672618 33.9755449)",,,veto_route,
6769481200,6769481201,0,721631637,False,pedestrian,20,,4.098,"LINESTRING (-6.8672577 33.9755082, -6.8672618 33.9755449)",,,veto_route,
6769481200,6769481204,0,721631637,False,pedestrian,20,,3.111,"LINESTRING (-6.8672577 33.9755082, -6.8672651 33.9754809)",,,veto_route,
6769481201,6769481199,0,721631637,False,pedestrian,20,,2.728,"LINESTRING (-6.8672618 33.9755449, -6.8672685 33.9755688)",,,veto_route,
6769481201,6769481200,0,721631637,False,pedestrian,20,,4.098,"LINESTRING (-6.8672618 33.9755449, -6.8672577 33.9755082)",,,veto_route,
6769481202,6769481203,0,721631637,False,pedestrian,20,,3.532,"LINESTRING (-6.8672651 33.9755955, -6.8672477 33.9756238)",,,veto_route,
6769481202,6769481199,0,721631637,False,pedestrian,20,,2.985,"LINESTRING (-6.8672651 33.9755955, -6.8672685 33.9755688)",,,veto_route,
6769481203,6769481198,0,721631637,False,pedestrian,20,,12.618,"LINESTRING (-6.8672477 33.9756238, -6.8671565 33.9757084)",,,veto_route,
6769481203,6769481202,0,721631637,False,pedestrian,20,,3.532,"LINESTRING (-6.8672477 33.9756238, -6.8672651 33.9755955)",,,veto_route,
6769481204,6769481200,0,721631637,False,pedestrian,20,,3.111,"LINESTRING (-6.8672651 33.9754809, -6.8672577 33.9755082)",,,veto_route,
6769481204,6769481205,0,721631637,False,pedestrian,20,,6.318,"LINESTRING (-6.8672651 33.9754809, -6.8673 33.975432)",,,veto_route,
6769481205,6769481204,0,721631637,False,pedestrian,20,,6.318,"LINESTRING (-6.8673 33.975432, -6.8672651 33.9754809)",,,veto_route,
6769481205,6769481206,0,721631637,False,pedestrian,20,,7.729,"LINESTRING (-6.8673 33.975432, -6.8673503 33.9753764)",,,veto_route,
6769481206,6769481205,0,721631637,False,pedestrian,20,,7.729,"LINESTRING (-6.8673503 33.9753764, -6.8673 33.975432)",,,veto_route,
6769481206,6769481207,0,721631637,False,pedestrian,20,,13.313,"LINESTRING (-6.8673503 33.9753764, -6.8674388 33.9752818)",,,veto_route,
6769481207,6769481206,0,721631637,False,pedestrian,20,,13.313,"LINESTRING (-6.8674388 33.9752818, -6.8673503 33.9753764)",,,veto_route,
6769481207,6769481196,0,721631637,False,pedestrian,20,,31.294,"LINESTRING (-6.8674388 33.9752818, -6.8676527 33.9750633)",,,veto_route,
6769481208,6769481194,0,721631637,False,pedestrian,20,,19.579,"LINESTRING (-6.8664095 33.9768616, -6.8665181 33.9770129)",,,veto_route,
6769481208,6769481217,0,721631637,False,pedestrian,20,,13.034,"LINESTRING (-6.8664095 33.9768616, -6.8663572 33.9767527)",,,veto_route,
6769481209,6769481217,0,721631637,False,pedestrian,20,,8.224,"LINESTRING (-6.8663384 33.9766804, -6.8663572 33.9767527)",,,veto_route,
6769481209,6769481210,0,721631637,False,pedestrian,20,,7.118,"LINESTRING (-6.8663384 33.9766804, -6.8663491 33.976617)",,,veto_route,
6769481210,6769481209,0,721631637,False,pedestrian,20,,7.118,"LINESTRING (-6.8663491 33.976617, -6.8663384 33.9766804)",,,veto_route,
6769481210,6769481211,0,721631637,False,pedestrian,20,,6.773,"LINESTRING (-6.8663491 33.976617, -6.8663719 33.9765591)",,,veto_route,
6769481211,6769481210,0,721631637,False,pedestrian,20,,6.773,"LINESTRING (-6.8663719 33.9765591, -6.8663491 33.976617)",,,veto_route,
6769481211,6769481212,0,721631637,False,pedestrian,20,,12.858,"LINESTRING (-6.8663719 33.9765591, -6.8664417 33.976459)",,,veto_route,
6769481212,6769481211,0,721631637,False,pedestrian,20,,12.858,"LINESTRING (-6.8664417 33.976459, -6.8663719 33.9765591)",,,veto_route,
6769481212,7068175050,0,721631637,False,pedestrian,20,,6.598,"LINESTRING (-6.8664417 33.976459, -6.8664831 33.9764106)",,,veto_route,
6769481213,7068175050,0,721631637,False,pedestrian,20,,7.501,"LINESTRING (-6.8665302 33.9763556, -6.8664831 33.9764106)",,,veto_route,
6769481213,6769481214,0,721631637,False,pedestrian,20,,21.091,"LINESTRING (-6.8665302 33.9763556, -6.8666683 33.9762044)",,,veto_route,
6769481214,6769481213,0,721631637,False,pedestrian,20,,21.091,"LINESTRING (-6.8666683 33.9762044, -6.8665302 33.9763556)",,,veto_route,
6769481214,6769481215,0,721631637,False,pedestrian,20,,26.305,"LINESTRING (-6.8666683 33.9762044, -6.8668467 33.9760198)",,,veto_route,
6769481215,6769481214,0,721631637,False,pedestrian,20,,26.305,"LINESTRING (-6.8668467 33.9760198, -6.8666683 33.9762044)",,,veto_route,
6769481215,6769481197,0,721631637,False,pedestrian,20,,12.309,"LINESTRING (-6.8668467 33.9760198, -6.8669312 33.9759341)",,,veto_route,
6769481216,6769481197,0,721631637,False,pedestrian,20,,17.438,"LINESTRING (-6.8670559 33.9758162, -6.8669312 33.9759341)",,,veto_route,
6769481216,6769481198,0,721631637,False,pedestrian,20,,15.157,"LINESTRING (-6.8670559 33.9758162, -6.8671565 33.9757084)",,,veto_route,
6769481217,6769481208,0,721631637,False,pedestrian,20,,13.034,"LINESTRING (-6.8663572 33.9767527, -6.8664095 33.9768616)",,,veto_route,
6769481217,6769481209,0,721631637,False,pedestrian,20,,8.224,"LINESTRING (-6.8663572 33.9767527, -6.8663384 33.9766804)",,,veto_route,
6769481218,6769481220,0,721631637,False,pedestrian,20,,30.922,"LINESTRING (-6.8669043 33.9775612, -6.867071 33.9778025)",,,veto_route,
6769481218,6769481219,0,721631637,False,pedestrian,20,,29.72,"LINESTRING (-6.8669043 33.9775612, -6.8667501 33.9773265)",,,veto_route,
6769481219,6769481218,0,721631637,False,pedestrian,20,,29.72,"LINESTRING (-6.8667501 33.9773265, -6.8669043 33.9775612)",,,veto_route,
6769481219,6769481194,0,721631637,False,pedestrian,20,,40.91,"LINESTRING (-6.8667501 33.9773265, -6.8665181 33.9770129)",,,veto_route,
6769481220,6769481218,0,721631637,False,pedestrian,20,,30.922,"LINESTRING (-6.867071 33.9778025, -6.8669043 33.9775612)",,,veto_route,
6770127105,6769303593,0,208636990,False,unclassified,20,,2.096,"LINESTRING (-6.8639254 33.9812653, -6.8639291 33.9812839)",1,,Accès principal,
6770127105,6769303594,0,208636990,False,unclassified,20,,2.272,"LINESTRING (-6.8639254 33.9812653, -6.8639298 33.9812452)",1,,Accès principal,
6774211908,896417755,0,75923998,False,pedestrian,20,,13.679,"LINESTRING (-6.8304685 34.0258263, -6.8303337 34.0258778)",,,Rue du Mellah زنقة الملاح,
6774211908,6774211912,0,75923998,False,pedestrian,20,,12.914,"LINESTRING (-6.8304685 34.0258263, -6.8305503 34.0259206)",,,Rue du Mellah زنقة الملاح,
6774211912,6774211908,0,75923998,False,pedestrian,20,,12.914,"LINESTRING (-6.8305503 34.0259206, -6.8304685 34.0258263)",,,Rue du Mellah زنقة الملاح,
6774211912,896422133,0,75923998,False,pedestrian,20,,14.611,"LINESTRING (-6.8305503 34.0259206, -6.8306786 34.0258434)",,,Rue du Mellah زنقة الملاح,
6774211913,6958844612,0,279226507,False,living_street,20,,17.897,"LINESTRING (-6.8332609 34.0272641, -6.8331338 34.0271424)",,,Rue des Consuls شارع القناصل,
6774211913,2610947146,0,279226507,False,living_street,20,,28.31,"LINESTRING (-6.8332609 34.0272641, -6.8334587 34.0274589)",,,Rue des Consuls شارع القناصل,
6774211914,2610947146,0,279226507,False,living_street,20,,27.313,"LINESTRING (-6.8336503 34.0276463, -6.8334587 34.0274589)",,,Rue des Consuls شارع القناصل,
6774211914,2610947145,0,279226507,False,living_street,20,,30.256,"LINESTRING (-6.8336503 34.0276463, -6.8338677 34.0278502)",,,Rue des Consuls شارع القناصل,
6775179269,5790236003,0,240002999,True,residential,30,,28.364,"LINESTRING (-6.8857187 33.9570038, -6.8859148 33.9568073)",1,destination,,
6775179270,5790236005,0,240002999,True,residential,30,,41.595,"LINESTRING (-6.8860198 33.9566958, -6.8862957 33.9563999)",1,destination,,
6775179271,6775179274,0,240002999,True,residential,30,,14.44,"LINESTRING (-6.8863839 33.9563137, -6.8864811 33.9562119)",1,destination,,
6775179272,6775179273,0,240002999,True,residential,30,,8.482,"LINESTRING (-6.8865522 33.9561363, -6.8866079 33.9560756)",1,destination,,
6775179273,5790236007,0,240002999,True,residential,30,,9.728,"LINESTRING (-6.8866079 33.9560756, -6.8866729 33.9560067)",1,destination,,
6775179274,6775179272,0,240002999,True,residential,30,,10.662,"LINESTRING (-6.8864811 33.9562119, -6.8865522 33.9561363)",1,destination,,
6775201989,6769436482,0,240002999,True,residential,30,,3.514,"LINESTRING (-6.8851284 33.9574884, -6.8851578 33.9574683)",1,destination,,
6775201990,6775201991,0,240002999,True,residential,30,,11.2,"LINESTRING (-6.8853526 33.957326, -6.8854414 33.9572573)",1,destination,,
6775201991,2477699045,0,240002999,True,residential,30,,20.299,"LINESTRING (-6.8854414 33.9572573, -6.885597 33.9571282)",1,destination,,
6800103856,2477699048,0,240002999,True,residential,30,,2.424,"LINESTRING (-6.8867105 33.9559616, -6.8867215 33.9559418)",1,destination,,
6800135690,405933226,0,240002999,True,residential,30,,12.945,"LINESTRING (-6.8849382 33.9575192, -6.8850785 33.957516)",1,destination,,
6840277725,6840277726,0,101917979,True,service,30,driveway,26.683,"LINESTRING (-6.8551905 34.0021822, -6.8553973 34.0020143)",,,,
6840277726,6840277727,0,101917979,True,service,30,driveway,2.872,"LINESTRING (-6.8553973 34.0020143, -6.8554151 34.0019931)",,,,
6840277727,21070193,0,101917979,True,service,30,driveway,3.311,"LINESTRING (-6.8554151 34.0019931, -6.8554094 34.0019637)",,,,
6850964650,3312042371,0,324493907,False,living_street,20,,5.531,"LINESTRING (-6.8347115 34.0263917, -6.8346937 34.0263442)",,,Derb El Fassi,8
6850964650,3312042370,0,324493907,False,living_street,20,,6.162,"LINESTRING (-6.8347115 34.0263917, -6.8347365 34.0264431)",,,Derb El Fassi,8
6850964658,6850964659,0,255400674,False,living_street,20,,2.981,"LINESTRING (-6.8352296 34.0292291, -6.8352208 34.0292033)",,,Rue des Consuls شارع القناصل,
6850964658,2610928464,0,255400674,False,living_street,20,,3.782,"LINESTRING (-6.8352296 34.0292291, -6.8352342 34.0292629)",,,Rue des Consuls شارع القناصل,
6850964659,6958844005,0,255400674,False,living_street,20,,39.712,"LINESTRING (-6.8352208 34.0292033, -6.8349885 34.0289025)",,,Rue des Consuls شارع القناصل,
6850964659,6850964658,0,255400674,False,living_street,20,,2.981,"LINESTRING (-6.8352208 34.0292033, -6.8352296 34.0292291)",,,Rue des Consuls شارع القناصل,
6850964671,6958844606,0,255405180,False,living_street,20,,7.344,"LINESTRING (-6.8349676 34.0269775, -6.8349351 34.0269172)",,,Rue Porte Maoun,
6850964671,6850964672,0,255405180,False,living_street,20,,7.426,"LINESTRING (-6.8349676 34.0269775, -6.8350092 34.0270347)",,,Rue Porte Maoun,
6850964672,6850964671,0,255405180,False,living_street,20,,7.426,"LINESTRING (-6.8350092 34.0270347, -6.8349676 34.0269775)",,,Rue Porte Maoun,
6850964672,2610951213,0,255405180,False,living_street,20,,2.135,"LINESTRING (-6.8350092 34.0270347, -6.8350302 34.0270266)",,,Rue Porte Maoun,
6850964674,2610975346,0,255405180,False,living_street,20,,5.421,"LINESTRING (-6.8351003 34.0272306, -6.8351523 34.0272078)",,,Rue Porte Maoun,
6850964674,6958844607,0,255405180,False,living_street,20,,14.544,"LINESTRING (-6.8351003 34.0272306, -6.8351631 34.0273506)",,,Rue Porte Maoun,
6925637362,2189092203,0,208636990,False,unclassified,20,,16.988,"LINESTRING (-6.8641438 33.9810041, -6.8640284 33.9811232)",1,,Accès principal,
6925637362,6769303589,0,208636990,False,unclassified,20,,13.707,"LINESTRING (-6.8641438 33.9810041, -6.8642369 33.980908)",1,,Accès principal,
6925637362,6925637363,0,739669222,False,service,20,,10.356,"LINESTRING (-6.8641438 33.9810041, -6.8640438 33.9810465)",,,Parking_etudiant,
6925637363,6925637362,0,739669222,False,service,20,,10.356,"LINESTRING (-6.8640438 33.9810465, -6.8641438 33.9810041)",,,Parking_etudiant,
6925637363,6925637364,0,739669222,False,service,20,,6.146,"LINESTRING (-6.8640438 33.9810465, -6.8639807 33.9810643)",,,Parking_etudiant,
6925637364,6925637363,0,739669222,False,service,20,,6.146,"LINESTRING (-6.8639807 33.9810643, -6.8640438 33.9810465)",,,Parking_etudiant,
6925637364,6925637365,0,739669222,False,service,20,,7.049,"LINESTRING (-6.8639807 33.9810643, -6.8639043 33.981062)",,,Parking_etudiant,
6925637365,6925637364,0,739669222,False,service,20,,7.049,"LINESTRING (-6.8639043 33.981062, -6.8639807 33.9810643)",,,Parking_etudiant,
6925637365,6925637366,0,739669222,False,service,20,,53.345,"LINESTRING (-6.8639043 33.981062, -6.8634416 33.980774)",,,Parking_etudiant,
6925637366,6925637365,0,739669222,False,service,20,,53.345,"LINESTRING (-6.8634416 33.980774, -6.8639043 33.981062)",,,Parking_etudiant,
6925637366,6925637367,0,739669222,False,service,20,,9.508,"LINESTRING (-6.8634416 33.980774, -6.8633491 33.9807362)",,,Parking_etudiant,
6925637367,6925637366,0,739669222,False,service,20,,9.508,"LINESTRING (-6.8633491 33.9807362, -6.8634416 33.980774)",,,Parking_etudiant,
6925637367,6925637368,0,739669222,False,service,20,,4.717,"LINESTRING (-6.8633491 33.9807362, -6.8632981 33.9807329)",,,Parking_etudiant,
6925637368,6925637367,0,739669222,False,service,20,,4.717,"LINESTRING (-6.8632981 33.9807329, -6.8633491 33.9807362)",,,Parking_etudiant,
6925637368,6925637369,0,739669222,False,service,20,,3.559,"LINESTRING (-6.8632981 33.9807329, -6.8632619 33.980744)",,,Parking_etudiant,
6925637369,6925637368,0,739669222,False,service,20,,3.559,"LINESTRING (-6.8632619 33.980744, -6.8632981 33.9807329)",,,Parking_etudiant,
6925637369,6925637370,0,739669222,False,service,20,,4.736,"LINESTRING (-6.8632619 33.980744, -6.8632337 33.9807796)",,,Parking_etudiant,
6925637370,6925637369,0,739669222,False,service,20,,4.736,"LINESTRING (-6.8632337 33.9807796, -6.8632619 33.980744)",,,Parking_etudiant,
6925637370,6925637371,0,739669222,False,service,20,,5.671,"LINESTRING (-6.8632337 33.9807796, -6.8632458 33.9808296)",,,Parking_etudiant,
6925637371,6925637370,0,739669222,False,service,20,,5.671,"LINESTRING (-6.8632458 33.9808296, -6.8632337 33.9807796)",,,Parking_etudiant,
6925637371,6925637372,0,739669222,False,service,20,,37.97,"LINESTRING (-6.8632458 33.9808296, -6.8635744 33.9810354)",,,Parking_etudiant,
6925637372,6925637371,0,739669222,False,service,20,,37.97,"LINESTRING (-6.8635744 33.9810354, -6.8632458 33.9808296)",,,Parking_etudiant,
6925637372,6769303593,0,739669222,False,service,20,,42.815,"LINESTRING (-6.8635744 33.9810354, -6.8639291 33.9812839)",,,Parking_etudiant,
6958844005,3314747532,0,255400674,False,living_street,20,,34.77,"LINESTRING (-6.8349885 34.0289025, -6.8347831 34.0286402)",,,Rue des Consuls شارع القناصل,
6958844005,6850964659,0,255400674,False,living_street,20,,39.712,"LINESTRING (-6.8349885 34.0289025, -6.8352208 34.0292033)",,,Rue des Consuls شارع القناصل,
6958844591,896412494,0,324493907,False,living_street,20,,10.177,"LINESTRING (-6.834584 34.0261339, -6.8345214 34.0260585)",,,Derb El Fassi,8
6958844591,3314827261,0,324493907,False,living_street,20,,10.911,"LINESTRING (-6.834584 34.0261339, -6.8346421 34.0262194)",,,Derb El Fassi,8
6958844594,896413590,0,324493907,False,living_street,20,,6.314,"LINESTRING (-6.8346789 34.0263022, -6.8346581 34.0262481)",,,Derb El Fassi,8
6958844594,3312042371,0,324493907,False,living_street,20,,4.865,"LINESTRING (-6.8346789 34.0263022, -6.8346937 34.0263442)",,,Derb El Fassi,8
6958844598,896416284,0,324493907,False,living_street,20,,17.003,"LINESTRING (-6.8348506 34.0266259, -6.8347651 34.0264904)",,,Derb El Fassi,8
6958844598,486077546,0,324493907,False,living_street,20,,8.373,"LINESTRING (-6.8348506 34.0266259, -6.8348847 34.0266957)",,,Derb El Fassi,8
6958844603,2610975349,0,255405180,False,living_street,20,,5.138,"LINESTRING (-6.8349043 34.0267665, -6.8348927 34.0267213)",,,Rue Porte Maoun,
6958844603,6958844604,0,255405180,False,living_street,20,,5.053,"LINESTRING (-6.8349043 34.0267665, -6.834911 34.0268116)",,,Rue Porte Maoun,
6958844604,6958844603,0,255405180,False,living_street,20,,5.053,"LINESTRING (-6.834911 34.0268116, -6.8349043 34.0267665)",,,Rue Porte Maoun,
6958844604,6958844605,0,255405180,False,living_street,20,,6.16,"LINESTRING (-6.834911 34.0268116, -6.834919 34.0268666)",,,Rue Porte Maoun,
6958844605,6958844604,0,255405180,False,living_street,20,,6.16,"LINESTRING (-6.834919 34.0268666, -6.834911 34.0268116)",,,Rue Porte Maoun,
6958844605,6958844606,0,255405180,False,living_street,20,,5.819,"LINESTRING (-6.834919 34.0268666, -6.8349351 34.0269172)",,,Rue Porte Maoun,
6958844606,6958844605,0,255405180,False,living_street,20,,5.819,"LINESTRING (-6.8349351 34.0269172, -6.834919 34.0268666)",,,Rue Porte Maoun,
6958844606,6850964671,0,255405180,False,living_street,20,,7.344,"LINESTRING (-6.8349351 34.0269172, -6.8349676 34.0269775)",,,Rue Porte Maoun,
6958844607,6850964674,0,255405180,False,living_street,20,,14.544,"LINESTRING (-6.8351631 34.0273506, -6.8351003 34.0272306)",,,Rue Porte Maoun,
6958844607,486077520,0,255405180,False,living_street,20,,16.293,"LINESTRING (-6.8351631 34.0273506, -6.8352449 34.0274805)",,,Rue Porte Maoun,
6958844608,6958844609,0,255400674,False,living_street,20,,12.808,"LINESTRING (-6.8343743 34.0281867, -6.8342679 34.0281126)",,,Rue des Consuls شارع القناصل,
6958844608,2610928465,0,255400674,False,living_street,20,,11.709,"LINESTRING (-6.8343743 34.0281867, -6.8344625 34.0282625)",,,Rue des Consuls شارع القناصل,
6958844609,486077522,0,255400674,False,living_street,20,,8.279,"LINESTRING (-6.8342679 34.0281126, -6.8341943 34.0280699)",,,Rue des Consuls شارع القناصل,
6958844609,6958844608,0,255400674,False,living_street,20,,12.808,"LINESTRING (-6.8342679 34.0281126, -6.8343743 34.0281867)",,,Rue des Consuls شارع القناصل,
6958844610,3315216439,0,279226506,False,living_street,20,,12.502,"LINESTRING (-6.8340773 34.0279997, -6.8339731 34.0279277)",,,Rue des Consuls شارع القناصل,
6958844610,486077522,0,279226506,False,living_street,20,,13.311,"LINESTRING (-6.8340773 34.0279997, -6.8341943 34.0280699)",,,Rue des Consuls شارع القناصل,
6958844612,2697105809,0,279226507,False,living_street,20,,5.4,"LINESTRING (-6.8331338 34.0271424, -6.8330957 34.0271055)",,,Rue des Consuls شارع القناصل,
6958844612,6774211913,0,279226507,False,living_street,20,,17.897,"LINESTRING (-6.8331338 34.0271424, -6.8332609 34.0272641)",,,Rue des Consuls شارع القناصل,
6958844642,896423529,0,75923998,False,pedestrian,20,,4.274,"LINESTRING (-6.8290271 34.0263416, -6.8289843 34.0263564)",,,Rue du Mellah زنقة الملاح,
6958844642,896423384,0,75923998,False,pedestrian,20,,24.741,"LINESTRING (-6.8290271 34.0263416, -6.8292749 34.026256)",,,Rue du Mellah زنقة الملاح,
6958844650,896423384,0,75923998,False,pedestrian,20,,2.516,"LINESTRING (-6.8292999 34.0262469, -6.8292749 34.026256)",,,Rue du Mellah زنقة الملاح,
6958844650,896423248,0,75923998,False,pedestrian,20,,26.206,"LINESTRING (-6.8292999 34.0262469, -6.8295604 34.0261524)",,,Rue du Mellah زنقة الملاح,
6958844662,896423611,0,75923998,False,pedestrian,20,,5.696,"LINESTRING (-6.8287718 34.0264276, -6.8287145 34.0264468)",,,Rue du Mellah زنقة الملاح,
6958844662,896423529,0,75923998,False,pedestrian,20,,21.123,"LINESTRING (-6.8287718 34.0264276, -6.8289843 34.0263564)",,,Rue du Mellah زنقة الملاح,
6958844684,896423248,0,75923998,False,pedestrian,20,,4.585,"LINESTRING (-6.8296063 34.0261365, -6.8295604 34.0261524)",,,Rue du Mellah زنقة الملاح,
6958844684,896423004,0,75923998,False,pedestrian,20,,20.488,"LINESTRING (-6.8296063 34.0261365, -6.8298113 34.0260652)",,,Rue du Mellah زنقة الملاح,
6958844685,896422133,0,75923998,False,pedestrian,20,,7.227,"LINESTRING (-6.8307424 34.0258056, -6.8306786 34.0258434)",,,Rue du Mellah زنقة الملاح,
6958844685,3315212021,0,75923998,False,pedestrian,20,,4.831,"LINESTRING (-6.8307424 34.0258056, -6.8307776 34.0257734)",,,Rue du Mellah زنقة الملاح,
6958844686,3315212021,0,75923998,False,pedestrian,20,,7.137,"LINESTRING (-6.8308286 34.0257251, -6.8307776 34.0257734)",,,Rue du Mellah زنقة الملاح,
6958844686,896422214,0,75923998,False,pedestrian,20,,8.335,"LINESTRING (-6.8308286 34.0257251, -6.8308833 34.0256654)",,,Rue du Mellah زنقة الملاح,
6969816730,5771399829,0,609299334,False,tertiary,20,,7.919,"LINESTRING (-6.851399 33.9935075, -6.851397 33.9935787)",4,,Avenue Ibn Sina شارع ابن سينا,
6969816730,2423964909,0,609299334,False,tertiary,20,,14.315,"LINESTRING (-6.851399 33.9935075, -6.8514026 33.9933788)",4,,Avenue Ibn Sina شارع ابن سينا,
7042486050,6769303591,0,208636990,False,unclassified,20,,2.706,"LINESTRING (-6.8639831 33.981328, -6.8640063 33.9813429)",1,,Accès principal,
7042486050,6769303592,0,208636990,False,unclassified,20,,4.353,"LINESTRING (-6.8639831 33.981328, -6.8639459 33.9813039)",1,,Accès principal,
7068175050,6769481212,0,721631637,False,pedestrian,20,,6.598,"LINESTRING (-6.8664831 33.9764106, -6.8664417 33.976459)",,,veto_route,
7068175050,6769481213,0,721631637,False,pedestrian,20,,7.501,"LINESTRING (-6.8664831 33.9764106, -6.8665302 33.9763556)",,,veto_route,
7068175066,7068175067,0,756777857,False,service,20,parking_aisle,4.31,"LINESTRING (-6.8669346 33.9740112, -6.8668879 33.9740127)",,,Route_Sport,
7068175067,7068175068,0,756777857,False,service,20,parking_aisle,2.969,"LINESTRING (-6.8668879 33.9740127, -6.8668557 33.9740127)",,,Route_Sport,
7068175067,7068175066,0,756777857,False,service,20,parking_aisle,4.31,"LINESTRING (-6.8668879 33.9740127, -6.8669346 33.9740112)",,,Route_Sport,
7068175068,7068175069,0,756777857,False,service,20,parking_aisle,3.002,"LINESTRING (-6.8668557 33.9740127, -6.8668236 33.9740082)",,,Route_Sport,
7068175068,7068175067,0,756777857,False,service,20,parking_aisle,2.969,"LINESTRING (-6.8668557 33.9740127, -6.8668879 33.9740127)",,,Route_Sport,
7068175069,7068175070,0,756777857,False,service,20,parking_aisle,2.888,"LINESTRING (-6.8668236 33.9740082, -6.8667967 33.9739949)",,,Route_Sport,
7068175069,7068175068,0,756777857,False,service,20,parking_aisle,3.002,"LINESTRING (-6.8668236 33.9740082, -6.8668557 33.9740127)",,,Route_Sport,
7068175070,7068175071,0,756777857,False,service,20,parking_aisle,5.878,"LINESTRING (-6.8667967 33.9739949, -6.8667377 33.9739749)",,,Route_Sport,
7068175070,7068175069,0,756777857,False,service,20,parking_aisle,2.888,"LINESTRING (-6.8667967 33.9739949, -6.8668236 33.9740082)",,,Route_Sport,
7068175071,7068175072,0,756777857,False,service,20,parking_aisle,4.372,"LINESTRING (-6.8667377 33.9739749, -6.8667029 33.9739482)",,,Route_Sport,
7068175071,7068175070,0,756777857,False,service,20,parking_aisle,5.878,"LINESTRING (-6.8667377 33.9739749, -6.8667967 33.9739949)",,,Route_Sport,
7068175072,7068175073,0,756777857,False,service,20,parking_aisle,4.063,"LINESTRING (-6.8667029 33.9739482, -6.866668 33.9739259)",,,Route_Sport,
7068175072,7068175071,0,756777857,False,service,20,parking_aisle,4.372,"LINESTRING (-6.8667029 33.9739482, -6.8667377 33.9739749)",,,Route_Sport,
7068175073,7068175074,0,756777857,False,service,20,parking_aisle,7.432,"LINESTRING (-6.866668 33.9739259, -6.8666385 33.9738637)",,,Route_Sport,
7068175073,7068175072,0,756777857,False,service,20,parking_aisle,4.063,"LINESTRING (-6.866668 33.9739259, -6.8667029 33.9739482)",,,Route_Sport,
7068175074,7068175075,0,756777857,False,service,20,parking_aisle,4.0,"LINESTRING (-6.8666385 33.9738637, -6.8666224 33.9738303)",,,Route_Sport,
7068175074,7068175073,0,756777857,False,service,20,parking_aisle,7.432,"LINESTRING (-6.8666385 33.9738637, -6.866668 33.9739259)",,,Route_Sport,
7068175075,7068175076,0,756777857,False,service,20,parking_aisle,5.973,"LINESTRING (-6.8666224 33.9738303, -6.8665956 33.9737814)",,,Route_Sport,
7068175075,7068175074,0,756777857,False,service,20,parking_aisle,4.0,"LINESTRING (-6.8666224 33.9738303, -6.8666385 33.9738637)",,,Route_Sport,
7068175076,7068175077,0,756777857,False,service,20,parking_aisle,6.876,"LINESTRING (-6.8665956 33.9737814, -6.866558 33.973728)",,,Route_Sport,
7068175076,7068175075,0,756777857,False,service,20,parking_aisle,5.973,"LINESTRING (-6.8665956 33.9737814, -6.8666224 33.9738303)",,,Route_Sport,
7068175077,7068175078,0,756777857,False,service,20,parking_aisle,9.897,"LINESTRING (-6.866558 33.973728, -6.8664936 33.9736568)",,,Route_Sport,
7068175077,7068175076,0,756777857,False,service,20,parking_aisle,6.876,"LINESTRING (-6.866558 33.973728, -6.8665956 33.9737814)",,,Route_Sport,
7068175078,7068175079,0,756777857,False,service,20,parking_aisle,6.649,"LINESTRING (-6.8664936 33.9736568, -6.86644 33.9736168)",,,Route_Sport,
7068175078,7068175077,0,756777857,False,service,20,parking_aisle,9.897,"LINESTRING (-6.8664936 33.9736568, -6.866558 33.973728)",,,Route_Sport,
7068175079,7068175080,0,756777857,False,service,20,parking_aisle,5.426,"LINESTRING (-6.86644 33.9736168, -6.8663971 33.9735834)",,,Route_Sport,
7068175079,7068175078,0,756777857,False,service,20,parking_aisle,6.649,"LINESTRING (-6.86644 33.9736168, -6.8664936 33.9736568)",,,Route_Sport,
7068175080,7068175081,0,756777857,False,service,20,parking_aisle,4.757,"LINESTRING (-6.8663971 33.9735834, -6.8663568 33.9735567)",,,Route_Sport,
7068175080,7068175079,0,756777857,False,service,20,parking_aisle,5.426,"LINESTRING (-6.8663971 33.9735834, -6.86644 33.9736168)",,,Route_Sport,
7068175081,7068175082,0,756777857,False,service,20,parking_aisle,4.4,"LINESTRING (-6.8663568 33.9735567, -6.8663273 33.9735256)",,,Route_Sport,
7068175081,7068175080,0,756777857,False,service,20,parking_aisle,4.757,"LINESTRING (-6.8663568 33.9735567, -6.8663971 33.9735834)",,,Route_Sport,
7068175082,7068175083,0,756777857,False,service,20,parking_aisle,3.681,"LINESTRING (-6.8663273 33.9735256, -6.8662978 33.9735033)",,,Route_Sport,
7068175082,7068175081,0,756777857,False,service,20,parking_aisle,4.4,"LINESTRING (-6.8663273 33.9735256, -6.8663568 33.9735567)",,,Route_Sport,
7068175083,7068175084,0,756777857,False,service,20,parking_aisle,3.565,"LINESTRING (-6.8662978 33.9735033, -6.8662764 33.9734766)",,,Route_Sport,
7068175083,7068175082,0,756777857,False,service,20,parking_aisle,3.681,"LINESTRING (-6.8662978 33.9735033, -6.8663273 33.9735256)",,,Route_Sport,
7068175084,7068187985,0,756777857,False,service,20,parking_aisle,6.018,"LINESTRING (-6.8662764 33.9734766, -6.8662549 33.9734255)",,,Route_Sport,
7068175084,7068175083,0,756777857,False,service,20,parking_aisle,3.565,"LINESTRING (-6.8662764 33.9734766, -6.8662978 33.9735033)",,,Route_Sport,
7068187985,7068187986,0,756777857,False,service,20,parking_aisle,4.847,"LINESTRING (-6.8662549 33.9734255, -6.8662273 33.9733884)",,,Route_Sport,
7068187985,7068175084,0,756777857,False,service,20,parking_aisle,6.018,"LINESTRING (-6.8662549 33.9734255, -6.8662764 33.9734766)",,,Route_Sport,
7068187986,7068187987,0,756777857,False,service,20,parking_aisle,3.673,"LINESTRING (-6.8662273 33.9733884, -6.8662217 33.9733557)",,,Route_Sport,
7068187986,7068187985,0,756777857,False,service,20,parking_aisle,4.847,"LINESTRING (-6.8662273 33.9733884, -6.8662549 33.9734255)",,,Route_Sport,
7068187987,7068187988,0,756777857,False,service,20,parking_aisle,4.257,"LINESTRING (-6.8662217 33.9733557, -6.866231 33.9733182)",,,Route_Sport,
7068187987,7068187986,0,756777857,False,service,20,parking_aisle,3.673,"LINESTRING (-6.8662217 33.9733557, -6.8662273 33.9733884)",,,Route_Sport,
7068187988,7068187989,0,756777857,False,service,20,parking_aisle,4.715,"LINESTRING (-6.866231 33.9733182, -6.8662764 33.9732987)",,,Route_Sport,
7068187988,7068187987,0,756777857,False,service,20,parking_aisle,4.257,"LINESTRING (-6.866231 33.9733182, -6.8662217 33.9733557)",,,Route_Sport,
7068187989,7068187990,0,756777857,False,service,20,parking_aisle,2.822,"LINESTRING (-6.8662764 33.9732987, -6.8662844 33.9732742)",,,Route_Sport,
7068187989,7068187988,0,756777857,False,service,20,parking_aisle,4.715,"LINESTRING (-6.8662764 33.9732987, -6.866231 33.9733182)",,,Route_Sport,
7068187990,7068187991,0,756777857,False,service,20,parking_aisle,3.216,"LINESTRING (-6.8662844 33.9732742, -6.8662978 33.9732475)",,,Route_Sport,
7068187990,7068187989,0,756777857,False,service,20,parking_aisle,2.822,"LINESTRING (-6.8662844 33.9732742, -6.8662764 33.9732987)",,,Route_Sport,
7068187991,7068187992,0,756777857,False,service,20,parking_aisle,6.666,"LINESTRING (-6.8662978 33.9732475, -6.8663354 33.9731963)",,,Route_Sport,
7068187991,7068187990,0,756777857,False,service,20,parking_aisle,3.216,"LINESTRING (-6.8662978 33.9732475, -6.8662844 33.9732742)",,,Route_Sport,
7068187992,7068187993,0,756777857,False,service,20,parking_aisle,6.986,"LINESTRING (-6.8663354 33.9731963, -6.866389 33.9731519)",,,Route_Sport,
7068187992,7068187991,0,756777857,False,service,20,parking_aisle,6.666,"LINESTRING (-6.8663354 33.9731963, -6.8662978 33.9732475)",,,Route_Sport,
7068187993,7068187994,0,756777857,False,service,20,parking_aisle,8.777,"LINESTRING (-6.866389 33.9731519, -6.8664507 33.9730918)",,,Route_Sport,
7068187993,7068187992,0,756777857,False,service,20,parking_aisle,6.986,"LINESTRING (-6.866389 33.9731519, -6.8663354 33.9731963)",,,Route_Sport,
7068187994,7068187995,0,756777857,False,service,20,parking_aisle,5.775,"LINESTRING (-6.8664507 33.9730918, -6.8664963 33.9730562)",,,Route_Sport,
7068187994,7068187993,0,756777857,False,service,20,parking_aisle,8.777,"LINESTRING (-6.8664507 33.9730918, -6.866389 33.9731519)",,,Route_Sport,
7068187995,7068187996,0,756777857,False,service,20,parking_aisle,9.659,"LINESTRING (-6.8664963 33.9730562, -6.8665634 33.9729895)",,,Route_Sport,
7068187995,7068187994,0,756777857,False,service,20,parking_aisle,5.775,"LINESTRING (-6.8664963 33.9730562, -6.8664507 33.9730918)",,,Route_Sport,
7068187996,7068187997,0,756777857,False,service,20,parking_aisle,15.47,"LINESTRING (-6.8665634 33.9729895, -6.8666699 33.972882)",,,Route_Sport,
7068187996,7068187995,0,756777857,False,service,20,parking_aisle,9.659,"LINESTRING (-6.8665634 33.9729895, -6.8664963 33.9730562)",,,Route_Sport,
7068187997,7068187998,0,756777857,False,service,20,parking_aisle,9.146,"LINESTRING (-6.8666699 33.972882, -6.8667518 33.9728356)",,,Route_Sport,
7068187997,7068187996,0,756777857,False,service,20,parking_aisle,15.47,"LINESTRING (-6.8666699 33.972882, -6.8665634 33.9729895)",,,Route_Sport,
7068187998,7068187999,0,756777857,False,service,20,parking_aisle,6.037,"LINESTRING (-6.8667518 33.9728356, -6.866786 33.9727893)",,,Route_Sport,
7068187998,7068187997,0,756777857,False,service,20,parking_aisle,9.146,"LINESTRING (-6.8667518 33.9728356, -6.8666699 33.972882)",,,Route_Sport,
7068187999,7068188000,0,756777857,False,service,20,parking_aisle,5.434,"LINESTRING (-6.866786 33.9727893, -6.8668155 33.972747)",,,Route_Sport,
7068187999,7068187998,0,756777857,False,service,20,parking_aisle,6.037,"LINESTRING (-6.866786 33.9727893, -6.8667518 33.9728356)",,,Route_Sport,
7068188000,7068188001,0,756777857,False,service,20,parking_aisle,8.303,"LINESTRING (-6.8668155 33.972747, -6.8668691 33.972687)",,,Route_Sport,
7068188000,7068187999,0,756777857,False,service,20,parking_aisle,5.434,"LINESTRING (-6.8668155 33.972747, -6.866786 33.9727893)",,,Route_Sport,
7068188001,7068188002,0,756777857,False,service,20,parking_aisle,7.431,"LINESTRING (-6.8668691 33.972687, -6.8669389 33.9726536)",,,Route_Sport,
7068188001,7068188000,0,756777857,False,service,20,parking_aisle,8.303,"LINESTRING (-6.8668691 33.972687, -6.8668155 33.972747)",,,Route_Sport,
7068188002,7068188003,0,756777857,False,service,20,parking_aisle,10.357,"LINESTRING (-6.8669389 33.9726536, -6.8670247 33.9725935)",,,Route_Sport,
7068188002,7068188001,0,756777857,False,service,20,parking_aisle,7.431,"LINESTRING (-6.8669389 33.9726536, -6.8668691 33.972687)",,,Route_Sport,
7068188003,7068188004,0,756777857,False,service,20,parking_aisle,14.058,"LINESTRING (-6.8670247 33.9725935, -6.8671105 33.972489)",,,Route_Sport,
7068188003,7068188002,0,756777857,False,service,20,parking_aisle,10.357,"LINESTRING (-6.8670247 33.9725935, -6.8669389 33.9726536)",,,Route_Sport,
7068188004,7068188005,0,756777857,False,service,20,parking_aisle,8.573,"LINESTRING (-6.8671105 33.972489, -6.8671749 33.9724334)",,,Route_Sport,
7068188004,7068188003,0,756777857,False,service,20,parking_aisle,14.058,"LINESTRING (-6.8671105 33.972489, -6.8670247 33.9725935)",,,Route_Sport,
7068188005,7068188006,0,756777857,False,service,20,parking_aisle,8.314,"LINESTRING (-6.8671749 33.9724334, -6.8672205 33.9723689)",,,Route_Sport,
7068188005,7068188004,0,756777857,False,service,20,parking_aisle,8.573,"LINESTRING (-6.8671749 33.9724334, -6.8671105 33.972489)",,,Route_Sport,
7068188006,7068188007,0,756777857,False,service,20,parking_aisle,9.702,"LINESTRING (-6.8672205 33.9723689, -6.8672849 33.9722999)",,,Route_Sport,
7068188006,7068188005,0,756777857,False,service,20,parking_aisle,8.314,"LINESTRING (-6.8672205 33.9723689, -6.8671749 33.9724334)",,,Route_Sport,
7068188007,7068188006,0,756777857,False,service,20,parking_aisle,9.702,"LINESTRING (-6.8672849 33.9722999, -6.8672205 33.9723689)",,,Route_Sport,
